388352.500 130592.500 -12.040
388352.500 130593.500 -12.062
388353.500 130592.500 -12.018
388353.500 130593.500 -12.032
388353.500 130594.500 -12.070
388354.500 130592.500 -11.968
388354.500 130593.500 -11.998
388354.500 130594.500 -12.055
388354.500 130595.500 -12.115
388354.500 130596.500 -12.140
388355.500 130592.500 -11.988
388355.500 130593.500 -12.008
388355.500 130594.500 -12.045
388355.500 130595.500 -12.098
388355.500 130596.500 -12.117
388355.500 130597.500 -12.143
388356.500 130592.500 -11.993
388356.500 130593.500 -12.015
388356.500 130594.500 -12.048
388356.500 130595.500 -12.077
388356.500 130596.500 -12.095
388356.500 130597.500 -12.128
388356.500 130598.500 -12.170
388356.500 130599.500 -12.192
388357.500 130592.500 -11.988
388357.500 130593.500 -12.005
388357.500 130594.500 -12.043
388357.500 130595.500 -12.062
388357.500 130596.500 -12.068
388357.500 130597.500 -12.110
388357.500 130598.500 -12.145
388357.500 130599.500 -12.165
388357.500 130600.500 -12.195
388358.500 130592.500 -11.990
388358.500 130593.500 -12.007
388358.500 130594.500 -12.023
388358.500 130595.500 -12.058
388358.500 130596.500 -12.060
388358.500 130597.500 -12.090
388358.500 130598.500 -12.117
388358.500 130599.500 -12.143
388358.500 130600.500 -12.183
388358.500 130601.500 -12.215
388358.500 130602.500 -12.235
388359.500 130592.500 -11.982
388359.500 130593.500 -11.997
388359.500 130594.500 -11.977
388359.500 130595.500 -12.020
388359.500 130596.500 -12.040
388359.500 130597.500 -12.085
388359.500 130598.500 -12.110
388359.500 130599.500 -12.137
388359.500 130600.500 -12.197
388359.500 130601.500 -12.220
388359.500 130602.500 -12.233
388359.500 130603.500 -12.245
388360.500 130592.500 -11.967
388360.500 130593.500 -11.920
388360.500 130594.500 -11.948
388360.500 130595.500 -12.023
388360.500 130596.500 -12.058
388360.500 130597.500 -12.082
388360.500 130598.500 -12.110
388360.500 130599.500 -12.145
388360.500 130600.500 -12.190
388360.500 130601.500 -12.207
388360.500 130602.500 -12.210
388360.500 130603.500 -12.227
388360.500 130604.500 -12.257
388360.500 130605.500 -12.277
388361.500 130592.500 -11.955
388361.500 130593.500 -11.970
388361.500 130594.500 -12.020
388361.500 130595.500 -12.040
388361.500 130596.500 -12.055
388361.500 130597.500 -12.075
388361.500 130598.500 -12.107
388361.500 130599.500 -12.145
388361.500 130600.500 -12.203
388361.500 130601.500 -12.218
388361.500 130602.500 -12.205
388361.500 130603.500 -12.223
388361.500 130604.500 -12.250
388361.500 130605.500 -12.275
388361.500 130606.500 -12.287
388362.500 130592.500 -11.948
388362.500 130593.500 -11.995
388362.500 130594.500 -12.040
388362.500 130595.500 -12.047
388362.500 130596.500 -12.045
388362.500 130597.500 -12.058
388362.500 130598.500 -12.095
388362.500 130599.500 -12.148
388362.500 130600.500 -12.198
388362.500 130601.500 -12.223
388362.500 130602.500 -12.225
388362.500 130603.500 -12.220
388362.500 130604.500 -12.242
388362.500 130605.500 -12.267
388362.500 130606.500 -12.270
388362.500 130607.500 -12.295
388363.500 130592.500 -11.935
388363.500 130593.500 -12.000
388363.500 130594.500 -12.035
388363.500 130595.500 -12.055
388363.500 130596.500 -12.067
388363.500 130597.500 -12.075
388363.500 130598.500 -12.095
388363.500 130599.500 -12.140
388363.500 130600.500 -12.188
388363.500 130601.500 -12.213
388363.500 130602.500 -12.223
388363.500 130603.500 -12.225
388363.500 130604.500 -12.242
388363.500 130605.500 -12.252
388363.500 130606.500 -12.262
388363.500 130607.500 -12.277
388363.500 130608.500 -12.295
388363.500 130609.500 -12.268
388364.500 130592.500 -11.950
388364.500 130593.500 -11.993
388364.500 130594.500 -12.015
388364.500 130595.500 -12.050
388364.500 130596.500 -12.070
388364.500 130597.500 -12.078
388364.500 130598.500 -12.107
388364.500 130599.500 -12.138
388364.500 130600.500 -12.168
388364.500 130601.500 -12.207
388364.500 130602.500 -12.220
388364.500 130603.500 -12.223
388364.500 130604.500 -12.235
388364.500 130605.500 -12.245
388364.500 130606.500 -12.248
388364.500 130607.500 -12.260
388364.500 130608.500 -12.273
388364.500 130609.500 -12.273
388364.500 130610.500 -12.255
388365.500 130592.500 -11.945
388365.500 130593.500 -11.975
388365.500 130594.500 -12.012
388365.500 130595.500 -12.037
388365.500 130596.500 -12.060
388365.500 130597.500 -12.070
388365.500 130598.500 -12.102
388365.500 130599.500 -12.135
388365.500 130600.500 -12.160
388365.500 130601.500 -12.185
388365.500 130602.500 -12.200
388365.500 130603.500 -12.208
388365.500 130604.500 -12.223
388365.500 130605.500 -12.212
388365.500 130606.500 -12.225
388365.500 130607.500 -12.240
388365.500 130608.500 -12.260
388365.500 130609.500 -12.280
388365.500 130610.500 -12.243
388365.500 130611.500 -12.258
388365.500 130612.500 -12.300
388366.500 130592.500 -11.932
388366.500 130593.500 -11.960
388366.500 130594.500 -12.000
388366.500 130595.500 -12.030
388366.500 130596.500 -12.047
388366.500 130597.500 -12.060
388366.500 130598.500 -12.087
388366.500 130599.500 -12.125
388366.500 130600.500 -12.148
388366.500 130601.500 -12.170
388366.500 130602.500 -12.195
388366.500 130603.500 -12.200
388366.500 130604.500 -12.205
388366.500 130605.500 -12.207
388366.500 130606.500 -12.200
388366.500 130607.500 -12.220
388366.500 130608.500 -12.240
388366.500 130609.500 -12.260
388366.500 130610.500 -12.252
388366.500 130611.500 -12.275
388366.500 130612.500 -12.308
388366.500 130613.500 -12.327
388495.500 130565.500 -11.250
388495.500 130566.500 -11.172
388495.500 130567.500 -11.105
388495.500 130568.500 -11.078
388495.500 130569.500 -11.032
388495.500 130570.500 -10.970
388495.500 130571.500 -10.865
388495.500 130572.500 -10.862
388495.500 130573.500 -10.885
388495.500 130574.500 -10.913
388495.500 130575.500 -10.918
388495.500 130576.500 -10.895
388495.500 130577.500 -10.852
388495.500 130578.500 -10.822
388495.500 130579.500 -10.808
388495.500 130580.500 -10.770
388495.500 130581.500 -10.743
388495.500 130582.500 -10.710
388495.500 130583.500 -10.672
388495.500 130584.500 -10.638
388495.500 130585.500 -10.595
388495.500 130586.500 -10.547
388495.500 130587.500 -10.537
388495.500 130588.500 -10.537
388495.500 130589.500 -10.527
388495.500 130590.500 -10.517
388495.500 130591.500 -10.512
388496.500 130567.500 -11.125
388496.500 130568.500 -11.093
388496.500 130569.500 -11.050
388496.500 130570.500 -10.990
388496.500 130571.500 -10.895
388496.500 130572.500 -10.875
388496.500 130573.500 -10.890
388496.500 130574.500 -10.910
388496.500 130575.500 -10.922
388496.500 130576.500 -10.915
388496.500 130577.500 -10.863
388496.500 130578.500 -10.837
388496.500 130579.500 -10.825
388496.500 130580.500 -10.787
388496.500 130581.500 -10.755
388496.500 130582.500 -10.707
388496.500 130583.500 -10.675
388496.500 130584.500 -10.650
388496.500 130585.500 -10.613
388496.500 130586.500 -10.572
388496.500 130587.500 -10.553
388496.500 130588.500 -10.535
388496.500 130589.500 -10.520
388496.500 130590.500 -10.520
388496.500 130591.500 -10.507
388497.500 130568.500 -11.125
388497.500 130569.500 -11.078
388497.500 130570.500 -10.998
388497.500 130571.500 -10.942
388497.500 130572.500 -10.910
388497.500 130573.500 -10.907
388497.500 130574.500 -10.933
388497.500 130575.500 -10.942
388497.500 130576.500 -10.930
388497.500 130577.500 -10.888
388497.500 130578.500 -10.845
388497.500 130579.500 -10.817
388497.500 130580.500 -10.802
388497.500 130581.500 -10.762
388497.500 130582.500 -10.712
388497.500 130583.500 -10.695
388497.500 130584.500 -10.648
388497.500 130585.500 -10.610
388497.500 130586.500 -10.578
388497.500 130587.500 -10.547
388497.500 130588.500 -10.522
388497.500 130589.500 -10.515
388497.500 130590.500 -10.498
388497.500 130591.500 -10.507
388498.500 130570.500 -11.042
388498.500 130571.500 -10.980
388498.500 130572.500 -10.922
388498.500 130573.500 -10.890
388498.500 130574.500 -10.938
388498.500 130575.500 -10.958
388498.500 130576.500 -10.955
388498.500 130577.500 -10.910
388498.500 130578.500 -10.852
388498.500 130579.500 -10.850
388498.500 130580.500 -10.825
388498.500 130581.500 -10.797
388498.500 130582.500 -10.738
388498.500 130583.500 -10.700
388498.500 130584.500 -10.645
388498.500 130585.500 -10.602
388498.500 130586.500 -10.572
388498.500 130587.500 -10.547
388498.500 130588.500 -10.518
388498.500 130589.500 -10.492
388498.500 130590.500 -10.475
388498.500 130591.500 -10.495
388499.500 130571.500 -10.992
388499.500 130572.500 -10.945
388499.500 130573.500 -10.928
388499.500 130574.500 -10.925
388499.500 130575.500 -10.940
388499.500 130576.500 -10.950
388499.500 130577.500 -10.930
388499.500 130578.500 -10.888
388499.500 130579.500 -10.890
388499.500 130580.500 -10.857
388499.500 130581.500 -10.808
388499.500 130582.500 -10.760
388499.500 130583.500 -10.715
388499.500 130584.500 -10.665
388499.500 130585.500 -10.617
388499.500 130586.500 -10.562
388499.500 130587.500 -10.530
388499.500 130588.500 -10.508
388499.500 130589.500 -10.480
388499.500 130590.500 -10.465
388499.500 130591.500 -10.478
388500.500 130572.500 -10.963
388500.500 130573.500 -10.930
388500.500 130574.500 -10.930
388500.500 130575.500 -10.930
388500.500 130576.500 -10.928
388500.500 130577.500 -10.930
388500.500 130578.500 -10.905
388500.500 130579.500 -10.907
388500.500 130580.500 -10.865
388500.500 130581.500 -10.818
388500.500 130582.500 -10.770
388500.500 130583.500 -10.742
388500.500 130584.500 -10.697
388500.500 130585.500 -10.635
388500.500 130586.500 -10.570
388500.500 130587.500 -10.530
388500.500 130588.500 -10.512
388500.500 130589.500 -10.492
388500.500 130590.500 -10.473
388500.500 130591.500 -10.460
388501.500 130574.500 -10.957
388501.500 130575.500 -10.922
388501.500 130576.500 -10.898
388501.500 130577.500 -10.910
388501.500 130578.500 -10.902
388501.500 130579.500 -10.902
388501.500 130580.500 -10.863
388501.500 130581.500 -10.820
388501.500 130582.500 -10.787
388501.500 130583.500 -10.755
388501.500 130584.500 -10.720
388501.500 130585.500 -10.680
388501.500 130586.500 -10.592
388501.500 130587.500 -10.543
388501.500 130588.500 -10.537
388501.500 130589.500 -10.508
388501.500 130590.500 -10.470
388501.500 130591.500 -10.465
388502.500 130575.500 -10.928
388502.500 130576.500 -10.877
388502.500 130577.500 -10.868
388502.500 130578.500 -10.888
388502.500 130579.500 -10.873
388502.500 130580.500 -10.857
388502.500 130581.500 -10.837
388502.500 130582.500 -10.803
388502.500 130583.500 -10.758
388502.500 130584.500 -10.720
388502.500 130585.500 -10.683
388502.500 130586.500 -10.617
388502.500 130587.500 -10.572
388502.500 130588.500 -10.558
388502.500 130589.500 -10.540
388502.500 130590.500 -10.505
388502.500 130591.500 -10.492
388503.500 130576.500 -10.910
388503.500 130577.500 -10.892
388503.500 130578.500 -10.917
388503.500 130579.500 -10.918
388503.500 130580.500 -10.893
388503.500 130581.500 -10.845
388503.500 130582.500 -10.785
388503.500 130583.500 -10.735
388503.500 130584.500 -10.697
388503.500 130585.500 -10.675
388503.500 130586.500 -10.638
388503.500 130587.500 -10.595
388503.500 130588.500 -10.572
388503.500 130589.500 -10.550
388503.500 130590.500 -10.530
388503.500 130591.500 -10.512
388504.500 130578.500 -10.960
388504.500 130579.500 -10.960
388504.500 130580.500 -10.912
388504.500 130581.500 -10.845
388504.500 130582.500 -10.780
388504.500 130583.500 -10.725
388504.500 130584.500 -10.705
388504.500 130585.500 -10.682
388504.500 130586.500 -10.655
388504.500 130587.500 -10.615
388504.500 130588.500 -10.585
388504.500 130589.500 -10.553
388504.500 130590.500 -10.540
388504.500 130591.500 -10.508
388505.500 130579.500 -10.982
388505.500 130580.500 -10.943
388505.500 130581.500 -10.880
388505.500 130582.500 -10.822
388505.500 130583.500 -10.770
388505.500 130584.500 -10.725
388505.500 130585.500 -10.692
388505.500 130586.500 -10.657
388505.500 130587.500 -10.638
388505.500 130588.500 -10.600
388505.500 130589.500 -10.553
388505.500 130590.500 -10.543
388505.500 130591.500 -10.497
388506.500 130581.500 -10.905
388506.500 130582.500 -10.857
388506.500 130583.500 -10.800
388506.500 130584.500 -10.743
388506.500 130585.500 -10.702
388506.500 130586.500 -10.648
388506.500 130587.500 -10.635
388506.500 130588.500 -10.615
388506.500 130589.500 -10.573
388506.500 130590.500 -10.543
388506.500 130591.500 -10.490
388507.500 130582.500 -10.890
388507.500 130583.500 -10.840
388507.500 130584.500 -10.772
388507.500 130585.500 -10.707
388507.500 130586.500 -10.638
388507.500 130587.500 -10.638
388507.500 130588.500 -10.617
388507.500 130589.500 -10.575
388507.500 130590.500 -10.540
388507.500 130591.500 -10.497
388508.500 130583.500 -10.870
388508.500 130584.500 -10.795
388508.500 130585.500 -10.732
388508.500 130586.500 -10.655
388508.500 130587.500 -10.620
388508.500 130588.500 -10.602
388508.500 130589.500 -10.575
388508.500 130590.500 -10.543
388508.500 130591.500 -10.497
388509.500 130585.500 -10.765
388509.500 130586.500 -10.670
388509.500 130587.500 -10.620
388509.500 130588.500 -10.592
388509.500 130589.500 -10.572
388509.500 130590.500 -10.543
388509.500 130591.500 -10.510
388510.500 130586.500 -10.692
388510.500 130587.500 -10.635
388510.500 130588.500 -10.600
388510.500 130589.500 -10.565
388510.500 130590.500 -10.553
388510.500 130591.500 -10.527
388511.500 130587.500 -10.675
388511.500 130588.500 -10.633
388511.500 130589.500 -10.600
388511.500 130590.500 -10.570
388511.500 130591.500 -10.550
388512.500 130589.500 -10.648
388512.500 130590.500 -10.613
388512.500 130591.500 -10.605
388513.500 130590.500 -10.638
388513.500 130591.500 -10.640
388495.500 130592.500 -10.530
388495.500 130593.500 -10.537
388495.500 130594.500 -10.562
388495.500 130595.500 -10.565
388495.500 130596.500 -10.570
388495.500 130597.500 -10.560
388495.500 130598.500 -10.563
388495.500 130599.500 -10.553
388495.500 130600.500 -10.545
388495.500 130601.500 -10.545
388495.500 130602.500 -10.550
388495.500 130603.500 -10.547
388495.500 130604.500 -10.543
388495.500 130605.500 -10.555
388495.500 130606.500 -10.595
388495.500 130607.500 -10.600
388495.500 130608.500 -10.600
388495.500 130609.500 -10.620
388495.500 130610.500 -10.643
388495.500 130611.500 -10.633
388495.500 130612.500 -10.605
388495.500 130613.500 -10.607
388495.500 130614.500 -10.615
388495.500 130615.500 -10.617
388495.500 130616.500 -10.648
388495.500 130617.500 -10.685
388496.500 130592.500 -10.525
388496.500 130593.500 -10.543
388496.500 130594.500 -10.565
388496.500 130595.500 -10.562
388496.500 130596.500 -10.572
388496.500 130597.500 -10.543
388496.500 130598.500 -10.547
388496.500 130599.500 -10.547
388496.500 130600.500 -10.537
388496.500 130601.500 -10.530
388496.500 130602.500 -10.543
388496.500 130603.500 -10.550
388496.500 130604.500 -10.558
388496.500 130605.500 -10.568
388496.500 130606.500 -10.598
388496.500 130607.500 -10.607
388496.500 130608.500 -10.620
388496.500 130609.500 -10.627
388496.500 130610.500 -10.658
388496.500 130611.500 -10.657
388496.500 130612.500 -10.640
388496.500 130613.500 -10.640
388496.500 130614.500 -10.633
388496.500 130615.500 -10.605
388496.500 130616.500 -10.627
388496.500 130617.500 -10.680
388497.500 130592.500 -10.518
388497.500 130593.500 -10.530
388497.500 130594.500 -10.547
388497.500 130595.500 -10.550
388497.500 130596.500 -10.540
388497.500 130597.500 -10.540
388497.500 130598.500 -10.553
388497.500 130599.500 -10.530
388497.500 130600.500 -10.515
388497.500 130601.500 -10.527
388497.500 130602.500 -10.537
388497.500 130603.500 -10.553
388497.500 130604.500 -10.565
388497.500 130605.500 -10.582
388497.500 130606.500 -10.598
388497.500 130607.500 -10.635
388497.500 130608.500 -10.635
388497.500 130609.500 -10.645
388497.500 130610.500 -10.665
388497.500 130611.500 -10.665
388497.500 130612.500 -10.660
388497.500 130613.500 -10.662
388497.500 130614.500 -10.660
388497.500 130615.500 -10.650
388497.500 130616.500 -10.643
388498.500 130592.500 -10.502
388498.500 130593.500 -10.508
388498.500 130594.500 -10.527
388498.500 130595.500 -10.537
388498.500 130596.500 -10.545
388498.500 130597.500 -10.547
388498.500 130598.500 -10.535
388498.500 130599.500 -10.518
388498.500 130600.500 -10.522
388498.500 130601.500 -10.543
388498.500 130602.500 -10.553
388498.500 130603.500 -10.558
388498.500 130604.500 -10.570
388498.500 130605.500 -10.588
388498.500 130606.500 -10.615
388498.500 130607.500 -10.648
388498.500 130608.500 -10.635
388498.500 130609.500 -10.643
388498.500 130610.500 -10.647
388498.500 130611.500 -10.670
388498.500 130612.500 -10.675
388498.500 130613.500 -10.678
388498.500 130614.500 -10.672
388498.500 130615.500 -10.670
388499.500 130592.500 -10.488
388499.500 130593.500 -10.508
388499.500 130594.500 -10.515
388499.500 130595.500 -10.527
388499.500 130596.500 -10.537
388499.500 130597.500 -10.520
388499.500 130598.500 -10.515
388499.500 130599.500 -10.515
388499.500 130600.500 -10.525
388499.500 130601.500 -10.543
388499.500 130602.500 -10.562
388499.500 130603.500 -10.555
388499.500 130604.500 -10.565
388499.500 130605.500 -10.600
388499.500 130606.500 -10.637
388499.500 130607.500 -10.655
388499.500 130608.500 -10.638
388499.500 130609.500 -10.633
388499.500 130610.500 -10.648
388499.500 130611.500 -10.675
388499.500 130612.500 -10.692
388499.500 130613.500 -10.692
388499.500 130614.500 -10.675
388499.500 130615.500 -10.672
388500.500 130592.500 -10.483
388500.500 130593.500 -10.502
388500.500 130594.500 -10.498
388500.500 130595.500 -10.510
388500.500 130596.500 -10.505
388500.500 130597.500 -10.515
388500.500 130598.500 -10.523
388500.500 130599.500 -10.512
388500.500 130600.500 -10.508
388500.500 130601.500 -10.512
388500.500 130602.500 -10.540
388500.500 130603.500 -10.537
388500.500 130604.500 -10.578
388500.500 130605.500 -10.617
388500.500 130606.500 -10.647
388500.500 130607.500 -10.655
388500.500 130608.500 -10.633
388500.500 130609.500 -10.628
388500.500 130610.500 -10.652
388500.500 130611.500 -10.685
388500.500 130612.500 -10.682
388500.500 130613.500 -10.698
388500.500 130614.500 -10.688
388501.500 130592.500 -10.477
388501.500 130593.500 -10.505
388501.500 130594.500 -10.488
388501.500 130595.500 -10.488
388501.500 130596.500 -10.493
388501.500 130597.500 -10.512
388501.500 130598.500 -10.510
388501.500 130599.500 -10.508
388501.500 130600.500 -10.495
388501.500 130601.500 -10.488
388501.500 130602.500 -10.530
388501.500 130603.500 -10.550
388501.500 130604.500 -10.580
388501.500 130605.500 -10.617
388501.500 130606.500 -10.650
388501.500 130607.500 -10.658
388501.500 130608.500 -10.630
388501.500 130609.500 -10.615
388501.500 130610.500 -10.637
388501.500 130611.500 -10.690
388501.500 130612.500 -10.695
388501.500 130613.500 -10.698
388502.500 130592.500 -10.505
388502.500 130593.500 -10.517
388502.500 130594.500 -10.488
388502.500 130595.500 -10.480
388502.500 130596.500 -10.492
388502.500 130597.500 -10.490
388502.500 130598.500 -10.488
388502.500 130599.500 -10.492
388502.500 130600.500 -10.500
388502.500 130601.500 -10.495
388502.500 130602.500 -10.512
388502.500 130603.500 -10.555
388502.500 130604.500 -10.602
388502.500 130605.500 -10.633
388502.500 130606.500 -10.650
388502.500 130607.500 -10.652
388502.500 130608.500 -10.633
388502.500 130609.500 -10.625
388502.500 130610.500 -10.643
388502.500 130611.500 -10.685
388502.500 130612.500 -10.697
388502.500 130613.500 -10.690
388503.500 130592.500 -10.498
388503.500 130593.500 -10.495
388503.500 130594.500 -10.485
388503.500 130595.500 -10.483
388503.500 130596.500 -10.495
388503.500 130597.500 -10.488
388503.500 130598.500 -10.490
388503.500 130599.500 -10.505
388503.500 130600.500 -10.498
388503.500 130601.500 -10.492
388503.500 130602.500 -10.515
388503.500 130603.500 -10.545
388503.500 130604.500 -10.587
388503.500 130605.500 -10.617
388503.500 130606.500 -10.628
388503.500 130607.500 -10.635
388503.500 130608.500 -10.628
388503.500 130609.500 -10.623
388503.500 130610.500 -10.643
388503.500 130611.500 -10.690
388503.500 130612.500 -10.695
388504.500 130592.500 -10.488
388504.500 130593.500 -10.485
388504.500 130594.500 -10.492
388504.500 130595.500 -10.498
388504.500 130596.500 -10.477
388504.500 130597.500 -10.465
388504.500 130598.500 -10.485
388504.500 130599.500 -10.493
388504.500 130600.500 -10.492
388504.500 130601.500 -10.508
388504.500 130602.500 -10.502
388504.500 130603.500 -10.537
388504.500 130604.500 -10.575
388504.500 130605.500 -10.600
388504.500 130606.500 -10.612
388504.500 130607.500 -10.622
388504.500 130608.500 -10.620
388504.500 130609.500 -10.630
388504.500 130610.500 -10.645
388504.500 130611.500 -10.670
388504.500 130612.500 -10.682
388505.500 130592.500 -10.465
388505.500 130593.500 -10.478
388505.500 130594.500 -10.478
388505.500 130595.500 -10.485
388505.500 130596.500 -10.463
388505.500 130597.500 -10.467
388505.500 130598.500 -10.470
388505.500 130599.500 -10.485
388505.500 130600.500 -10.500
388505.500 130601.500 -10.530
388505.500 130602.500 -10.520
388505.500 130603.500 -10.548
388505.500 130604.500 -10.585
388505.500 130605.500 -10.602
388505.500 130606.500 -10.615
388505.500 130607.500 -10.615
388505.500 130608.500 -10.615
388505.500 130609.500 -10.620
388505.500 130610.500 -10.630
388505.500 130611.500 -10.630
388506.500 130592.500 -10.463
388506.500 130593.500 -10.467
388506.500 130594.500 -10.470
388506.500 130595.500 -10.468
388506.500 130596.500 -10.473
388506.500 130597.500 -10.470
388506.500 130598.500 -10.475
388506.500 130599.500 -10.457
388506.500 130600.500 -10.480
388506.500 130601.500 -10.515
388506.500 130602.500 -10.527
388506.500 130603.500 -10.547
388506.500 130604.500 -10.570
388506.500 130605.500 -10.590
388506.500 130606.500 -10.603
388506.500 130607.500 -10.605
388506.500 130608.500 -10.603
388506.500 130609.500 -10.602
388506.500 130610.500 -10.607
388507.500 130592.500 -10.475
388507.500 130593.500 -10.465
388507.500 130594.500 -10.460
388507.500 130595.500 -10.457
388507.500 130596.500 -10.470
388507.500 130597.500 -10.478
388507.500 130598.500 -10.468
388507.500 130599.500 -10.460
388507.500 130600.500 -10.485
388507.500 130601.500 -10.498
388507.500 130602.500 -10.540
388507.500 130603.500 -10.543
388507.500 130604.500 -10.560
388507.500 130605.500 -10.593
388507.500 130606.500 -10.598
388507.500 130607.500 -10.595
388507.500 130608.500 -10.602
388507.500 130609.500 -10.598
388507.500 130610.500 -10.598
388508.500 130592.500 -10.485
388508.500 130593.500 -10.473
388508.500 130594.500 -10.453
388508.500 130595.500 -10.442
388508.500 130596.500 -10.453
388508.500 130597.500 -10.473
388508.500 130598.500 -10.470
388508.500 130599.500 -10.473
388508.500 130600.500 -10.483
388508.500 130601.500 -10.512
388508.500 130602.500 -10.540
388508.500 130603.500 -10.537
388508.500 130604.500 -10.545
388508.500 130605.500 -10.585
388508.500 130606.500 -10.595
388508.500 130607.500 -10.598
388508.500 130608.500 -10.602
388508.500 130609.500 -10.600
388509.500 130592.500 -10.488
388509.500 130593.500 -10.477
388509.500 130594.500 -10.465
388509.500 130595.500 -10.425
388509.500 130596.500 -10.447
388509.500 130597.500 -10.475
388509.500 130598.500 -10.473
388509.500 130599.500 -10.475
388509.500 130600.500 -10.495
388509.500 130601.500 -10.525
388509.500 130602.500 -10.543
388509.500 130603.500 -10.537
388509.500 130604.500 -10.543
388509.500 130605.500 -10.565
388509.500 130606.500 -10.575
388509.500 130607.500 -10.582
388509.500 130608.500 -10.595
388510.500 130592.500 -10.515
388510.500 130593.500 -10.517
388510.500 130594.500 -10.478
388510.500 130595.500 -10.440
388510.500 130596.500 -10.453
388510.500 130597.500 -10.463
388510.500 130598.500 -10.462
388510.500 130599.500 -10.463
388510.500 130600.500 -10.495
388510.500 130601.500 -10.517
388510.500 130602.500 -10.545
388510.500 130603.500 -10.545
388510.500 130604.500 -10.553
388510.500 130605.500 -10.553
388510.500 130606.500 -10.553
388510.500 130607.500 -10.562
388510.500 130608.500 -10.570
388511.500 130592.500 -10.558
388511.500 130593.500 -10.543
388511.500 130594.500 -10.495
388511.500 130595.500 -10.460
388511.500 130596.500 -10.455
388511.500 130597.500 -10.450
388511.500 130598.500 -10.440
388511.500 130599.500 -10.457
388511.500 130600.500 -10.503
388511.500 130601.500 -10.522
388511.500 130602.500 -10.545
388511.500 130603.500 -10.543
388511.500 130604.500 -10.547
388511.500 130605.500 -10.553
388511.500 130606.500 -10.545
388511.500 130607.500 -10.550
388512.500 130592.500 -10.580
388512.500 130593.500 -10.537
388512.500 130594.500 -10.498
388512.500 130595.500 -10.473
388512.500 130596.500 -10.457
388512.500 130597.500 -10.445
388512.500 130598.500 -10.428
388512.500 130599.500 -10.453
388512.500 130600.500 -10.518
388512.500 130601.500 -10.532
388512.500 130602.500 -10.532
388512.500 130603.500 -10.537
388512.500 130604.500 -10.540
388512.500 130605.500 -10.555
388512.500 130606.500 -10.550
388513.500 130592.500 -10.600
388513.500 130593.500 -10.540
388513.500 130594.500 -10.490
388513.500 130595.500 -10.485
388513.500 130596.500 -10.453
388513.500 130597.500 -10.450
388513.500 130598.500 -10.423
388513.500 130599.500 -10.477
388513.500 130600.500 -10.535
388513.500 130601.500 -10.543
388513.500 130602.500 -10.537
388513.500 130603.500 -10.537
388513.500 130604.500 -10.535
388513.500 130605.500 -10.547
388513.500 130606.500 -10.545
388514.500 130592.500 -10.607
388514.500 130593.500 -10.555
388514.500 130594.500 -10.490
388514.500 130595.500 -10.488
388514.500 130596.500 -10.457
388514.500 130597.500 -10.445
388514.500 130598.500 -10.435
388514.500 130599.500 -10.513
388514.500 130600.500 -10.550
388514.500 130601.500 -10.555
388514.500 130602.500 -10.547
388514.500 130603.500 -10.535
388514.500 130604.500 -10.522
388514.500 130605.500 -10.525
388515.500 130593.500 -10.558
388515.500 130594.500 -10.505
388515.500 130595.500 -10.510
388515.500 130596.500 -10.475
388515.500 130597.500 -10.447
388515.500 130598.500 -10.460
388515.500 130599.500 -10.518
388515.500 130600.500 -10.545
388515.500 130601.500 -10.545
388515.500 130602.500 -10.547
388515.500 130603.500 -10.520
388515.500 130604.500 -10.512
388515.500 130605.500 -10.527
388516.500 130594.500 -10.543
388516.500 130595.500 -10.537
388516.500 130596.500 -10.510
388516.500 130597.500 -10.470
388516.500 130598.500 -10.495
388516.500 130599.500 -10.515
388516.500 130600.500 -10.555
388516.500 130601.500 -10.558
388516.500 130602.500 -10.535
388516.500 130603.500 -10.510
388516.500 130604.500 -10.508
388517.500 130596.500 -10.518
388517.500 130597.500 -10.498
388517.500 130598.500 -10.495
388517.500 130599.500 -10.530
388517.500 130600.500 -10.547
388517.500 130601.500 -10.550
388517.500 130602.500 -10.555
388517.500 130603.500 -10.532
388518.500 130597.500 -10.540
388518.500 130598.500 -10.518
388518.500 130599.500 -10.570
388518.500 130600.500 -10.580
388518.500 130601.500 -10.575
388518.500 130602.500 -10.553
388518.500 130603.500 -10.525
388519.500 130598.500 -10.523
388519.500 130599.500 -10.570
388519.500 130600.500 -10.580
388519.500 130601.500 -10.572
388519.500 130602.500 -10.532
388520.500 130600.500 -10.568
388520.500 130601.500 -10.545
388521.500 130601.500 -10.572
388316.500 130540.500 -11.692
388316.500 130541.500 -11.723
388317.500 130540.500 -11.705
388317.500 130541.500 -11.725
388317.500 130542.500 -11.738
388318.500 130539.500 -11.708
388318.500 130540.500 -11.698
388318.500 130541.500 -11.703
388318.500 130542.500 -11.723
388318.500 130543.500 -11.707
388318.500 130544.500 -11.700
388319.500 130538.500 -11.710
388319.500 130539.500 -11.715
388319.500 130540.500 -11.708
388319.500 130541.500 -11.705
388319.500 130542.500 -11.710
388319.500 130543.500 -11.703
388319.500 130544.500 -11.713
388319.500 130545.500 -11.720
388320.500 130538.500 -11.697
388320.500 130539.500 -11.710
388320.500 130540.500 -11.728
388320.500 130541.500 -11.720
388320.500 130542.500 -11.720
388320.500 130543.500 -11.727
388320.500 130544.500 -11.737
388320.500 130545.500 -11.755
388320.500 130546.500 -11.795
388321.500 130537.500 -11.715
388321.500 130538.500 -11.728
388321.500 130539.500 -11.728
388321.500 130540.500 -11.750
388321.500 130541.500 -11.770
388321.500 130542.500 -11.767
388321.500 130543.500 -11.762
388321.500 130544.500 -11.752
388321.500 130545.500 -11.765
388321.500 130546.500 -11.793
388321.500 130547.500 -11.803
388321.500 130548.500 -11.842
388322.500 130536.500 -11.675
388322.500 130537.500 -11.707
388322.500 130538.500 -11.723
388322.500 130539.500 -11.738
388322.500 130540.500 -11.762
388322.500 130541.500 -11.790
388322.500 130542.500 -11.775
388322.500 130543.500 -11.755
388322.500 130544.500 -11.742
388322.500 130545.500 -11.770
388322.500 130546.500 -11.805
388322.500 130547.500 -11.823
388322.500 130548.500 -11.878
388322.500 130549.500 -11.908
388323.500 130536.500 -11.710
388323.500 130537.500 -11.733
388323.500 130538.500 -11.755
388323.500 130539.500 -11.772
388323.500 130540.500 -11.805
388323.500 130541.500 -11.815
388323.500 130542.500 -11.802
388323.500 130543.500 -11.777
388323.500 130544.500 -11.765
388323.500 130545.500 -11.793
388323.500 130546.500 -11.832
388323.500 130547.500 -11.848
388323.500 130548.500 -11.895
388323.500 130549.500 -11.928
388323.500 130550.500 -11.920
388323.500 130551.500 -11.900
388324.500 130535.500 -11.707
388324.500 130536.500 -11.735
388324.500 130537.500 -11.762
388324.500 130538.500 -11.787
388324.500 130539.500 -11.787
388324.500 130540.500 -11.800
388324.500 130541.500 -11.810
388324.500 130542.500 -11.815
388324.500 130543.500 -11.807
388324.500 130544.500 -11.805
388324.500 130545.500 -11.822
388324.500 130546.500 -11.845
388324.500 130547.500 -11.862
388324.500 130548.500 -11.870
388324.500 130549.500 -11.890
388324.500 130550.500 -11.907
388324.500 130551.500 -11.888
388324.500 130552.500 -11.870
388325.500 130534.500 -11.695
388325.500 130535.500 -11.710
388325.500 130536.500 -11.725
388325.500 130537.500 -11.762
388325.500 130538.500 -11.773
388325.500 130539.500 -11.773
388325.500 130540.500 -11.785
388325.500 130541.500 -11.820
388325.500 130542.500 -11.820
388325.500 130543.500 -11.822
388325.500 130544.500 -11.822
388325.500 130545.500 -11.848
388325.500 130546.500 -11.857
388325.500 130547.500 -11.855
388325.500 130548.500 -11.850
388325.500 130549.500 -11.862
388325.500 130550.500 -11.883
388325.500 130551.500 -11.885
388325.500 130552.500 -11.867
388325.500 130553.500 -11.862
388325.500 130554.500 -11.888
388326.500 130534.500 -11.720
388326.500 130535.500 -11.730
388326.500 130536.500 -11.748
388326.500 130537.500 -11.743
388326.500 130538.500 -11.760
388326.500 130539.500 -11.782
388326.500 130540.500 -11.800
388326.500 130541.500 -11.832
388326.500 130542.500 -11.840
388326.500 130543.500 -11.830
388326.500 130544.500 -11.825
388326.500 130545.500 -11.855
388326.500 130546.500 -11.852
388326.500 130547.500 -11.840
388326.500 130548.500 -11.820
388326.500 130549.500 -11.828
388326.500 130550.500 -11.832
388326.500 130551.500 -11.873
388326.500 130552.500 -11.870
388326.500 130553.500 -11.860
388326.500 130554.500 -11.888
388326.500 130555.500 -11.893
388327.500 130533.500 -11.695
388327.500 130534.500 -11.715
388327.500 130535.500 -11.723
388327.500 130536.500 -11.740
388327.500 130537.500 -11.750
388327.500 130538.500 -11.762
388327.500 130539.500 -11.790
388327.500 130540.500 -11.820
388327.500 130541.500 -11.865
388327.500 130542.500 -11.887
388327.500 130543.500 -11.837
388327.500 130544.500 -11.830
388327.500 130545.500 -11.840
388327.500 130546.500 -11.837
388327.500 130547.500 -11.820
388327.500 130548.500 -11.803
388327.500 130549.500 -11.797
388327.500 130550.500 -11.790
388327.500 130551.500 -11.832
388327.500 130552.500 -11.857
388327.500 130553.500 -11.848
388327.500 130554.500 -11.870
388327.500 130555.500 -11.888
388327.500 130556.500 -11.893
388327.500 130557.500 -11.897
388328.500 130532.500 -11.645
388328.500 130533.500 -11.670
388328.500 130534.500 -11.688
388328.500 130535.500 -11.700
388328.500 130536.500 -11.707
388328.500 130537.500 -11.730
388328.500 130538.500 -11.740
388328.500 130539.500 -11.762
388328.500 130540.500 -11.822
388328.500 130541.500 -11.890
388328.500 130542.500 -11.905
388328.500 130543.500 -11.842
388328.500 130544.500 -11.815
388328.500 130545.500 -11.830
388328.500 130546.500 -11.815
388328.500 130547.500 -11.808
388328.500 130548.500 -11.783
388328.500 130549.500 -11.745
388328.500 130550.500 -11.760
388328.500 130551.500 -11.775
388328.500 130552.500 -11.818
388328.500 130553.500 -11.810
388328.500 130554.500 -11.848
388328.500 130555.500 -11.872
388328.500 130556.500 -11.867
388328.500 130557.500 -11.893
388328.500 130558.500 -11.900
388329.500 130532.500 -11.628
388329.500 130533.500 -11.633
388329.500 130534.500 -11.665
388329.500 130535.500 -11.655
388329.500 130536.500 -11.685
388329.500 130537.500 -11.700
388329.500 130538.500 -11.710
388329.500 130539.500 -11.752
388329.500 130540.500 -11.807
388329.500 130541.500 -11.865
388329.500 130542.500 -11.860
388329.500 130543.500 -11.805
388329.500 130544.500 -11.790
388329.500 130545.500 -11.820
388329.500 130546.500 -11.798
388329.500 130547.500 -11.797
388329.500 130548.500 -11.797
388329.500 130549.500 -11.780
388329.500 130550.500 -11.742
388329.500 130551.500 -11.723
388329.500 130552.500 -11.773
388329.500 130553.500 -11.800
388329.500 130554.500 -11.803
388329.500 130555.500 -11.835
388329.500 130556.500 -11.853
388329.500 130557.500 -11.870
388329.500 130558.500 -11.885
388329.500 130559.500 -11.872
388329.500 130560.500 -11.865
388330.500 130531.500 -11.615
388330.500 130532.500 -11.600
388330.500 130533.500 -11.598
388330.500 130534.500 -11.633
388330.500 130535.500 -11.650
388330.500 130536.500 -11.675
388330.500 130537.500 -11.695
388330.500 130538.500 -11.692
388330.500 130539.500 -11.723
388330.500 130540.500 -11.752
388330.500 130541.500 -11.790
388330.500 130542.500 -11.800
388330.500 130543.500 -11.762
388330.500 130544.500 -11.770
388330.500 130545.500 -11.787
388330.500 130546.500 -11.785
388330.500 130547.500 -11.795
388330.500 130548.500 -11.790
388330.500 130549.500 -11.772
388330.500 130550.500 -11.732
388330.500 130551.500 -11.720
388330.500 130552.500 -11.740
388330.500 130553.500 -11.785
388330.500 130554.500 -11.780
388330.500 130555.500 -11.810
388330.500 130556.500 -11.835
388330.500 130557.500 -11.857
388330.500 130558.500 -11.865
388330.500 130559.500 -11.845
388330.500 130560.500 -11.838
388330.500 130561.500 -11.850
388331.500 130530.500 -11.545
388331.500 130531.500 -11.578
388331.500 130532.500 -11.578
388331.500 130533.500 -11.572
388331.500 130534.500 -11.605
388331.500 130535.500 -11.633
388331.500 130536.500 -11.672
388331.500 130537.500 -11.685
388331.500 130538.500 -11.692
388331.500 130539.500 -11.685
388331.500 130540.500 -11.708
388331.500 130541.500 -11.733
388331.500 130542.500 -11.748
388331.500 130543.500 -11.738
388331.500 130544.500 -11.745
388331.500 130545.500 -11.765
388331.500 130546.500 -11.773
388331.500 130547.500 -11.770
388331.500 130548.500 -11.755
388331.500 130549.500 -11.735
388331.500 130550.500 -11.738
388331.500 130551.500 -11.715
388331.500 130552.500 -11.713
388331.500 130553.500 -11.748
388331.500 130554.500 -11.755
388331.500 130555.500 -11.775
388331.500 130556.500 -11.803
388331.500 130557.500 -11.815
388331.500 130558.500 -11.825
388331.500 130559.500 -11.825
388331.500 130560.500 -11.820
388331.500 130561.500 -11.830
388331.500 130562.500 -11.842
388332.500 130530.500 -11.515
388332.500 130531.500 -11.535
388332.500 130532.500 -11.548
388332.500 130533.500 -11.542
388332.500 130534.500 -11.572
388332.500 130535.500 -11.615
388332.500 130536.500 -11.645
388332.500 130537.500 -11.658
388332.500 130538.500 -11.670
388332.500 130539.500 -11.680
388332.500 130540.500 -11.698
388332.500 130541.500 -11.707
388332.500 130542.500 -11.717
388332.500 130543.500 -11.715
388332.500 130544.500 -11.720
388332.500 130545.500 -11.735
388332.500 130546.500 -11.742
388332.500 130547.500 -11.725
388332.500 130548.500 -11.702
388332.500 130549.500 -11.700
388332.500 130550.500 -11.727
388332.500 130551.500 -11.715
388332.500 130552.500 -11.708
388332.500 130553.500 -11.715
388332.500 130554.500 -11.733
388332.500 130555.500 -11.742
388332.500 130556.500 -11.758
388332.500 130557.500 -11.775
388332.500 130558.500 -11.790
388332.500 130559.500 -11.798
388332.500 130560.500 -11.803
388332.500 130561.500 -11.818
388332.500 130562.500 -11.822
388332.500 130563.500 -11.840
388332.500 130564.500 -11.848
388333.500 130529.500 -11.520
388333.500 130530.500 -11.505
388333.500 130531.500 -11.523
388333.500 130532.500 -11.527
388333.500 130533.500 -11.510
388333.500 130534.500 -11.550
388333.500 130535.500 -11.590
388333.500 130536.500 -11.615
388333.500 130537.500 -11.635
388333.500 130538.500 -11.665
388333.500 130539.500 -11.672
388333.500 130540.500 -11.670
388333.500 130541.500 -11.690
388333.500 130542.500 -11.690
388333.500 130543.500 -11.680
388333.500 130544.500 -11.697
388333.500 130545.500 -11.702
388333.500 130546.500 -11.705
388333.500 130547.500 -11.692
388333.500 130548.500 -11.658
388333.500 130549.500 -11.668
388333.500 130550.500 -11.700
388333.500 130551.500 -11.703
388333.500 130552.500 -11.698
388333.500 130553.500 -11.703
388333.500 130554.500 -11.717
388333.500 130555.500 -11.725
388333.500 130556.500 -11.733
388333.500 130557.500 -11.760
388333.500 130558.500 -11.773
388333.500 130559.500 -11.772
388333.500 130560.500 -11.790
388333.500 130561.500 -11.788
388333.500 130562.500 -11.805
388333.500 130563.500 -11.810
388333.500 130564.500 -11.820
388333.500 130565.500 -11.830
388334.500 130528.500 -11.520
388334.500 130529.500 -11.520
388334.500 130530.500 -11.498
388334.500 130531.500 -11.512
388334.500 130532.500 -11.523
388334.500 130533.500 -11.515
388334.500 130534.500 -11.525
388334.500 130535.500 -11.562
388334.500 130536.500 -11.585
388334.500 130537.500 -11.615
388334.500 130538.500 -11.643
388334.500 130539.500 -11.648
388334.500 130540.500 -11.652
388334.500 130541.500 -11.670
388334.500 130542.500 -11.682
388334.500 130543.500 -11.670
388334.500 130544.500 -11.660
388334.500 130545.500 -11.658
388334.500 130546.500 -11.665
388334.500 130547.500 -11.660
388334.500 130548.500 -11.627
388334.500 130549.500 -11.650
388334.500 130550.500 -11.673
388334.500 130551.500 -11.690
388334.500 130552.500 -11.695
388334.500 130553.500 -11.710
388334.500 130554.500 -11.703
388334.500 130555.500 -11.718
388334.500 130556.500 -11.713
388334.500 130557.500 -11.730
388334.500 130558.500 -11.743
388334.500 130559.500 -11.748
388334.500 130560.500 -11.775
388334.500 130561.500 -11.790
388334.500 130562.500 -11.790
388334.500 130563.500 -11.795
388334.500 130564.500 -11.800
388334.500 130565.500 -11.822
388334.500 130566.500 -11.825
388334.500 130567.500 -11.835
388335.500 130528.500 -11.495
388335.500 130529.500 -11.493
388335.500 130530.500 -11.493
388335.500 130531.500 -11.512
388335.500 130532.500 -11.525
388335.500 130533.500 -11.512
388335.500 130534.500 -11.518
388335.500 130535.500 -11.535
388335.500 130536.500 -11.547
388335.500 130537.500 -11.572
388335.500 130538.500 -11.600
388335.500 130539.500 -11.625
388335.500 130540.500 -11.630
388335.500 130541.500 -11.655
388335.500 130542.500 -11.665
388335.500 130543.500 -11.645
388335.500 130544.500 -11.638
388335.500 130545.500 -11.630
388335.500 130546.500 -11.630
388335.500 130547.500 -11.607
388335.500 130548.500 -11.602
388335.500 130549.500 -11.628
388335.500 130550.500 -11.633
388335.500 130551.500 -11.660
388335.500 130552.500 -11.678
388335.500 130553.500 -11.692
388335.500 130554.500 -11.692
388335.500 130555.500 -11.700
388335.500 130556.500 -11.685
388335.500 130557.500 -11.715
388335.500 130558.500 -11.735
388335.500 130559.500 -11.742
388335.500 130560.500 -11.765
388335.500 130561.500 -11.782
388335.500 130562.500 -11.780
388335.500 130563.500 -11.790
388335.500 130564.500 -11.795
388335.500 130565.500 -11.815
388335.500 130566.500 -11.812
388335.500 130567.500 -11.822
388335.500 130568.500 -11.838
388336.500 130527.500 -11.448
388336.500 130528.500 -11.470
388336.500 130529.500 -11.478
388336.500 130530.500 -11.468
388336.500 130531.500 -11.465
388336.500 130532.500 -11.495
388336.500 130533.500 -11.488
388336.500 130534.500 -11.483
388336.500 130535.500 -11.507
388336.500 130536.500 -11.515
388336.500 130537.500 -11.530
388336.500 130538.500 -11.560
388336.500 130539.500 -11.590
388336.500 130540.500 -11.607
388336.500 130541.500 -11.630
388336.500 130542.500 -11.648
388336.500 130543.500 -11.635
388336.500 130544.500 -11.620
388336.500 130545.500 -11.612
388336.500 130546.500 -11.605
388336.500 130547.500 -11.595
388336.500 130548.500 -11.593
388336.500 130549.500 -11.605
388336.500 130550.500 -11.625
388336.500 130551.500 -11.638
388336.500 130552.500 -11.648
388336.500 130553.500 -11.675
388336.500 130554.500 -11.682
388336.500 130555.500 -11.687
388336.500 130556.500 -11.675
388336.500 130557.500 -11.690
388336.500 130558.500 -11.705
388336.500 130559.500 -11.717
388336.500 130560.500 -11.740
388336.500 130561.500 -11.762
388336.500 130562.500 -11.772
388336.500 130563.500 -11.780
388336.500 130564.500 -11.787
388336.500 130565.500 -11.800
388336.500 130566.500 -11.803
388336.500 130567.500 -11.805
388336.500 130568.500 -11.827
388336.500 130569.500 -11.843
388336.500 130570.500 -11.853
388337.500 130526.500 -11.425
388337.500 130527.500 -11.412
388337.500 130528.500 -11.430
388337.500 130529.500 -11.430
388337.500 130530.500 -11.428
388337.500 130531.500 -11.412
388337.500 130532.500 -11.445
388337.500 130533.500 -11.455
388337.500 130534.500 -11.447
388337.500 130535.500 -11.467
388337.500 130536.500 -11.485
388337.500 130537.500 -11.510
388337.500 130538.500 -11.515
388337.500 130539.500 -11.547
388337.500 130540.500 -11.593
388337.500 130541.500 -11.612
388337.500 130542.500 -11.623
388337.500 130543.500 -11.622
388337.500 130544.500 -11.612
388337.500 130545.500 -11.595
388337.500 130546.500 -11.568
388337.500 130547.500 -11.585
388337.500 130548.500 -11.595
388337.500 130549.500 -11.600
388337.500 130550.500 -11.612
388337.500 130551.500 -11.610
388337.500 130552.500 -11.633
388337.500 130553.500 -11.660
388337.500 130554.500 -11.673
388337.500 130555.500 -11.675
388337.500 130556.500 -11.680
388337.500 130557.500 -11.672
388337.500 130558.500 -11.685
388337.500 130559.500 -11.690
388337.500 130560.500 -11.713
388337.500 130561.500 -11.735
388337.500 130562.500 -11.755
388337.500 130563.500 -11.770
388337.500 130564.500 -11.775
388337.500 130565.500 -11.780
388337.500 130566.500 -11.790
388337.500 130567.500 -11.788
388337.500 130568.500 -11.810
388337.500 130569.500 -11.825
388337.500 130570.500 -11.835
388337.500 130571.500 -11.850
388338.500 130526.500 -11.405
388338.500 130527.500 -11.372
388338.500 130528.500 -11.382
388338.500 130529.500 -11.388
388338.500 130530.500 -11.405
388338.500 130531.500 -11.393
388338.500 130532.500 -11.395
388338.500 130533.500 -11.405
388338.500 130534.500 -11.410
388338.500 130535.500 -11.422
388338.500 130536.500 -11.452
388338.500 130537.500 -11.470
388338.500 130538.500 -11.480
388338.500 130539.500 -11.498
388338.500 130540.500 -11.530
388338.500 130541.500 -11.535
388338.500 130542.500 -11.578
388338.500 130543.500 -11.598
388338.500 130544.500 -11.592
388338.500 130545.500 -11.555
388338.500 130546.500 -11.532
388338.500 130547.500 -11.565
388338.500 130548.500 -11.575
388338.500 130549.500 -11.603
388338.500 130550.500 -11.587
388338.500 130551.500 -11.610
388338.500 130552.500 -11.630
388338.500 130553.500 -11.647
388338.500 130554.500 -11.668
388338.500 130555.500 -11.662
388338.500 130556.500 -11.665
388338.500 130557.500 -11.645
388338.500 130558.500 -11.665
388338.500 130559.500 -11.672
388338.500 130560.500 -11.690
388338.500 130561.500 -11.715
388338.500 130562.500 -11.730
388338.500 130563.500 -11.738
388338.500 130564.500 -11.745
388338.500 130565.500 -11.748
388338.500 130566.500 -11.770
388338.500 130567.500 -11.777
388338.500 130568.500 -11.785
388338.500 130569.500 -11.800
388338.500 130570.500 -11.815
388338.500 130571.500 -11.827
388338.500 130572.500 -11.848
388338.500 130573.500 -11.865
388339.500 130525.500 -11.360
388339.500 130526.500 -11.375
388339.500 130527.500 -11.362
388339.500 130528.500 -11.362
388339.500 130529.500 -11.370
388339.500 130530.500 -11.380
388339.500 130531.500 -11.380
388339.500 130532.500 -11.355
388339.500 130533.500 -11.370
388339.500 130534.500 -11.390
388339.500 130535.500 -11.377
388339.500 130536.500 -11.398
388339.500 130537.500 -11.413
388339.500 130538.500 -11.455
388339.500 130539.500 -11.463
388339.500 130540.500 -11.482
388339.500 130541.500 -11.500
388339.500 130542.500 -11.535
388339.500 130543.500 -11.562
388339.500 130544.500 -11.553
388339.500 130545.500 -11.532
388339.500 130546.500 -11.520
388339.500 130547.500 -11.537
388339.500 130548.500 -11.535
388339.500 130549.500 -11.570
388339.500 130550.500 -11.587
388339.500 130551.500 -11.582
388339.500 130552.500 -11.607
388339.500 130553.500 -11.620
388339.500 130554.500 -11.637
388339.500 130555.500 -11.643
388339.500 130556.500 -11.635
388339.500 130557.500 -11.610
388339.500 130558.500 -11.627
388339.500 130559.500 -11.632
388339.500 130560.500 -11.663
388339.500 130561.500 -11.688
388339.500 130562.500 -11.700
388339.500 130563.500 -11.718
388339.500 130564.500 -11.725
388339.500 130565.500 -11.725
388339.500 130566.500 -11.750
388339.500 130567.500 -11.760
388339.500 130568.500 -11.765
388339.500 130569.500 -11.780
388339.500 130570.500 -11.782
388339.500 130571.500 -11.790
388339.500 130572.500 -11.818
388339.500 130573.500 -11.835
388339.500 130574.500 -11.822
388340.500 130524.500 -11.295
388340.500 130525.500 -11.325
388340.500 130526.500 -11.348
388340.500 130527.500 -11.350
388340.500 130528.500 -11.365
388340.500 130529.500 -11.357
388340.500 130530.500 -11.365
388340.500 130531.500 -11.380
388340.500 130532.500 -11.355
388340.500 130533.500 -11.355
388340.500 130534.500 -11.370
388340.500 130535.500 -11.355
388340.500 130536.500 -11.365
388340.500 130537.500 -11.375
388340.500 130538.500 -11.415
388340.500 130539.500 -11.440
388340.500 130540.500 -11.447
388340.500 130541.500 -11.473
388340.500 130542.500 -11.492
388340.500 130543.500 -11.500
388340.500 130544.500 -11.503
388340.500 130545.500 -11.505
388340.500 130546.500 -11.502
388340.500 130547.500 -11.512
388340.500 130548.500 -11.520
388340.500 130549.500 -11.530
388340.500 130550.500 -11.558
388340.500 130551.500 -11.568
388340.500 130552.500 -11.577
388340.500 130553.500 -11.585
388340.500 130554.500 -11.590
388340.500 130555.500 -11.605
388340.500 130556.500 -11.617
388340.500 130557.500 -11.582
388340.500 130558.500 -11.590
388340.500 130559.500 -11.598
388340.500 130560.500 -11.625
388340.500 130561.500 -11.665
388340.500 130562.500 -11.678
388340.500 130563.500 -11.695
388340.500 130564.500 -11.700
388340.500 130565.500 -11.703
388340.500 130566.500 -11.715
388340.500 130567.500 -11.725
388340.500 130568.500 -11.728
388340.500 130569.500 -11.750
388340.500 130570.500 -11.758
388340.500 130571.500 -11.765
388340.500 130572.500 -11.787
388340.500 130573.500 -11.792
388340.500 130574.500 -11.797
388340.500 130575.500 -11.815
388340.500 130576.500 -11.848
388341.500 130524.500 -11.265
388341.500 130525.500 -11.290
388341.500 130526.500 -11.320
388341.500 130527.500 -11.348
388341.500 130528.500 -11.353
388341.500 130529.500 -11.348
388341.500 130530.500 -11.353
388341.500 130531.500 -11.357
388341.500 130532.500 -11.357
388341.500 130533.500 -11.348
388341.500 130534.500 -11.367
388341.500 130535.500 -11.360
388341.500 130536.500 -11.335
388341.500 130537.500 -11.332
388341.500 130538.500 -11.365
388341.500 130539.500 -11.402
388341.500 130540.500 -11.418
388341.500 130541.500 -11.432
388341.500 130542.500 -11.438
388341.500 130543.500 -11.445
388341.500 130544.500 -11.465
388341.500 130545.500 -11.495
388341.500 130546.500 -11.495
388341.500 130547.500 -11.495
388341.500 130548.500 -11.502
388341.500 130549.500 -11.517
388341.500 130550.500 -11.527
388341.500 130551.500 -11.545
388341.500 130552.500 -11.547
388341.500 130553.500 -11.548
388341.500 130554.500 -11.547
388341.500 130555.500 -11.562
388341.500 130556.500 -11.580
388341.500 130557.500 -11.573
388341.500 130558.500 -11.575
388341.500 130559.500 -11.578
388341.500 130560.500 -11.590
388341.500 130561.500 -11.620
388341.500 130562.500 -11.643
388341.500 130563.500 -11.658
388341.500 130564.500 -11.668
388341.500 130565.500 -11.665
388341.500 130566.500 -11.672
388341.500 130567.500 -11.688
388341.500 130568.500 -11.692
388341.500 130569.500 -11.717
388341.500 130570.500 -11.728
388341.500 130571.500 -11.748
388341.500 130572.500 -11.765
388341.500 130573.500 -11.768
388341.500 130574.500 -11.775
388341.500 130575.500 -11.802
388341.500 130576.500 -11.822
388341.500 130577.500 -11.837
388342.500 130523.500 -11.243
388342.500 130524.500 -11.245
388342.500 130525.500 -11.277
388342.500 130526.500 -11.300
388342.500 130527.500 -11.325
388342.500 130528.500 -11.330
388342.500 130529.500 -11.325
388342.500 130530.500 -11.337
388342.500 130531.500 -11.338
388342.500 130532.500 -11.343
388342.500 130533.500 -11.342
388342.500 130534.500 -11.372
388342.500 130535.500 -11.350
388342.500 130536.500 -11.312
388342.500 130537.500 -11.308
388342.500 130538.500 -11.318
388342.500 130539.500 -11.348
388342.500 130540.500 -11.373
388342.500 130541.500 -11.385
388342.500 130542.500 -11.405
388342.500 130543.500 -11.442
388342.500 130544.500 -11.457
388342.500 130545.500 -11.465
388342.500 130546.500 -11.475
388342.500 130547.500 -11.470
388342.500 130548.500 -11.485
388342.500 130549.500 -11.505
388342.500 130550.500 -11.518
388342.500 130551.500 -11.512
388342.500 130552.500 -11.520
388342.500 130553.500 -11.508
388342.500 130554.500 -11.515
388342.500 130555.500 -11.532
388342.500 130556.500 -11.545
388342.500 130557.500 -11.550
388342.500 130558.500 -11.558
388342.500 130559.500 -11.555
388342.500 130560.500 -11.568
388342.500 130561.500 -11.595
388342.500 130562.500 -11.605
388342.500 130563.500 -11.625
388342.500 130564.500 -11.635
388342.500 130565.500 -11.633
388342.500 130566.500 -11.645
388342.500 130567.500 -11.665
388342.500 130568.500 -11.672
388342.500 130569.500 -11.682
388342.500 130570.500 -11.695
388342.500 130571.500 -11.717
388342.500 130572.500 -11.735
388342.500 130573.500 -11.735
388342.500 130574.500 -11.745
388342.500 130575.500 -11.760
388342.500 130576.500 -11.785
388342.500 130577.500 -11.800
388342.500 130578.500 -11.810
388343.500 130522.500 -11.180
388343.500 130523.500 -11.205
388343.500 130524.500 -11.238
388343.500 130525.500 -11.260
388343.500 130526.500 -11.285
388343.500 130527.500 -11.292
388343.500 130528.500 -11.310
388343.500 130529.500 -11.315
388343.500 130530.500 -11.325
388343.500 130531.500 -11.315
388343.500 130532.500 -11.318
388343.500 130533.500 -11.330
388343.500 130534.500 -11.340
388343.500 130535.500 -11.320
388343.500 130536.500 -11.300
388343.500 130537.500 -11.295
388343.500 130538.500 -11.295
388343.500 130539.500 -11.312
388343.500 130540.500 -11.322
388343.500 130541.500 -11.348
388343.500 130542.500 -11.385
388343.500 130543.500 -11.422
388343.500 130544.500 -11.442
388343.500 130545.500 -11.445
388343.500 130546.500 -11.450
388343.500 130547.500 -11.453
388343.500 130548.500 -11.465
388343.500 130549.500 -11.478
388343.500 130550.500 -11.478
388343.500 130551.500 -11.475
388343.500 130552.500 -11.485
388343.500 130553.500 -11.490
388343.500 130554.500 -11.490
388343.500 130555.500 -11.512
388343.500 130556.500 -11.512
388343.500 130557.500 -11.508
388343.500 130558.500 -11.520
388343.500 130559.500 -11.532
388343.500 130560.500 -11.550
388343.500 130561.500 -11.560
388343.500 130562.500 -11.570
388343.500 130563.500 -11.592
388343.500 130564.500 -11.600
388343.500 130565.500 -11.602
388343.500 130566.500 -11.617
388343.500 130567.500 -11.630
388343.500 130568.500 -11.643
388343.500 130569.500 -11.660
388343.500 130570.500 -11.668
388343.500 130571.500 -11.670
388343.500 130572.500 -11.692
388343.500 130573.500 -11.700
388343.500 130574.500 -11.707
388343.500 130575.500 -11.730
388343.500 130576.500 -11.745
388343.500 130577.500 -11.770
388343.500 130578.500 -11.780
388343.500 130579.500 -11.792
388343.500 130580.500 -11.812
388344.500 130522.500 -11.145
388344.500 130523.500 -11.170
388344.500 130524.500 -11.235
388344.500 130525.500 -11.252
388344.500 130526.500 -11.255
388344.500 130527.500 -11.273
388344.500 130528.500 -11.290
388344.500 130529.500 -11.297
388344.500 130530.500 -11.295
388344.500 130531.500 -11.275
388344.500 130532.500 -11.275
388344.500 130533.500 -11.277
388344.500 130534.500 -11.295
388344.500 130535.500 -11.303
388344.500 130536.500 -11.283
388344.500 130537.500 -11.280
388344.500 130538.500 -11.285
388344.500 130539.500 -11.285
388344.500 130540.500 -11.282
388344.500 130541.500 -11.308
388344.500 130542.500 -11.360
388344.500 130543.500 -11.393
388344.500 130544.500 -11.402
388344.500 130545.500 -11.410
388344.500 130546.500 -11.415
388344.500 130547.500 -11.402
388344.500 130548.500 -11.418
388344.500 130549.500 -11.440
388344.500 130550.500 -11.457
388344.500 130551.500 -11.470
388344.500 130552.500 -11.473
388344.500 130553.500 -11.475
388344.500 130554.500 -11.478
388344.500 130555.500 -11.485
388344.500 130556.500 -11.475
388344.500 130557.500 -11.463
388344.500 130558.500 -11.498
388344.500 130559.500 -11.490
388344.500 130560.500 -11.512
388344.500 130561.500 -11.535
388344.500 130562.500 -11.530
388344.500 130563.500 -11.535
388344.500 130564.500 -11.558
388344.500 130565.500 -11.570
388344.500 130566.500 -11.588
388344.500 130567.500 -11.592
388344.500 130568.500 -11.600
388344.500 130569.500 -11.620
388344.500 130570.500 -11.643
388344.500 130571.500 -11.640
388344.500 130572.500 -11.650
388344.500 130573.500 -11.658
388344.500 130574.500 -11.678
388344.500 130575.500 -11.705
388344.500 130576.500 -11.728
388344.500 130577.500 -11.738
388344.500 130578.500 -11.752
388344.500 130579.500 -11.765
388344.500 130580.500 -11.775
388344.500 130581.500 -11.805
388345.500 130521.500 -11.180
388345.500 130522.500 -11.138
388345.500 130523.500 -11.172
388345.500 130524.500 -11.230
388345.500 130525.500 -11.240
388345.500 130526.500 -11.238
388345.500 130527.500 -11.248
388345.500 130528.500 -11.260
388345.500 130529.500 -11.270
388345.500 130530.500 -11.260
388345.500 130531.500 -11.245
388345.500 130532.500 -11.245
388345.500 130533.500 -11.240
388345.500 130534.500 -11.250
388345.500 130535.500 -11.270
388345.500 130536.500 -11.283
388345.500 130537.500 -11.265
388345.500 130538.500 -11.255
388345.500 130539.500 -11.282
388345.500 130540.500 -11.305
388345.500 130541.500 -11.305
388345.500 130542.500 -11.327
388345.500 130543.500 -11.352
388345.500 130544.500 -11.365
388345.500 130545.500 -11.367
388345.500 130546.500 -11.373
388345.500 130547.500 -11.390
388345.500 130548.500 -11.405
388345.500 130549.500 -11.420
388345.500 130550.500 -11.455
388345.500 130551.500 -11.467
388345.500 130552.500 -11.477
388345.500 130553.500 -11.475
388345.500 130554.500 -11.473
388345.500 130555.500 -11.473
388345.500 130556.500 -11.465
388345.500 130557.500 -11.455
388345.500 130558.500 -11.480
388345.500 130559.500 -11.470
388345.500 130560.500 -11.463
388345.500 130561.500 -11.478
388345.500 130562.500 -11.502
388345.500 130563.500 -11.505
388345.500 130564.500 -11.508
388345.500 130565.500 -11.540
388345.500 130566.500 -11.560
388345.500 130567.500 -11.555
388345.500 130568.500 -11.560
388345.500 130569.500 -11.590
388345.500 130570.500 -11.603
388345.500 130571.500 -11.603
388345.500 130572.500 -11.623
388345.500 130573.500 -11.630
388345.500 130574.500 -11.645
388345.500 130575.500 -11.682
388345.500 130576.500 -11.715
388345.500 130577.500 -11.723
388345.500 130578.500 -11.730
388345.500 130579.500 -11.743
388345.500 130580.500 -11.755
388345.500 130581.500 -11.782
388345.500 130582.500 -11.800
388345.500 130583.500 -11.817
388346.500 130520.500 -11.203
388346.500 130521.500 -11.232
388346.500 130522.500 -11.195
388346.500 130523.500 -11.182
388346.500 130524.500 -11.197
388346.500 130525.500 -11.225
388346.500 130526.500 -11.218
388346.500 130527.500 -11.225
388346.500 130528.500 -11.248
388346.500 130529.500 -11.242
388346.500 130530.500 -11.238
388346.500 130531.500 -11.227
388346.500 130532.500 -11.225
388346.500 130533.500 -11.220
388346.500 130534.500 -11.210
388346.500 130535.500 -11.223
388346.500 130536.500 -11.248
388346.500 130537.500 -11.228
388346.500 130538.500 -11.225
388346.500 130539.500 -11.230
388346.500 130540.500 -11.275
388346.500 130541.500 -11.285
388346.500 130542.500 -11.288
388346.500 130543.500 -11.312
388346.500 130544.500 -11.343
388346.500 130545.500 -11.357
388346.500 130546.500 -11.370
388346.500 130547.500 -11.383
388346.500 130548.500 -11.393
388346.500 130549.500 -11.405
388346.500 130550.500 -11.420
388346.500 130551.500 -11.440
388346.500 130552.500 -11.455
388346.500 130553.500 -11.453
388346.500 130554.500 -11.453
388346.500 130555.500 -11.460
388346.500 130556.500 -11.455
388346.500 130557.500 -11.440
388346.500 130558.500 -11.447
388346.500 130559.500 -11.440
388346.500 130560.500 -11.445
388346.500 130561.500 -11.445
388346.500 130562.500 -11.452
388346.500 130563.500 -11.480
388346.500 130564.500 -11.515
388346.500 130565.500 -11.525
388346.500 130566.500 -11.542
388346.500 130567.500 -11.540
388346.500 130568.500 -11.555
388346.500 130569.500 -11.565
388346.500 130570.500 -11.578
388346.500 130571.500 -11.575
388346.500 130572.500 -11.585
388346.500 130573.500 -11.598
388346.500 130574.500 -11.615
388346.500 130575.500 -11.650
388346.500 130576.500 -11.675
388346.500 130577.500 -11.695
388346.500 130578.500 -11.710
388346.500 130579.500 -11.720
388346.500 130580.500 -11.728
388346.500 130581.500 -11.755
388346.500 130582.500 -11.782
388346.500 130583.500 -11.803
388346.500 130584.500 -11.850
388347.500 130520.500 -11.210
388347.500 130521.500 -11.275
388347.500 130522.500 -11.252
388347.500 130523.500 -11.212
388347.500 130524.500 -11.172
388347.500 130525.500 -11.190
388347.500 130526.500 -11.193
388347.500 130527.500 -11.185
388347.500 130528.500 -11.213
388347.500 130529.500 -11.217
388347.500 130530.500 -11.220
388347.500 130531.500 -11.215
388347.500 130532.500 -11.220
388347.500 130533.500 -11.202
388347.500 130534.500 -11.180
388347.500 130535.500 -11.183
388347.500 130536.500 -11.218
388347.500 130537.500 -11.227
388347.500 130538.500 -11.220
388347.500 130539.500 -11.198
388347.500 130540.500 -11.235
388347.500 130541.500 -11.265
388347.500 130542.500 -11.275
388347.500 130543.500 -11.290
388347.500 130544.500 -11.318
388347.500 130545.500 -11.343
388347.500 130546.500 -11.367
388347.500 130547.500 -11.375
388347.500 130548.500 -11.365
388347.500 130549.500 -11.370
388347.500 130550.500 -11.385
388347.500 130551.500 -11.418
388347.500 130552.500 -11.425
388347.500 130553.500 -11.428
388347.500 130554.500 -11.430
388347.500 130555.500 -11.440
388347.500 130556.500 -11.435
388347.500 130557.500 -11.415
388347.500 130558.500 -11.420
388347.500 130559.500 -11.407
388347.500 130560.500 -11.407
388347.500 130561.500 -11.442
388347.500 130562.500 -11.465
388347.500 130563.500 -11.470
388347.500 130564.500 -11.493
388347.500 130565.500 -11.505
388347.500 130566.500 -11.515
388347.500 130567.500 -11.523
388347.500 130568.500 -11.540
388347.500 130569.500 -11.542
388347.500 130570.500 -11.548
388347.500 130571.500 -11.545
388347.500 130572.500 -11.553
388347.500 130573.500 -11.568
388347.500 130574.500 -11.587
388347.500 130575.500 -11.613
388347.500 130576.500 -11.638
388347.500 130577.500 -11.660
388347.500 130578.500 -11.675
388347.500 130579.500 -11.692
388347.500 130580.500 -11.707
388347.500 130581.500 -11.738
388347.500 130582.500 -11.757
388347.500 130583.500 -11.775
388347.500 130584.500 -11.793
388347.500 130585.500 -11.830
388347.500 130586.500 -11.865
388348.500 130519.500 -11.123
388348.500 130520.500 -11.172
388348.500 130521.500 -11.245
388348.500 130522.500 -11.277
388348.500 130523.500 -11.242
388348.500 130524.500 -11.155
388348.500 130525.500 -11.157
388348.500 130526.500 -11.165
388348.500 130527.500 -11.145
388348.500 130528.500 -11.185
388348.500 130529.500 -11.208
388348.500 130530.500 -11.227
388348.500 130531.500 -11.225
388348.500 130532.500 -11.220
388348.500 130533.500 -11.203
388348.500 130534.500 -11.195
388348.500 130535.500 -11.173
388348.500 130536.500 -11.213
388348.500 130537.500 -11.245
388348.500 130538.500 -11.207
388348.500 130539.500 -11.188
388348.500 130540.500 -11.228
388348.500 130541.500 -11.238
388348.500 130542.500 -11.250
388348.500 130543.500 -11.267
388348.500 130544.500 -11.305
388348.500 130545.500 -11.332
388348.500 130546.500 -11.350
388348.500 130547.500 -11.345
388348.500 130548.500 -11.360
388348.500 130549.500 -11.365
388348.500 130550.500 -11.355
388348.500 130551.500 -11.405
388348.500 130552.500 -11.402
388348.500 130553.500 -11.405
388348.500 130554.500 -11.405
388348.500 130555.500 -11.425
388348.500 130556.500 -11.410
388348.500 130557.500 -11.393
388348.500 130558.500 -11.400
388348.500 130559.500 -11.402
388348.500 130560.500 -11.398
388348.500 130561.500 -11.412
388348.500 130562.500 -11.418
388348.500 130563.500 -11.440
388348.500 130564.500 -11.463
388348.500 130565.500 -11.473
388348.500 130566.500 -11.488
388348.500 130567.500 -11.493
388348.500 130568.500 -11.510
388348.500 130569.500 -11.520
388348.500 130570.500 -11.522
388348.500 130571.500 -11.520
388348.500 130572.500 -11.548
388348.500 130573.500 -11.568
388348.500 130574.500 -11.572
388348.500 130575.500 -11.598
388348.500 130576.500 -11.617
388348.500 130577.500 -11.640
388348.500 130578.500 -11.663
388348.500 130579.500 -11.675
388348.500 130580.500 -11.672
388348.500 130581.500 -11.703
388348.500 130582.500 -11.728
388348.500 130583.500 -11.740
388348.500 130584.500 -11.758
388348.500 130585.500 -11.792
388348.500 130586.500 -11.833
388348.500 130587.500 -11.885
388349.500 130518.500 -11.132
388349.500 130519.500 -11.078
388349.500 130520.500 -11.092
388349.500 130521.500 -11.188
388349.500 130522.500 -11.242
388349.500 130523.500 -11.227
388349.500 130524.500 -11.133
388349.500 130525.500 -11.095
388349.500 130526.500 -11.127
388349.500 130527.500 -11.138
388349.500 130528.500 -11.160
388349.500 130529.500 -11.195
388349.500 130530.500 -11.215
388349.500 130531.500 -11.223
388349.500 130532.500 -11.225
388349.500 130533.500 -11.230
388349.500 130534.500 -11.215
388349.500 130535.500 -11.188
388349.500 130536.500 -11.205
388349.500 130537.500 -11.230
388349.500 130538.500 -11.188
388349.500 130539.500 -11.180
388349.500 130540.500 -11.223
388349.500 130541.500 -11.233
388349.500 130542.500 -11.233
388349.500 130543.500 -11.245
388349.500 130544.500 -11.282
388349.500 130545.500 -11.315
388349.500 130546.500 -11.330
388349.500 130547.500 -11.330
388349.500 130548.500 -11.340
388349.500 130549.500 -11.337
388349.500 130550.500 -11.350
388349.500 130551.500 -11.385
388349.500 130552.500 -11.397
388349.500 130553.500 -11.395
388349.500 130554.500 -11.388
388349.500 130555.500 -11.410
388349.500 130556.500 -11.395
388349.500 130557.500 -11.383
388349.500 130558.500 -11.370
388349.500 130559.500 -11.375
388349.500 130560.500 -11.380
388349.500 130561.500 -11.380
388349.500 130562.500 -11.395
388349.500 130563.500 -11.422
388349.500 130564.500 -11.430
388349.500 130565.500 -11.440
388349.500 130566.500 -11.457
388349.500 130567.500 -11.468
388349.500 130568.500 -11.477
388349.500 130569.500 -11.495
388349.500 130570.500 -11.508
388349.500 130571.500 -11.523
388349.500 130572.500 -11.540
388349.500 130573.500 -11.555
388349.500 130574.500 -11.570
388349.500 130575.500 -11.582
388349.500 130576.500 -11.603
388349.500 130577.500 -11.625
388349.500 130578.500 -11.655
388349.500 130579.500 -11.670
388349.500 130580.500 -11.652
388349.500 130581.500 -11.675
388349.500 130582.500 -11.687
388349.500 130583.500 -11.705
388349.500 130584.500 -11.742
388349.500 130585.500 -11.787
388349.500 130586.500 -11.820
388349.500 130587.500 -11.862
388349.500 130588.500 -11.918
388349.500 130589.500 -11.988
388350.500 130518.500 -11.135
388350.500 130519.500 -11.080
388350.500 130520.500 -11.015
388350.500 130521.500 -11.130
388350.500 130522.500 -11.205
388350.500 130523.500 -11.180
388350.500 130524.500 -11.117
388350.500 130525.500 -11.018
388350.500 130526.500 -11.065
388350.500 130527.500 -11.115
388350.500 130528.500 -11.135
388350.500 130529.500 -11.165
388350.500 130530.500 -11.175
388350.500 130531.500 -11.210
388350.500 130532.500 -11.233
388350.500 130533.500 -11.230
388350.500 130534.500 -11.215
388350.500 130535.500 -11.195
388350.500 130536.500 -11.198
388350.500 130537.500 -11.140
388350.500 130538.500 -11.133
388350.500 130539.500 -11.185
388350.500 130540.500 -11.225
388350.500 130541.500 -11.233
388350.500 130542.500 -11.218
388350.500 130543.500 -11.233
388350.500 130544.500 -11.265
388350.500 130545.500 -11.305
388350.500 130546.500 -11.330
388350.500 130547.500 -11.315
388350.500 130548.500 -11.327
388350.500 130549.500 -11.328
388350.500 130550.500 -11.332
388350.500 130551.500 -11.355
388350.500 130552.500 -11.373
388350.500 130553.500 -11.388
388350.500 130554.500 -11.385
388350.500 130555.500 -11.388
388350.500 130556.500 -11.365
388350.500 130557.500 -11.355
388350.500 130558.500 -11.353
388350.500 130559.500 -11.348
388350.500 130560.500 -11.365
388350.500 130561.500 -11.365
388350.500 130562.500 -11.367
388350.500 130563.500 -11.402
388350.500 130564.500 -11.407
388350.500 130565.500 -11.405
388350.500 130566.500 -11.435
388350.500 130567.500 -11.460
388350.500 130568.500 -11.463
388350.500 130569.500 -11.465
388350.500 130570.500 -11.478
388350.500 130571.500 -11.498
388350.500 130572.500 -11.517
388350.500 130573.500 -11.532
388350.500 130574.500 -11.555
388350.500 130575.500 -11.568
388350.500 130576.500 -11.585
388350.500 130577.500 -11.605
388350.500 130578.500 -11.628
388350.500 130579.500 -11.648
388350.500 130580.500 -11.638
388350.500 130581.500 -11.670
388350.500 130582.500 -11.678
388350.500 130583.500 -11.685
388350.500 130584.500 -11.730
388350.500 130585.500 -11.777
388350.500 130586.500 -11.805
388350.500 130587.500 -11.848
388350.500 130588.500 -11.893
388350.500 130589.500 -11.960
388350.500 130590.500 -12.008
388351.500 130517.500 -11.045
388351.500 130518.500 -11.113
388351.500 130519.500 -11.103
388351.500 130520.500 -11.053
388351.500 130521.500 -11.095
388351.500 130522.500 -11.152
388351.500 130523.500 -11.140
388351.500 130524.500 -11.070
388351.500 130525.500 -10.985
388351.500 130526.500 -11.002
388351.500 130527.500 -11.050
388351.500 130528.500 -11.113
388351.500 130529.500 -11.158
388351.500 130530.500 -11.175
388351.500 130531.500 -11.197
388351.500 130532.500 -11.207
388351.500 130533.500 -11.220
388351.500 130534.500 -11.220
388351.500 130535.500 -11.215
388351.500 130536.500 -11.195
388351.500 130537.500 -11.080
388351.500 130538.500 -11.065
388351.500 130539.500 -11.135
388351.500 130540.500 -11.212
388351.500 130541.500 -11.232
388351.500 130542.500 -11.238
388351.500 130543.500 -11.242
388351.500 130544.500 -11.275
388351.500 130545.500 -11.297
388351.500 130546.500 -11.308
388351.500 130547.500 -11.325
388351.500 130548.500 -11.352
388351.500 130549.500 -11.342
388351.500 130550.500 -11.338
388351.500 130551.500 -11.335
388351.500 130552.500 -11.350
388351.500 130553.500 -11.373
388351.500 130554.500 -11.402
388351.500 130555.500 -11.395
388351.500 130556.500 -11.365
388351.500 130557.500 -11.340
388351.500 130558.500 -11.338
388351.500 130559.500 -11.337
388351.500 130560.500 -11.333
388351.500 130561.500 -11.332
388351.500 130562.500 -11.337
388351.500 130563.500 -11.360
388351.500 130564.500 -11.395
388351.500 130565.500 -11.400
388351.500 130566.500 -11.420
388351.500 130567.500 -11.430
388351.500 130568.500 -11.445
388351.500 130569.500 -11.453
388351.500 130570.500 -11.458
388351.500 130571.500 -11.467
388351.500 130572.500 -11.488
388351.500 130573.500 -11.503
388351.500 130574.500 -11.527
388351.500 130575.500 -11.553
388351.500 130576.500 -11.560
388351.500 130577.500 -11.582
388351.500 130578.500 -11.610
388351.500 130579.500 -11.630
388351.500 130580.500 -11.640
388351.500 130581.500 -11.668
388351.500 130582.500 -11.670
388351.500 130583.500 -11.663
388351.500 130584.500 -11.700
388351.500 130585.500 -11.765
388351.500 130586.500 -11.790
388351.500 130587.500 -11.832
388351.500 130588.500 -11.865
388351.500 130589.500 -11.912
388351.500 130590.500 -11.973
388351.500 130591.500 -12.015
388352.500 130516.500 -11.045
388352.500 130517.500 -11.055
388352.500 130518.500 -11.075
388352.500 130519.500 -11.105
388352.500 130520.500 -11.098
388352.500 130521.500 -11.075
388352.500 130522.500 -11.080
388352.500 130523.500 -11.112
388352.500 130524.500 -11.050
388352.500 130525.500 -10.973
388352.500 130526.500 -11.008
388352.500 130527.500 -11.025
388352.500 130528.500 -11.115
388352.500 130529.500 -11.170
388352.500 130530.500 -11.182
388352.500 130531.500 -11.185
388352.500 130532.500 -11.200
388352.500 130533.500 -11.218
388352.500 130534.500 -11.232
388352.500 130535.500 -11.228
388352.500 130536.500 -11.145
388352.500 130537.500 -11.105
388352.500 130538.500 -11.053
388352.500 130539.500 -11.057
388352.500 130540.500 -11.190
388352.500 130541.500 -11.240
388352.500 130542.500 -11.250
388352.500 130543.500 -11.248
388352.500 130544.500 -11.280
388352.500 130545.500 -11.315
388352.500 130546.500 -11.330
388352.500 130547.500 -11.332
388352.500 130548.500 -11.352
388352.500 130549.500 -11.360
388352.500 130550.500 -11.362
388352.500 130551.500 -11.355
388352.500 130552.500 -11.350
388352.500 130553.500 -11.372
388352.500 130554.500 -11.397
388352.500 130555.500 -11.385
388352.500 130556.500 -11.367
388352.500 130557.500 -11.360
388352.500 130558.500 -11.337
388352.500 130559.500 -11.332
388352.500 130560.500 -11.320
388352.500 130561.500 -11.303
388352.500 130562.500 -11.315
388352.500 130563.500 -11.335
388352.500 130564.500 -11.373
388352.500 130565.500 -11.385
388352.500 130566.500 -11.395
388352.500 130567.500 -11.413
388352.500 130568.500 -11.422
388352.500 130569.500 -11.432
388352.500 130570.500 -11.430
388352.500 130571.500 -11.440
388352.500 130572.500 -11.450
388352.500 130573.500 -11.465
388352.500 130574.500 -11.505
388352.500 130575.500 -11.523
388352.500 130576.500 -11.550
388352.500 130577.500 -11.575
388352.500 130578.500 -11.590
388352.500 130579.500 -11.603
388352.500 130580.500 -11.637
388352.500 130581.500 -11.660
388352.500 130582.500 -11.678
388352.500 130583.500 -11.673
388352.500 130584.500 -11.690
388352.500 130585.500 -11.742
388352.500 130586.500 -11.777
388352.500 130587.500 -11.825
388352.500 130588.500 -11.860
388352.500 130589.500 -11.890
388352.500 130590.500 -11.950
388352.500 130591.500 -11.988
388353.500 130516.500 -11.040
388353.500 130517.500 -11.040
388353.500 130518.500 -11.080
388353.500 130519.500 -11.107
388353.500 130520.500 -11.105
388353.500 130521.500 -11.062
388353.500 130522.500 -11.047
388353.500 130523.500 -11.100
388353.500 130524.500 -11.062
388353.500 130525.500 -10.992
388353.500 130526.500 -11.035
388353.500 130527.500 -11.110
388353.500 130528.500 -11.150
388353.500 130529.500 -11.172
388353.500 130530.500 -11.175
388353.500 130531.500 -11.185
388353.500 130532.500 -11.197
388353.500 130533.500 -11.225
388353.500 130534.500 -11.245
388353.500 130535.500 -11.207
388353.500 130536.500 -11.098
388353.500 130537.500 -11.152
388353.500 130538.500 -11.105
388353.500 130539.500 -11.053
388353.500 130540.500 -11.160
388353.500 130541.500 -11.235
388353.500 130542.500 -11.252
388353.500 130543.500 -11.265
388353.500 130544.500 -11.270
388353.500 130545.500 -11.290
388353.500 130546.500 -11.318
388353.500 130547.500 -11.330
388353.500 130548.500 -11.350
388353.500 130549.500 -11.367
388353.500 130550.500 -11.378
388353.500 130551.500 -11.385
388353.500 130552.500 -11.368
388353.500 130553.500 -11.367
388353.500 130554.500 -11.383
388353.500 130555.500 -11.357
388353.500 130556.500 -11.357
388353.500 130557.500 -11.355
388353.500 130558.500 -11.350
388353.500 130559.500 -11.332
388353.500 130560.500 -11.320
388353.500 130561.500 -11.305
388353.500 130562.500 -11.303
388353.500 130563.500 -11.325
388353.500 130564.500 -11.353
388353.500 130565.500 -11.355
388353.500 130566.500 -11.378
388353.500 130567.500 -11.395
388353.500 130568.500 -11.395
388353.500 130569.500 -11.397
388353.500 130570.500 -11.402
388353.500 130571.500 -11.408
388353.500 130572.500 -11.407
388353.500 130573.500 -11.440
388353.500 130574.500 -11.470
388353.500 130575.500 -11.505
388353.500 130576.500 -11.535
388353.500 130577.500 -11.565
388353.500 130578.500 -11.585
388353.500 130579.500 -11.588
388353.500 130580.500 -11.612
388353.500 130581.500 -11.647
388353.500 130582.500 -11.665
388353.500 130583.500 -11.680
388353.500 130584.500 -11.700
388353.500 130585.500 -11.725
388353.500 130586.500 -11.765
388353.500 130587.500 -11.815
388353.500 130588.500 -11.855
388353.500 130589.500 -11.885
388353.500 130590.500 -11.915
388353.500 130591.500 -11.980
388354.500 130515.500 -11.055
388354.500 130516.500 -11.043
388354.500 130517.500 -11.062
388354.500 130518.500 -11.105
388354.500 130519.500 -11.117
388354.500 130520.500 -11.102
388354.500 130521.500 -11.045
388354.500 130522.500 -11.040
388354.500 130523.500 -11.055
388354.500 130524.500 -11.062
388354.500 130525.500 -11.015
388354.500 130526.500 -11.060
388354.500 130527.500 -11.117
388354.500 130528.500 -11.160
388354.500 130529.500 -11.190
388354.500 130530.500 -11.195
388354.500 130531.500 -11.208
388354.500 130532.500 -11.203
388354.500 130533.500 -11.215
388354.500 130534.500 -11.220
388354.500 130535.500 -11.152
388354.500 130536.500 -11.095
388354.500 130537.500 -11.152
388354.500 130538.500 -11.087
388354.500 130539.500 -11.082
388354.500 130540.500 -11.172
388354.500 130541.500 -11.240
388354.500 130542.500 -11.262
388354.500 130543.500 -11.270
388354.500 130544.500 -11.275
388354.500 130545.500 -11.297
388354.500 130546.500 -11.325
388354.500 130547.500 -11.325
388354.500 130548.500 -11.330
388354.500 130549.500 -11.355
388354.500 130550.500 -11.390
388354.500 130551.500 -11.413
388354.500 130552.500 -11.415
388354.500 130553.500 -11.410
388354.500 130554.500 -11.388
388354.500 130555.500 -11.342
388354.500 130556.500 -11.305
388354.500 130557.500 -11.328
388354.500 130558.500 -11.357
388354.500 130559.500 -11.342
388354.500 130560.500 -11.340
388354.500 130561.500 -11.335
388354.500 130562.500 -11.330
388354.500 130563.500 -11.340
388354.500 130564.500 -11.345
388354.500 130565.500 -11.342
388354.500 130566.500 -11.348
388354.500 130567.500 -11.367
388354.500 130568.500 -11.350
388354.500 130569.500 -11.355
388354.500 130570.500 -11.375
388354.500 130571.500 -11.405
388354.500 130572.500 -11.410
388354.500 130573.500 -11.425
388354.500 130574.500 -11.448
388354.500 130575.500 -11.477
388354.500 130576.500 -11.517
388354.500 130577.500 -11.540
388354.500 130578.500 -11.568
388354.500 130579.500 -11.580
388354.500 130580.500 -11.600
388354.500 130581.500 -11.627
388354.500 130582.500 -11.645
388354.500 130583.500 -11.658
388354.500 130584.500 -11.685
388354.500 130585.500 -11.707
388354.500 130586.500 -11.745
388354.500 130587.500 -11.787
388354.500 130588.500 -11.842
388354.500 130589.500 -11.888
388354.500 130590.500 -11.915
388354.500 130591.500 -11.977
388355.500 130514.500 -11.020
388355.500 130515.500 -11.037
388355.500 130516.500 -11.043
388355.500 130517.500 -11.060
388355.500 130518.500 -11.095
388355.500 130519.500 -11.117
388355.500 130520.500 -11.095
388355.500 130521.500 -11.050
388355.500 130522.500 -11.002
388355.500 130523.500 -11.008
388355.500 130524.500 -11.067
388355.500 130525.500 -11.032
388355.500 130526.500 -11.045
388355.500 130527.500 -11.100
388355.500 130528.500 -11.125
388355.500 130529.500 -11.165
388355.500 130530.500 -11.207
388355.500 130531.500 -11.205
388355.500 130532.500 -11.192
388355.500 130533.500 -11.195
388355.500 130534.500 -11.183
388355.500 130535.500 -11.065
388355.500 130536.500 -11.095
388355.500 130537.500 -11.188
388355.500 130538.500 -11.067
388355.500 130539.500 -11.055
388355.500 130540.500 -11.183
388355.500 130541.500 -11.250
388355.500 130542.500 -11.267
388355.500 130543.500 -11.277
388355.500 130544.500 -11.270
388355.500 130545.500 -11.282
388355.500 130546.500 -11.305
388355.500 130547.500 -11.318
388355.500 130548.500 -11.322
388355.500 130549.500 -11.360
388355.500 130550.500 -11.380
388355.500 130551.500 -11.400
388355.500 130552.500 -11.428
388355.500 130553.500 -11.432
388355.500 130554.500 -11.402
388355.500 130555.500 -11.355
388355.500 130556.500 -11.303
388355.500 130557.500 -11.322
388355.500 130558.500 -11.360
388355.500 130559.500 -11.362
388355.500 130560.500 -11.360
388355.500 130561.500 -11.355
388355.500 130562.500 -11.352
388355.500 130563.500 -11.355
388355.500 130564.500 -11.350
388355.500 130565.500 -11.352
388355.500 130566.500 -11.362
388355.500 130567.500 -11.355
388355.500 130568.500 -11.348
388355.500 130569.500 -11.338
388355.500 130570.500 -11.373
388355.500 130571.500 -11.395
388355.500 130572.500 -11.432
388355.500 130573.500 -11.437
388355.500 130574.500 -11.450
388355.500 130575.500 -11.475
388355.500 130576.500 -11.498
388355.500 130577.500 -11.517
388355.500 130578.500 -11.547
388355.500 130579.500 -11.562
388355.500 130580.500 -11.585
388355.500 130581.500 -11.620
388355.500 130582.500 -11.623
388355.500 130583.500 -11.638
388355.500 130584.500 -11.663
388355.500 130585.500 -11.680
388355.500 130586.500 -11.713
388355.500 130587.500 -11.768
388355.500 130588.500 -11.825
388355.500 130589.500 -11.892
388355.500 130590.500 -11.935
388355.500 130591.500 -11.968
388356.500 130514.500 -10.990
388356.500 130515.500 -11.012
388356.500 130516.500 -11.025
388356.500 130517.500 -11.067
388356.500 130518.500 -11.090
388356.500 130519.500 -11.110
388356.500 130520.500 -11.082
388356.500 130521.500 -11.043
388356.500 130522.500 -10.995
388356.500 130523.500 -11.000
388356.500 130524.500 -11.055
388356.500 130525.500 -11.078
388356.500 130526.500 -11.050
388356.500 130527.500 -11.070
388356.500 130528.500 -11.102
388356.500 130529.500 -11.132
388356.500 130530.500 -11.180
388356.500 130531.500 -11.187
388356.500 130532.500 -11.200
388356.500 130533.500 -11.202
388356.500 130534.500 -11.155
388356.500 130535.500 -11.020
388356.500 130536.500 -11.115
388356.500 130537.500 -11.197
388356.500 130538.500 -11.060
388356.500 130539.500 -11.025
388356.500 130540.500 -11.170
388356.500 130541.500 -11.248
388356.500 130542.500 -11.265
388356.500 130543.500 -11.268
388356.500 130544.500 -11.277
388356.500 130545.500 -11.282
388356.500 130546.500 -11.305
388356.500 130547.500 -11.338
388356.500 130548.500 -11.345
388356.500 130549.500 -11.362
388356.500 130550.500 -11.383
388356.500 130551.500 -11.410
388356.500 130552.500 -11.420
388356.500 130553.500 -11.415
388356.500 130554.500 -11.415
388356.500 130555.500 -11.402
388356.500 130556.500 -11.373
388356.500 130557.500 -11.373
388356.500 130558.500 -11.367
388356.500 130559.500 -11.365
388356.500 130560.500 -11.367
388356.500 130561.500 -11.362
388356.500 130562.500 -11.367
388356.500 130563.500 -11.352
388356.500 130564.500 -11.348
388356.500 130565.500 -11.353
388356.500 130566.500 -11.378
388356.500 130567.500 -11.372
388356.500 130568.500 -11.367
388356.500 130569.500 -11.380
388356.500 130570.500 -11.390
388356.500 130571.500 -11.393
388356.500 130572.500 -11.440
388356.500 130573.500 -11.453
388356.500 130574.500 -11.470
388356.500 130575.500 -11.500
388356.500 130576.500 -11.505
388356.500 130577.500 -11.518
388356.500 130578.500 -11.537
388356.500 130579.500 -11.560
388356.500 130580.500 -11.585
388356.500 130581.500 -11.600
388356.500 130582.500 -11.600
388356.500 130583.500 -11.620
388356.500 130584.500 -11.650
388356.500 130585.500 -11.670
388356.500 130586.500 -11.700
388356.500 130587.500 -11.755
388356.500 130588.500 -11.807
388356.500 130589.500 -11.870
388356.500 130590.500 -11.938
388356.500 130591.500 -11.973
388357.500 130513.500 -10.965
388357.500 130514.500 -10.983
388357.500 130515.500 -11.020
388357.500 130516.500 -11.040
388357.500 130517.500 -11.060
388357.500 130518.500 -11.082
388357.500 130519.500 -11.072
388357.500 130520.500 -11.072
388357.500 130521.500 -11.045
388357.500 130522.500 -11.030
388357.500 130523.500 -11.045
388357.500 130524.500 -11.030
388357.500 130525.500 -11.080
388357.500 130526.500 -11.093
388357.500 130527.500 -11.070
388357.500 130528.500 -11.085
388357.500 130529.500 -11.095
388357.500 130530.500 -11.137
388357.500 130531.500 -11.130
388357.500 130532.500 -11.165
388357.500 130533.500 -11.195
388357.500 130534.500 -11.188
388357.500 130535.500 -11.060
388357.500 130536.500 -11.183
388357.500 130537.500 -11.232
388357.500 130538.500 -11.085
388357.500 130539.500 -10.990
388357.500 130540.500 -11.140
388357.500 130541.500 -11.235
388357.500 130542.500 -11.265
388357.500 130543.500 -11.260
388357.500 130544.500 -11.260
388357.500 130545.500 -11.297
388357.500 130546.500 -11.325
388357.500 130547.500 -11.340
388357.500 130548.500 -11.340
388357.500 130549.500 -11.357
388357.500 130550.500 -11.375
388357.500 130551.500 -11.400
388357.500 130552.500 -11.413
388357.500 130553.500 -11.408
388357.500 130554.500 -11.402
388357.500 130555.500 -11.413
388357.500 130556.500 -11.420
388357.500 130557.500 -11.410
388357.500 130558.500 -11.393
388357.500 130559.500 -11.383
388357.500 130560.500 -11.375
388357.500 130561.500 -11.372
388357.500 130562.500 -11.362
388357.500 130563.500 -11.343
388357.500 130564.500 -11.335
388357.500 130565.500 -11.353
388357.500 130566.500 -11.370
388357.500 130567.500 -11.372
388357.500 130568.500 -11.370
388357.500 130569.500 -11.388
388357.500 130570.500 -11.410
388357.500 130571.500 -11.415
388357.500 130572.500 -11.442
388357.500 130573.500 -11.467
388357.500 130574.500 -11.473
388357.500 130575.500 -11.495
388357.500 130576.500 -11.517
388357.500 130577.500 -11.530
388357.500 130578.500 -11.538
388357.500 130579.500 -11.562
388357.500 130580.500 -11.582
388357.500 130581.500 -11.585
388357.500 130582.500 -11.578
388357.500 130583.500 -11.613
388357.500 130584.500 -11.650
388357.500 130585.500 -11.668
388357.500 130586.500 -11.698
388357.500 130587.500 -11.732
388357.500 130588.500 -11.793
388357.500 130589.500 -11.852
388357.500 130590.500 -11.918
388357.500 130591.500 -11.968
388358.500 130512.500 -10.955
388358.500 130513.500 -10.957
388358.500 130514.500 -10.995
388358.500 130515.500 -11.027
388358.500 130516.500 -11.035
388358.500 130517.500 -11.032
388358.500 130518.500 -11.040
388358.500 130519.500 -11.047
388358.500 130520.500 -11.062
388358.500 130521.500 -11.045
388358.500 130522.500 -11.047
388358.500 130523.500 -11.070
388358.500 130524.500 -11.058
388358.500 130525.500 -11.102
388358.500 130526.500 -11.152
388358.500 130527.500 -11.095
388358.500 130528.500 -11.068
388358.500 130529.500 -11.065
388358.500 130530.500 -11.080
388358.500 130531.500 -11.107
388358.500 130532.500 -11.105
388358.500 130533.500 -11.168
388358.500 130534.500 -11.178
388358.500 130535.500 -11.085
388358.500 130536.500 -11.180
388358.500 130537.500 -11.255
388358.500 130538.500 -11.150
388358.500 130539.500 -10.995
388358.500 130540.500 -11.140
388358.500 130541.500 -11.223
388358.500 130542.500 -11.242
388358.500 130543.500 -11.245
388358.500 130544.500 -11.250
388358.500 130545.500 -11.300
388358.500 130546.500 -11.322
388358.500 130547.500 -11.322
388358.500 130548.500 -11.332
388358.500 130549.500 -11.342
388358.500 130550.500 -11.362
388358.500 130551.500 -11.377
388358.500 130552.500 -11.375
388358.500 130553.500 -11.377
388358.500 130554.500 -11.393
388358.500 130555.500 -11.390
388358.500 130556.500 -11.402
388358.500 130557.500 -11.395
388358.500 130558.500 -11.382
388358.500 130559.500 -11.390
388358.500 130560.500 -11.372
388358.500 130561.500 -11.355
388358.500 130562.500 -11.330
388358.500 130563.500 -11.312
388358.500 130564.500 -11.297
388358.500 130565.500 -11.345
388358.500 130566.500 -11.340
388358.500 130567.500 -11.342
388358.500 130568.500 -11.355
388358.500 130569.500 -11.385
388358.500 130570.500 -11.398
388358.500 130571.500 -11.408
388358.500 130572.500 -11.408
388358.500 130573.500 -11.438
388358.500 130574.500 -11.480
388358.500 130575.500 -11.478
388358.500 130576.500 -11.510
388358.500 130577.500 -11.525
388358.500 130578.500 -11.555
388358.500 130579.500 -11.565
388358.500 130580.500 -11.568
388358.500 130581.500 -11.572
388358.500 130582.500 -11.580
388358.500 130583.500 -11.607
388358.500 130584.500 -11.650
388358.500 130585.500 -11.663
388358.500 130586.500 -11.685
388358.500 130587.500 -11.712
388358.500 130588.500 -11.765
388358.500 130589.500 -11.828
388358.500 130590.500 -11.895
388358.500 130591.500 -11.942
388359.500 130512.500 -10.975
388359.500 130513.500 -10.983
388359.500 130514.500 -11.000
388359.500 130515.500 -11.017
388359.500 130516.500 -11.027
388359.500 130517.500 -11.012
388359.500 130518.500 -11.030
388359.500 130519.500 -11.058
388359.500 130520.500 -11.047
388359.500 130521.500 -11.032
388359.500 130522.500 -11.050
388359.500 130523.500 -11.072
388359.500 130524.500 -11.082
388359.500 130525.500 -11.137
388359.500 130526.500 -11.165
388359.500 130527.500 -11.107
388359.500 130528.500 -11.037
388359.500 130529.500 -11.025
388359.500 130530.500 -11.065
388359.500 130531.500 -11.102
388359.500 130532.500 -11.110
388359.500 130533.500 -11.130
388359.500 130534.500 -11.147
388359.500 130535.500 -11.077
388359.500 130536.500 -11.125
388359.500 130537.500 -11.258
388359.500 130538.500 -11.202
388359.500 130539.500 -11.025
388359.500 130540.500 -11.128
388359.500 130541.500 -11.213
388359.500 130542.500 -11.223
388359.500 130543.500 -11.218
388359.500 130544.500 -11.225
388359.500 130545.500 -11.275
388359.500 130546.500 -11.295
388359.500 130547.500 -11.295
388359.500 130548.500 -11.312
388359.500 130549.500 -11.322
388359.500 130550.500 -11.340
388359.500 130551.500 -11.345
388359.500 130552.500 -11.338
388359.500 130553.500 -11.340
388359.500 130554.500 -11.337
388359.500 130555.500 -11.300
388359.500 130556.500 -11.325
388359.500 130557.500 -11.355
388359.500 130558.500 -11.317
388359.500 130559.500 -11.342
388359.500 130560.500 -11.325
388359.500 130561.500 -11.305
388359.500 130562.500 -11.242
388359.500 130563.500 -11.260
388359.500 130564.500 -11.255
388359.500 130565.500 -11.315
388359.500 130566.500 -11.308
388359.500 130567.500 -11.275
388359.500 130568.500 -11.312
388359.500 130569.500 -11.330
388359.500 130570.500 -11.315
388359.500 130571.500 -11.335
388359.500 130572.500 -11.347
388359.500 130573.500 -11.380
388359.500 130574.500 -11.445
388359.500 130575.500 -11.495
388359.500 130576.500 -11.492
388359.500 130577.500 -11.485
388359.500 130578.500 -11.540
388359.500 130579.500 -11.565
388359.500 130580.500 -11.568
388359.500 130581.500 -11.570
388359.500 130582.500 -11.580
388359.500 130583.500 -11.600
388359.500 130584.500 -11.635
388359.500 130585.500 -11.648
388359.500 130586.500 -11.663
388359.500 130587.500 -11.690
388359.500 130588.500 -11.752
388359.500 130589.500 -11.803
388359.500 130590.500 -11.870
388359.500 130591.500 -11.935
388360.500 130511.500 -10.937
388360.500 130512.500 -10.970
388360.500 130513.500 -10.968
388360.500 130514.500 -10.990
388360.500 130515.500 -11.002
388360.500 130516.500 -11.005
388360.500 130517.500 -10.998
388360.500 130518.500 -11.012
388360.500 130519.500 -11.027
388360.500 130520.500 -11.050
388360.500 130521.500 -11.035
388360.500 130522.500 -11.042
388360.500 130523.500 -11.048
388360.500 130524.500 -11.070
388360.500 130525.500 -11.138
388360.500 130526.500 -11.140
388360.500 130527.500 -11.100
388360.500 130528.500 -11.008
388360.500 130529.500 -11.002
388360.500 130530.500 -11.045
388360.500 130531.500 -11.102
388360.500 130532.500 -11.107
388360.500 130533.500 -11.123
388360.500 130534.500 -11.130
388360.500 130535.500 -11.060
388360.500 130536.500 -11.115
388360.500 130537.500 -11.273
388360.500 130538.500 -11.260
388360.500 130539.500 -11.070
388360.500 130540.500 -11.112
388360.500 130541.500 -11.210
388360.500 130542.500 -11.225
388360.500 130543.500 -11.218
388360.500 130544.500 -11.218
388360.500 130545.500 -11.265
388360.500 130546.500 -11.282
388360.500 130547.500 -11.285
388360.500 130548.500 -11.293
388360.500 130549.500 -11.305
388360.500 130550.500 -11.312
388360.500 130551.500 -11.303
388360.500 130552.500 -11.287
388360.500 130553.500 -11.272
388360.500 130554.500 -11.242
388360.500 130555.500 -11.210
388360.500 130556.500 -11.225
388360.500 130557.500 -11.283
388360.500 130558.500 -11.288
388360.500 130559.500 -11.255
388360.500 130560.500 -11.248
388360.500 130561.500 -11.218
388360.500 130562.500 -11.238
388360.500 130563.500 -11.280
388360.500 130564.500 -11.295
388360.500 130565.500 -11.320
388360.500 130566.500 -11.265
388360.500 130567.500 -11.203
388360.500 130568.500 -11.235
388360.500 130569.500 -11.250
388360.500 130570.500 -11.232
388360.500 130571.500 -11.250
388360.500 130572.500 -11.275
388360.500 130573.500 -11.300
388360.500 130574.500 -11.370
388360.500 130575.500 -11.493
388360.500 130576.500 -11.418
388360.500 130577.500 -11.443
388360.500 130578.500 -11.510
388360.500 130579.500 -11.550
388360.500 130580.500 -11.560
388360.500 130581.500 -11.562
388360.500 130582.500 -11.568
388360.500 130583.500 -11.578
388360.500 130584.500 -11.610
388360.500 130585.500 -11.625
388360.500 130586.500 -11.645
388360.500 130587.500 -11.678
388360.500 130588.500 -11.730
388360.500 130589.500 -11.793
388360.500 130590.500 -11.855
388360.500 130591.500 -11.915
388361.500 130510.500 -10.965
388361.500 130511.500 -10.955
388361.500 130512.500 -10.965
388361.500 130513.500 -10.950
388361.500 130514.500 -10.968
388361.500 130515.500 -10.980
388361.500 130516.500 -10.990
388361.500 130517.500 -10.995
388361.500 130518.500 -11.020
388361.500 130519.500 -11.015
388361.500 130520.500 -11.045
388361.500 130521.500 -11.042
388361.500 130522.500 -11.037
388361.500 130523.500 -11.033
388361.500 130524.500 -11.055
388361.500 130525.500 -11.123
388361.500 130526.500 -11.115
388361.500 130527.500 -11.085
388361.500 130528.500 -11.018
388361.500 130529.500 -11.005
388361.500 130530.500 -11.045
388361.500 130531.500 -11.090
388361.500 130532.500 -11.123
388361.500 130533.500 -11.122
388361.500 130534.500 -11.122
388361.500 130535.500 -11.035
388361.500 130536.500 -11.080
388361.500 130537.500 -11.255
388361.500 130538.500 -11.280
388361.500 130539.500 -11.150
388361.500 130540.500 -11.120
388361.500 130541.500 -11.200
388361.500 130542.500 -11.215
388361.500 130543.500 -11.213
388361.500 130544.500 -11.220
388361.500 130545.500 -11.240
388361.500 130546.500 -11.275
388361.500 130547.500 -11.277
388361.500 130548.500 -11.275
388361.500 130549.500 -11.282
388361.500 130550.500 -11.287
388361.500 130551.500 -11.255
388361.500 130552.500 -11.272
388361.500 130553.500 -11.225
388361.500 130554.500 -11.217
388361.500 130555.500 -11.253
388361.500 130556.500 -11.283
388361.500 130557.500 -11.308
388361.500 130558.500 -11.320
388361.500 130559.500 -11.287
388361.500 130560.500 -11.273
388361.500 130561.500 -11.277
388361.500 130562.500 -11.340
388361.500 130563.500 -11.375
388361.500 130564.500 -11.375
388361.500 130565.500 -11.320
388361.500 130566.500 -11.235
388361.500 130567.500 -11.190
388361.500 130568.500 -11.215
388361.500 130569.500 -11.205
388361.500 130570.500 -11.215
388361.500 130571.500 -11.260
388361.500 130572.500 -11.287
388361.500 130573.500 -11.310
388361.500 130574.500 -11.385
388361.500 130575.500 -11.415
388361.500 130576.500 -11.402
388361.500 130577.500 -11.367
388361.500 130578.500 -11.492
388361.500 130579.500 -11.500
388361.500 130580.500 -11.527
388361.500 130581.500 -11.553
388361.500 130582.500 -11.555
388361.500 130583.500 -11.547
388361.500 130584.500 -11.568
388361.500 130585.500 -11.610
388361.500 130586.500 -11.632
388361.500 130587.500 -11.682
388361.500 130588.500 -11.727
388361.500 130589.500 -11.800
388361.500 130590.500 -11.842
388361.500 130591.500 -11.912
388362.500 130510.500 -10.967
388362.500 130511.500 -10.978
388362.500 130512.500 -10.992
388362.500 130513.500 -10.965
388362.500 130514.500 -10.965
388362.500 130515.500 -11.000
388362.500 130516.500 -11.017
388362.500 130517.500 -11.010
388362.500 130518.500 -11.030
388362.500 130519.500 -11.032
388362.500 130520.500 -11.043
388362.500 130521.500 -11.050
388362.500 130522.500 -11.035
388362.500 130523.500 -11.037
388362.500 130524.500 -11.035
388362.500 130525.500 -11.095
388362.500 130526.500 -11.088
388362.500 130527.500 -11.075
388362.500 130528.500 -11.050
388362.500 130529.500 -11.020
388362.500 130530.500 -11.082
388362.500 130531.500 -11.152
388362.500 130532.500 -11.133
388362.500 130533.500 -11.115
388362.500 130534.500 -11.125
388362.500 130535.500 -11.060
388362.500 130536.500 -11.040
388362.500 130537.500 -11.227
388362.500 130538.500 -11.262
388362.500 130539.500 -11.173
388362.500 130540.500 -11.112
388362.500 130541.500 -11.180
388362.500 130542.500 -11.205
388362.500 130543.500 -11.215
388362.500 130544.500 -11.220
388362.500 130545.500 -11.228
388362.500 130546.500 -11.242
388362.500 130547.500 -11.262
388362.500 130548.500 -11.260
388362.500 130549.500 -11.262
388362.500 130550.500 -11.235
388362.500 130551.500 -11.258
388362.500 130552.500 -11.275
388362.500 130553.500 -11.245
388362.500 130554.500 -11.310
388362.500 130555.500 -11.352
388362.500 130556.500 -11.363
388362.500 130557.500 -11.357
388362.500 130558.500 -11.350
388362.500 130559.500 -11.333
388362.500 130560.500 -11.373
388362.500 130561.500 -11.387
388362.500 130562.500 -11.405
388362.500 130563.500 -11.375
388362.500 130564.500 -11.320
388362.500 130565.500 -11.250
388362.500 130566.500 -11.198
388362.500 130567.500 -11.172
388362.500 130568.500 -11.163
388362.500 130569.500 -11.207
388362.500 130570.500 -11.260
388362.500 130571.500 -11.280
388362.500 130572.500 -11.305
388362.500 130573.500 -11.370
388362.500 130574.500 -11.377
388362.500 130575.500 -11.362
388362.500 130576.500 -11.362
388362.500 130577.500 -11.430
388362.500 130578.500 -11.477
388362.500 130579.500 -11.488
388362.500 130580.500 -11.500
388362.500 130581.500 -11.520
388362.500 130582.500 -11.547
388362.500 130583.500 -11.545
388362.500 130584.500 -11.570
388362.500 130585.500 -11.617
388362.500 130586.500 -11.648
388362.500 130587.500 -11.693
388362.500 130588.500 -11.752
388362.500 130589.500 -11.815
388362.500 130590.500 -11.843
388362.500 130591.500 -11.902
388363.500 130509.500 -10.970
388363.500 130510.500 -10.985
388363.500 130511.500 -10.995
388363.500 130512.500 -10.992
388363.500 130513.500 -10.963
388363.500 130514.500 -10.965
388363.500 130515.500 -11.012
388363.500 130516.500 -11.035
388363.500 130517.500 -11.027
388363.500 130518.500 -11.027
388363.500 130519.500 -11.045
388363.500 130520.500 -11.040
388363.500 130521.500 -11.040
388363.500 130522.500 -11.037
388363.500 130523.500 -11.035
388363.500 130524.500 -11.025
388363.500 130525.500 -11.033
388363.500 130526.500 -11.055
388363.500 130527.500 -11.067
388363.500 130528.500 -11.087
388363.500 130529.500 -11.030
388363.500 130530.500 -11.090
388363.500 130531.500 -11.207
388363.500 130532.500 -11.110
388363.500 130533.500 -11.035
388363.500 130534.500 -11.070
388363.500 130535.500 -11.065
388363.500 130536.500 -11.035
388363.500 130537.500 -11.170
388363.500 130538.500 -11.213
388363.500 130539.500 -11.180
388363.500 130540.500 -11.085
388363.500 130541.500 -11.123
388363.500 130542.500 -11.188
388363.500 130543.500 -11.217
388363.500 130544.500 -11.205
388363.500 130545.500 -11.205
388363.500 130546.500 -11.228
388363.500 130547.500 -11.228
388363.500 130548.500 -11.225
388363.500 130549.500 -11.223
388363.500 130550.500 -11.227
388363.500 130551.500 -11.242
388363.500 130552.500 -11.305
388363.500 130553.500 -11.303
388363.500 130554.500 -11.315
388363.500 130555.500 -11.365
388363.500 130556.500 -11.387
388363.500 130557.500 -11.377
388363.500 130558.500 -11.370
388363.500 130559.500 -11.365
388363.500 130560.500 -11.418
388363.500 130561.500 -11.420
388363.500 130562.500 -11.355
388363.500 130563.500 -11.337
388363.500 130564.500 -11.200
388363.500 130565.500 -11.152
388363.500 130566.500 -11.160
388363.500 130567.500 -11.162
388363.500 130568.500 -11.205
388363.500 130569.500 -11.240
388363.500 130570.500 -11.280
388363.500 130571.500 -11.308
388363.500 130572.500 -11.375
388363.500 130573.500 -11.410
388363.500 130574.500 -11.383
388363.500 130575.500 -11.373
388363.500 130576.500 -11.383
388363.500 130577.500 -11.427
388363.500 130578.500 -11.470
388363.500 130579.500 -11.498
388363.500 130580.500 -11.502
388363.500 130581.500 -11.515
388363.500 130582.500 -11.547
388363.500 130583.500 -11.582
388363.500 130584.500 -11.613
388363.500 130585.500 -11.643
388363.500 130586.500 -11.650
388363.500 130587.500 -11.685
388363.500 130588.500 -11.758
388363.500 130589.500 -11.803
388363.500 130590.500 -11.853
388363.500 130591.500 -11.857
388364.500 130508.500 -10.985
388364.500 130509.500 -10.998
388364.500 130510.500 -11.002
388364.500 130511.500 -11.012
388364.500 130512.500 -11.008
388364.500 130513.500 -11.008
388364.500 130514.500 -11.023
388364.500 130515.500 -11.040
388364.500 130516.500 -11.043
388364.500 130517.500 -11.035
388364.500 130518.500 -11.023
388364.500 130519.500 -11.045
388364.500 130520.500 -11.042
388364.500 130521.500 -11.042
388364.500 130522.500 -11.037
388364.500 130523.500 -11.027
388364.500 130524.500 -11.005
388364.500 130525.500 -10.988
388364.500 130526.500 -11.038
388364.500 130527.500 -11.053
388364.500 130528.500 -11.093
388364.500 130529.500 -11.047
388364.500 130530.500 -11.020
388364.500 130531.500 -11.092
388364.500 130532.500 -11.000
388364.500 130533.500 -11.047
388364.500 130534.500 -11.120
388364.500 130535.500 -11.067
388364.500 130536.500 -11.035
388364.500 130537.500 -11.145
388364.500 130538.500 -11.255
388364.500 130539.500 -11.223
388364.500 130540.500 -11.078
388364.500 130541.500 -11.053
388364.500 130542.500 -11.163
388364.500 130543.500 -11.205
388364.500 130544.500 -11.210
388364.500 130545.500 -11.178
388364.500 130546.500 -11.155
388364.500 130547.500 -11.163
388364.500 130548.500 -11.210
388364.500 130549.500 -11.190
388364.500 130550.500 -11.228
388364.500 130551.500 -11.270
388364.500 130552.500 -11.300
388364.500 130553.500 -11.277
388364.500 130554.500 -11.293
388364.500 130555.500 -11.365
388364.500 130556.500 -11.383
388364.500 130557.500 -11.390
388364.500 130558.500 -11.367
388364.500 130559.500 -11.360
388364.500 130560.500 -11.415
388364.500 130561.500 -11.390
388364.500 130562.500 -11.277
388364.500 130563.500 -11.255
388364.500 130564.500 -11.177
388364.500 130565.500 -11.193
388364.500 130566.500 -11.208
388364.500 130567.500 -11.317
388364.500 130568.500 -11.315
388364.500 130569.500 -11.258
388364.500 130570.500 -11.325
388364.500 130571.500 -11.387
388364.500 130572.500 -11.422
388364.500 130573.500 -11.438
388364.500 130574.500 -11.400
388364.500 130575.500 -11.388
388364.500 130576.500 -11.393
388364.500 130577.500 -11.420
388364.500 130578.500 -11.465
388364.500 130579.500 -11.490
388364.500 130580.500 -11.488
388364.500 130581.500 -11.492
388364.500 130582.500 -11.553
388364.500 130583.500 -11.590
388364.500 130584.500 -11.627
388364.500 130585.500 -11.668
388364.500 130586.500 -11.697
388364.500 130587.500 -11.718
388364.500 130588.500 -11.760
388364.500 130589.500 -11.800
388364.500 130590.500 -11.838
388364.500 130591.500 -11.830
388365.500 130508.500 -11.000
388365.500 130509.500 -11.017
388365.500 130510.500 -11.012
388365.500 130511.500 -11.022
388365.500 130512.500 -11.037
388365.500 130513.500 -11.043
388365.500 130514.500 -11.062
388365.500 130515.500 -11.078
388365.500 130516.500 -11.065
388365.500 130517.500 -11.055
388365.500 130518.500 -11.053
388365.500 130519.500 -11.060
388365.500 130520.500 -11.050
388365.500 130521.500 -11.045
388365.500 130522.500 -11.035
388365.500 130523.500 -11.010
388365.500 130524.500 -10.998
388365.500 130525.500 -10.990
388365.500 130526.500 -11.012
388365.500 130527.500 -11.045
388365.500 130528.500 -11.067
388365.500 130529.500 -10.995
388365.500 130530.500 -10.960
388365.500 130531.500 -11.005
388365.500 130532.500 -11.060
388365.500 130533.500 -11.060
388365.500 130534.500 -11.075
388365.500 130535.500 -11.080
388365.500 130536.500 -11.060
388365.500 130537.500 -11.120
388365.500 130538.500 -11.215
388365.500 130539.500 -11.245
388365.500 130540.500 -11.163
388365.500 130541.500 -10.997
388365.500 130542.500 -11.125
388365.500 130543.500 -11.175
388365.500 130544.500 -11.168
388365.500 130545.500 -11.107
388365.500 130546.500 -11.082
388365.500 130547.500 -11.113
388365.500 130548.500 -11.188
388365.500 130549.500 -11.168
388365.500 130550.500 -11.195
388365.500 130551.500 -11.245
388365.500 130552.500 -11.242
388365.500 130553.500 -11.218
388365.500 130554.500 -11.238
388365.500 130555.500 -11.307
388365.500 130556.500 -11.365
388365.500 130557.500 -11.370
388365.500 130558.500 -11.335
388365.500 130559.500 -11.335
388365.500 130560.500 -11.307
388365.500 130561.500 -11.273
388365.500 130562.500 -11.193
388365.500 130563.500 -11.190
388365.500 130564.500 -11.197
388365.500 130565.500 -11.225
388365.500 130566.500 -11.218
388365.500 130567.500 -11.305
388365.500 130568.500 -11.302
388365.500 130569.500 -11.310
388365.500 130570.500 -11.367
388365.500 130571.500 -11.413
388365.500 130572.500 -11.422
388365.500 130573.500 -11.418
388365.500 130574.500 -11.418
388365.500 130575.500 -11.400
388365.500 130576.500 -11.415
388365.500 130577.500 -11.412
388365.500 130578.500 -11.433
388365.500 130579.500 -11.473
388365.500 130580.500 -11.492
388365.500 130581.500 -11.530
388365.500 130582.500 -11.572
388365.500 130583.500 -11.615
388365.500 130584.500 -11.655
388365.500 130585.500 -11.692
388365.500 130586.500 -11.733
388365.500 130587.500 -11.757
388365.500 130588.500 -11.777
388365.500 130589.500 -11.807
388365.500 130590.500 -11.852
388365.500 130591.500 -11.890
388366.500 130507.500 -11.067
388366.500 130508.500 -11.037
388366.500 130509.500 -11.032
388366.500 130510.500 -11.040
388366.500 130511.500 -11.053
388366.500 130512.500 -11.060
388366.500 130513.500 -11.062
388366.500 130514.500 -11.082
388366.500 130515.500 -11.082
388366.500 130516.500 -11.075
388366.500 130517.500 -11.068
388366.500 130518.500 -11.072
388366.500 130519.500 -11.080
388366.500 130520.500 -11.075
388366.500 130521.500 -11.063
388366.500 130522.500 -11.053
388366.500 130523.500 -11.030
388366.500 130524.500 -11.008
388366.500 130525.500 -10.998
388366.500 130526.500 -11.005
388366.500 130527.500 -11.030
388366.500 130528.500 -11.035
388366.500 130529.500 -10.977
388366.500 130530.500 -10.947
388366.500 130531.500 -11.007
388366.500 130532.500 -11.060
388366.500 130533.500 -11.025
388366.500 130534.500 -10.963
388366.500 130535.500 -10.985
388366.500 130536.500 -11.075
388366.500 130537.500 -11.117
388366.500 130538.500 -11.172
388366.500 130539.500 -11.243
388366.500 130540.500 -11.180
388366.500 130541.500 -11.022
388366.500 130542.500 -11.135
388366.500 130543.500 -11.160
388366.500 130544.500 -11.107
388366.500 130545.500 -11.050
388366.500 130546.500 -11.015
388366.500 130547.500 -10.998
388366.500 130548.500 -11.075
388366.500 130549.500 -11.090
388366.500 130550.500 -11.102
388366.500 130551.500 -11.175
388366.500 130552.500 -11.192
388366.500 130553.500 -11.172
388366.500 130554.500 -11.223
388366.500 130555.500 -11.265
388366.500 130556.500 -11.295
388366.500 130557.500 -11.302
388366.500 130558.500 -11.265
388366.500 130559.500 -11.230
388366.500 130560.500 -11.155
388366.500 130561.500 -11.113
388366.500 130562.500 -11.127
388366.500 130563.500 -11.160
388366.500 130564.500 -11.170
388366.500 130565.500 -11.192
388366.500 130566.500 -11.277
388366.500 130567.500 -11.348
388366.500 130568.500 -11.335
388366.500 130569.500 -11.380
388366.500 130570.500 -11.410
388366.500 130571.500 -11.418
388366.500 130572.500 -11.402
388366.500 130573.500 -11.413
388366.500 130574.500 -11.423
388366.500 130575.500 -11.415
388366.500 130576.500 -11.422
388366.500 130577.500 -11.435
388366.500 130578.500 -11.445
388366.500 130579.500 -11.473
388366.500 130580.500 -11.505
388366.500 130581.500 -11.535
388366.500 130582.500 -11.560
388366.500 130583.500 -11.612
388366.500 130584.500 -11.662
388366.500 130585.500 -11.700
388366.500 130586.500 -11.728
388366.500 130587.500 -11.760
388366.500 130588.500 -11.803
388366.500 130589.500 -11.818
388366.500 130590.500 -11.857
388366.500 130591.500 -11.902
388367.500 130506.500 -11.102
388367.500 130507.500 -11.117
388367.500 130508.500 -11.087
388367.500 130509.500 -11.055
388367.500 130510.500 -11.075
388367.500 130511.500 -11.077
388367.500 130512.500 -11.085
388367.500 130513.500 -11.070
388367.500 130514.500 -11.072
388367.500 130515.500 -11.070
388367.500 130516.500 -11.082
388367.500 130517.500 -11.077
388367.500 130518.500 -11.090
388367.500 130519.500 -11.070
388367.500 130520.500 -11.075
388367.500 130521.500 -11.075
388367.500 130522.500 -11.045
388367.500 130523.500 -11.035
388367.500 130524.500 -11.032
388367.500 130525.500 -11.030
388367.500 130526.500 -11.010
388367.500 130527.500 -11.030
388367.500 130528.500 -11.037
388367.500 130529.500 -11.017
388367.500 130530.500 -10.953
388367.500 130531.500 -10.908
388367.500 130532.500 -10.933
388367.500 130533.500 -10.955
388367.500 130534.500 -11.043
388367.500 130535.500 -11.033
388367.500 130536.500 -11.018
388367.500 130537.500 -11.035
388367.500 130538.500 -11.103
388367.500 130539.500 -11.207
388367.500 130540.500 -11.108
388367.500 130541.500 -11.000
388367.500 130542.500 -11.060
388367.500 130543.500 -11.067
388367.500 130544.500 -11.045
388367.500 130545.500 -11.025
388367.500 130546.500 -10.973
388367.500 130547.500 -10.950
388367.500 130548.500 -10.977
388367.500 130549.500 -10.988
388367.500 130550.500 -11.053
388367.500 130551.500 -11.135
388367.500 130552.500 -11.150
388367.500 130553.500 -11.157
388367.500 130554.500 -11.172
388367.500 130555.500 -11.175
388367.500 130556.500 -11.203
388367.500 130557.500 -11.247
388367.500 130558.500 -11.262
388367.500 130559.500 -11.212
388367.500 130560.500 -11.183
388367.500 130561.500 -11.172
388367.500 130562.500 -11.190
388367.500 130563.500 -11.287
388367.500 130564.500 -11.343
388367.500 130565.500 -11.333
388367.500 130566.500 -11.337
388367.500 130567.500 -11.348
388367.500 130568.500 -11.310
388367.500 130569.500 -11.315
388367.500 130570.500 -11.355
388367.500 130571.500 -11.397
388367.500 130572.500 -11.405
388367.500 130573.500 -11.415
388367.500 130574.500 -11.408
388367.500 130575.500 -11.395
388367.500 130576.500 -11.415
388367.500 130577.500 -11.418
388367.500 130578.500 -11.413
388367.500 130579.500 -11.438
388367.500 130580.500 -11.473
388367.500 130581.500 -11.492
388367.500 130582.500 -11.543
388367.500 130583.500 -11.595
388367.500 130584.500 -11.645
388367.500 130585.500 -11.698
388367.500 130586.500 -11.733
388367.500 130587.500 -11.765
388367.500 130588.500 -11.815
388367.500 130589.500 -11.845
388367.500 130590.500 -11.862
388367.500 130591.500 -11.902
388368.500 130506.500 -11.115
388368.500 130507.500 -11.143
388368.500 130508.500 -11.122
388368.500 130509.500 -11.053
388368.500 130510.500 -11.073
388368.500 130511.500 -11.095
388368.500 130512.500 -11.093
388368.500 130513.500 -11.070
388368.500 130514.500 -11.083
388368.500 130515.500 -11.090
388368.500 130516.500 -11.092
388368.500 130517.500 -11.085
388368.500 130518.500 -11.070
388368.500 130519.500 -11.008
388368.500 130520.500 -11.060
388368.500 130521.500 -11.075
388368.500 130522.500 -11.037
388368.500 130523.500 -11.032
388368.500 130524.500 -11.058
388368.500 130525.500 -11.045
388368.500 130526.500 -11.012
388368.500 130527.500 -11.020
388368.500 130528.500 -11.008
388368.500 130529.500 -11.012
388368.500 130530.500 -11.000
388368.500 130531.500 -10.930
388368.500 130532.500 -10.863
388368.500 130533.500 -10.908
388368.500 130534.500 -10.945
388368.500 130535.500 -11.027
388368.500 130536.500 -11.037
388368.500 130537.500 -11.065
388368.500 130538.500 -11.060
388368.500 130539.500 -11.082
388368.500 130540.500 -10.950
388368.500 130541.500 -10.890
388368.500 130542.500 -10.947
388368.500 130543.500 -10.950
388368.500 130544.500 -10.925
388368.500 130545.500 -10.887
388368.500 130546.500 -10.888
388368.500 130547.500 -10.887
388368.500 130548.500 -10.912
388368.500 130549.500 -10.927
388368.500 130550.500 -10.967
388368.500 130551.500 -11.035
388368.500 130552.500 -11.067
388368.500 130553.500 -11.145
388368.500 130554.500 -11.170
388368.500 130555.500 -11.200
388368.500 130556.500 -11.230
388368.500 130557.500 -11.250
388368.500 130558.500 -11.273
388368.500 130559.500 -11.175
388368.500 130560.500 -11.167
388368.500 130561.500 -11.185
388368.500 130562.500 -11.207
388368.500 130563.500 -11.290
388368.500 130564.500 -11.330
388368.500 130565.500 -11.338
388368.500 130566.500 -11.277
388368.500 130567.500 -11.293
388368.500 130568.500 -11.305
388368.500 130569.500 -11.352
388368.500 130570.500 -11.365
388368.500 130571.500 -11.415
388368.500 130572.500 -11.412
388368.500 130573.500 -11.402
388368.500 130574.500 -11.393
388368.500 130575.500 -11.393
388368.500 130576.500 -11.402
388368.500 130577.500 -11.395
388368.500 130578.500 -11.393
388368.500 130579.500 -11.407
388368.500 130580.500 -11.455
388368.500 130581.500 -11.468
388368.500 130582.500 -11.512
388368.500 130583.500 -11.578
388368.500 130584.500 -11.635
388368.500 130585.500 -11.680
388368.500 130586.500 -11.728
388368.500 130587.500 -11.770
388368.500 130588.500 -11.815
388368.500 130589.500 -11.855
388368.500 130590.500 -11.885
388368.500 130591.500 -11.897
388369.500 130505.500 -11.127
388369.500 130506.500 -11.117
388369.500 130507.500 -11.117
388369.500 130508.500 -11.148
388369.500 130509.500 -11.110
388369.500 130510.500 -11.052
388369.500 130511.500 -11.093
388369.500 130512.500 -11.088
388369.500 130513.500 -11.087
388369.500 130514.500 -11.093
388369.500 130515.500 -11.087
388369.500 130516.500 -11.105
388369.500 130517.500 -11.093
388369.500 130518.500 -11.058
388369.500 130519.500 -11.015
388369.500 130520.500 -11.092
388369.500 130521.500 -11.090
388369.500 130522.500 -11.060
388369.500 130523.500 -11.048
388369.500 130524.500 -11.053
388369.500 130525.500 -11.060
388369.500 130526.500 -11.040
388369.500 130527.500 -11.012
388369.500 130528.500 -10.993
388369.500 130529.500 -11.008
388369.500 130530.500 -10.988
388369.500 130531.500 -10.950
388369.500 130532.500 -10.863
388369.500 130533.500 -10.867
388369.500 130534.500 -10.953
388369.500 130535.500 -10.960
388369.500 130536.500 -10.955
388369.500 130537.500 -10.965
388369.500 130538.500 -10.950
388369.500 130539.500 -10.945
388369.500 130540.500 -10.893
388369.500 130541.500 -10.872
388369.500 130542.500 -10.913
388369.500 130543.500 -10.902
388369.500 130544.500 -10.818
388369.500 130545.500 -10.735
388369.500 130546.500 -10.705
388369.500 130547.500 -10.747
388369.500 130548.500 -10.808
388369.500 130549.500 -10.860
388369.500 130550.500 -10.862
388369.500 130551.500 -10.867
388369.500 130552.500 -10.898
388369.500 130553.500 -10.992
388369.500 130554.500 -11.113
388369.500 130555.500 -11.170
388369.500 130556.500 -11.188
388369.500 130557.500 -11.197
388369.500 130558.500 -11.173
388369.500 130559.500 -11.100
388369.500 130560.500 -11.100
388369.500 130561.500 -11.135
388369.500 130562.500 -11.165
388369.500 130563.500 -11.262
388369.500 130564.500 -11.335
388369.500 130565.500 -11.348
388369.500 130566.500 -11.323
388369.500 130567.500 -11.317
388369.500 130568.500 -11.345
388369.500 130569.500 -11.357
388369.500 130570.500 -11.370
388369.500 130571.500 -11.375
388369.500 130572.500 -11.380
388369.500 130573.500 -11.400
388369.500 130574.500 -11.402
388369.500 130575.500 -11.400
388369.500 130576.500 -11.393
388369.500 130577.500 -11.390
388369.500 130578.500 -11.377
388369.500 130579.500 -11.397
388369.500 130580.500 -11.442
388369.500 130581.500 -11.463
388369.500 130582.500 -11.502
388369.500 130583.500 -11.555
388369.500 130584.500 -11.623
388369.500 130585.500 -11.672
388369.500 130586.500 -11.715
388369.500 130587.500 -11.765
388369.500 130588.500 -11.803
388369.500 130589.500 -11.850
388369.500 130590.500 -11.885
388369.500 130591.500 -11.922
388370.500 130504.500 -11.110
388370.500 130505.500 -11.112
388370.500 130506.500 -11.125
388370.500 130507.500 -11.128
388370.500 130508.500 -11.152
388370.500 130509.500 -11.148
388370.500 130510.500 -11.093
388370.500 130511.500 -11.070
388370.500 130512.500 -11.070
388370.500 130513.500 -11.072
388370.500 130514.500 -11.072
388370.500 130515.500 -11.077
388370.500 130516.500 -11.093
388370.500 130517.500 -11.085
388370.500 130518.500 -11.093
388370.500 130519.500 -11.102
388370.500 130520.500 -11.125
388370.500 130521.500 -11.107
388370.500 130522.500 -11.068
388370.500 130523.500 -11.058
388370.500 130524.500 -11.055
388370.500 130525.500 -11.070
388370.500 130526.500 -11.065
388370.500 130527.500 -11.025
388370.500 130528.500 -11.005
388370.500 130529.500 -10.980
388370.500 130530.500 -10.978
388370.500 130531.500 -10.963
388370.500 130532.500 -10.925
388370.500 130533.500 -10.883
388370.500 130534.500 -10.942
388370.500 130535.500 -10.958
388370.500 130536.500 -10.995
388370.500 130537.500 -10.950
388370.500 130538.500 -10.918
388370.500 130539.500 -10.970
388370.500 130540.500 -10.973
388370.500 130541.500 -10.875
388370.500 130542.500 -10.822
388370.500 130543.500 -10.840
388370.500 130544.500 -10.848
388370.500 130545.500 -10.790
388370.500 130546.500 -10.735
388370.500 130547.500 -10.685
388370.500 130548.500 -10.707
388370.500 130549.500 -10.795
388370.500 130550.500 -10.883
388370.500 130551.500 -10.918
388370.500 130552.500 -10.922
388370.500 130553.500 -10.967
388370.500 130554.500 -11.083
388370.500 130555.500 -11.172
388370.500 130556.500 -11.115
388370.500 130557.500 -11.078
388370.500 130558.500 -11.062
388370.500 130559.500 -11.055
388370.500 130560.500 -11.055
388370.500 130561.500 -11.070
388370.500 130562.500 -11.120
388370.500 130563.500 -11.242
388370.500 130564.500 -11.275
388370.500 130565.500 -11.285
388370.500 130566.500 -11.305
388370.500 130567.500 -11.323
388370.500 130568.500 -11.333
388370.500 130569.500 -11.348
388370.500 130570.500 -11.353
388370.500 130571.500 -11.345
388370.500 130572.500 -11.360
388370.500 130573.500 -11.377
388370.500 130574.500 -11.393
388370.500 130575.500 -11.395
388370.500 130576.500 -11.385
388370.500 130577.500 -11.375
388370.500 130578.500 -11.375
388370.500 130579.500 -11.425
388370.500 130580.500 -11.460
388370.500 130581.500 -11.470
388370.500 130582.500 -11.505
388370.500 130583.500 -11.580
388370.500 130584.500 -11.635
388370.500 130585.500 -11.665
388370.500 130586.500 -11.695
388370.500 130587.500 -11.748
388370.500 130588.500 -11.793
388370.500 130589.500 -11.840
388370.500 130590.500 -11.873
388370.500 130591.500 -11.925
388371.500 130503.500 -11.107
388371.500 130504.500 -11.112
388371.500 130505.500 -11.123
388371.500 130506.500 -11.125
388371.500 130507.500 -11.128
388371.500 130508.500 -11.135
388371.500 130509.500 -11.157
388371.500 130510.500 -11.125
388371.500 130511.500 -11.050
388371.500 130512.500 -11.047
388371.500 130513.500 -11.058
388371.500 130514.500 -11.072
388371.500 130515.500 -11.065
388371.500 130516.500 -11.050
388371.500 130517.500 -11.073
388371.500 130518.500 -11.112
388371.500 130519.500 -11.112
388371.500 130520.500 -11.127
388371.500 130521.500 -11.115
388371.500 130522.500 -11.075
388371.500 130523.500 -11.055
388371.500 130524.500 -11.050
388371.500 130525.500 -11.062
388371.500 130526.500 -11.053
388371.500 130527.500 -11.052
388371.500 130528.500 -11.035
388371.500 130529.500 -11.005
388371.500 130530.500 -10.998
388371.500 130531.500 -10.995
388371.500 130532.500 -10.975
388371.500 130533.500 -10.965
388371.500 130534.500 -10.968
388371.500 130535.500 -10.947
388371.500 130536.500 -10.983
388371.500 130537.500 -10.957
388371.500 130538.500 -10.973
388371.500 130539.500 -11.020
388371.500 130540.500 -11.027
388371.500 130541.500 -11.010
388371.500 130542.500 -10.945
388371.500 130543.500 -10.883
388371.500 130544.500 -10.818
388371.500 130545.500 -10.767
388371.500 130546.500 -10.785
388371.500 130547.500 -10.780
388371.500 130548.500 -10.800
388371.500 130549.500 -10.812
388371.500 130550.500 -10.938
388371.500 130551.500 -11.002
388371.500 130552.500 -11.025
388371.500 130553.500 -11.025
388371.500 130554.500 -11.100
388371.500 130555.500 -11.207
388371.500 130556.500 -11.177
388371.500 130557.500 -11.080
388371.500 130558.500 -11.045
388371.500 130559.500 -11.047
388371.500 130560.500 -11.000
388371.500 130561.500 -11.000
388371.500 130562.500 -11.067
388371.500 130563.500 -11.060
388371.500 130564.500 -11.097
388371.500 130565.500 -11.117
388371.500 130566.500 -11.177
388371.500 130567.500 -11.210
388371.500 130568.500 -11.262
388371.500 130569.500 -11.310
388371.500 130570.500 -11.340
388371.500 130571.500 -11.348
388371.500 130572.500 -11.345
388371.500 130573.500 -11.350
388371.500 130574.500 -11.365
388371.500 130575.500 -11.380
388371.500 130576.500 -11.367
388371.500 130577.500 -11.370
388371.500 130578.500 -11.393
388371.500 130579.500 -11.445
388371.500 130580.500 -11.473
388371.500 130581.500 -11.503
388371.500 130582.500 -11.540
388371.500 130583.500 -11.595
388371.500 130584.500 -11.627
388371.500 130585.500 -11.638
388371.500 130586.500 -11.675
388371.500 130587.500 -11.717
388371.500 130588.500 -11.765
388371.500 130589.500 -11.815
388371.500 130590.500 -11.862
388371.500 130591.500 -11.902
388372.500 130503.500 -11.130
388372.500 130504.500 -11.135
388372.500 130505.500 -11.160
388372.500 130506.500 -11.140
388372.500 130507.500 -11.130
388372.500 130508.500 -11.143
388372.500 130509.500 -11.138
388372.500 130510.500 -11.135
388372.500 130511.500 -11.098
388372.500 130512.500 -11.033
388372.500 130513.500 -11.055
388372.500 130514.500 -11.060
388372.500 130515.500 -11.060
388372.500 130516.500 -11.058
388372.500 130517.500 -11.072
388372.500 130518.500 -11.100
388372.500 130519.500 -11.112
388372.500 130520.500 -11.117
388372.500 130521.500 -11.115
388372.500 130522.500 -11.102
388372.500 130523.500 -11.087
388372.500 130524.500 -11.058
388372.500 130525.500 -11.075
388372.500 130526.500 -11.072
388372.500 130527.500 -11.060
388372.500 130528.500 -11.080
388372.500 130529.500 -11.092
388372.500 130530.500 -11.068
388372.500 130531.500 -11.023
388372.500 130532.500 -11.002
388372.500 130533.500 -11.032
388372.500 130534.500 -11.008
388372.500 130535.500 -10.968
388372.500 130536.500 -10.955
388372.500 130537.500 -10.992
388372.500 130538.500 -11.045
388372.500 130539.500 -11.068
388372.500 130540.500 -11.082
388372.500 130541.500 -11.075
388372.500 130542.500 -11.013
388372.500 130543.500 -10.957
388372.500 130544.500 -10.830
388372.500 130545.500 -10.768
388372.500 130546.500 -10.795
388372.500 130547.500 -10.773
388372.500 130548.500 -10.770
388372.500 130549.500 -10.865
388372.500 130550.500 -10.938
388372.500 130551.500 -10.938
388372.500 130552.500 -10.983
388372.500 130553.500 -11.027
388372.500 130554.500 -11.060
388372.500 130555.500 -11.077
388372.500 130556.500 -11.115
388372.500 130557.500 -11.227
388372.500 130558.500 -11.223
388372.500 130559.500 -11.185
388372.500 130560.500 -11.100
388372.500 130561.500 -10.977
388372.500 130562.500 -10.950
388372.500 130563.500 -10.990
388372.500 130564.500 -11.050
388372.500 130565.500 -11.078
388372.500 130566.500 -11.117
388372.500 130567.500 -11.160
388372.500 130568.500 -11.232
388372.500 130569.500 -11.295
388372.500 130570.500 -11.310
388372.500 130571.500 -11.318
388372.500 130572.500 -11.320
388372.500 130573.500 -11.320
388372.500 130574.500 -11.337
388372.500 130575.500 -11.350
388372.500 130576.500 -11.373
388372.500 130577.500 -11.385
388372.500 130578.500 -11.418
388372.500 130579.500 -11.435
388372.500 130580.500 -11.450
388372.500 130581.500 -11.480
388372.500 130582.500 -11.522
388372.500 130583.500 -11.575
388372.500 130584.500 -11.617
388372.500 130585.500 -11.635
388372.500 130586.500 -11.670
388372.500 130587.500 -11.703
388372.500 130588.500 -11.740
388372.500 130589.500 -11.795
388372.500 130590.500 -11.842
388372.500 130591.500 -11.885
388373.500 130502.500 -11.135
388373.500 130503.500 -11.140
388373.500 130504.500 -11.145
388373.500 130505.500 -11.160
388373.500 130506.500 -11.155
388373.500 130507.500 -11.155
388373.500 130508.500 -11.150
388373.500 130509.500 -11.138
388373.500 130510.500 -11.148
388373.500 130511.500 -11.128
388373.500 130512.500 -11.095
388373.500 130513.500 -11.068
388373.500 130514.500 -11.068
388373.500 130515.500 -11.062
388373.500 130516.500 -11.047
388373.500 130517.500 -11.070
388373.500 130518.500 -11.088
388373.500 130519.500 -11.103
388373.500 130520.500 -11.112
388373.500 130521.500 -11.110
388373.500 130522.500 -11.130
388373.500 130523.500 -11.128
388373.500 130524.500 -11.082
388373.500 130525.500 -11.088
388373.500 130526.500 -11.115
388373.500 130527.500 -11.112
388373.500 130528.500 -11.125
388373.500 130529.500 -11.135
388373.500 130530.500 -11.103
388373.500 130531.500 -11.037
388373.500 130532.500 -10.973
388373.500 130533.500 -11.000
388373.500 130534.500 -11.017
388373.500 130535.500 -10.973
388373.500 130536.500 -10.957
388373.500 130537.500 -10.980
388373.500 130538.500 -11.010
388373.500 130539.500 -11.040
388373.500 130540.500 -11.088
388373.500 130541.500 -11.098
388373.500 130542.500 -11.010
388373.500 130543.500 -10.960
388373.500 130544.500 -10.977
388373.500 130545.500 -10.910
388373.500 130546.500 -10.878
388373.500 130547.500 -10.790
388373.500 130548.500 -10.758
388373.500 130549.500 -10.878
388373.500 130550.500 -10.922
388373.500 130551.500 -10.895
388373.500 130552.500 -10.945
388373.500 130553.500 -11.027
388373.500 130554.500 -11.047
388373.500 130555.500 -11.023
388373.500 130556.500 -11.018
388373.500 130557.500 -11.248
388373.500 130558.500 -11.277
388373.500 130559.500 -11.253
388373.500 130560.500 -11.230
388373.500 130561.500 -11.132
388373.500 130562.500 -10.990
388373.500 130563.500 -10.957
388373.500 130564.500 -10.980
388373.500 130565.500 -11.093
388373.500 130566.500 -11.185
388373.500 130567.500 -11.235
388373.500 130568.500 -11.282
388373.500 130569.500 -11.287
388373.500 130570.500 -11.272
388373.500 130571.500 -11.283
388373.500 130572.500 -11.300
388373.500 130573.500 -11.308
388373.500 130574.500 -11.305
388373.500 130575.500 -11.303
388373.500 130576.500 -11.320
388373.500 130577.500 -11.368
388373.500 130578.500 -11.402
388373.500 130579.500 -11.432
388373.500 130580.500 -11.468
388373.500 130581.500 -11.488
388373.500 130582.500 -11.520
388373.500 130583.500 -11.553
388373.500 130584.500 -11.580
388373.500 130585.500 -11.615
388373.500 130586.500 -11.665
388373.500 130587.500 -11.707
388373.500 130588.500 -11.745
388373.500 130589.500 -11.790
388373.500 130590.500 -11.830
388373.500 130591.500 -11.870
388374.500 130501.500 -11.165
388374.500 130502.500 -11.172
388374.500 130503.500 -11.165
388374.500 130504.500 -11.160
388374.500 130505.500 -11.167
388374.500 130506.500 -11.170
388374.500 130507.500 -11.165
388374.500 130508.500 -11.150
388374.500 130509.500 -11.155
388374.500 130510.500 -11.163
388374.500 130511.500 -11.165
388374.500 130512.500 -11.128
388374.500 130513.500 -11.107
388374.500 130514.500 -11.075
388374.500 130515.500 -11.090
388374.500 130516.500 -11.065
388374.500 130517.500 -11.088
388374.500 130518.500 -11.100
388374.500 130519.500 -11.107
388374.500 130520.500 -11.107
388374.500 130521.500 -11.107
388374.500 130522.500 -11.127
388374.500 130523.500 -11.145
388374.500 130524.500 -11.117
388374.500 130525.500 -11.100
388374.500 130526.500 -11.135
388374.500 130527.500 -11.145
388374.500 130528.500 -11.150
388374.500 130529.500 -11.148
388374.500 130530.500 -11.113
388374.500 130531.500 -11.040
388374.500 130532.500 -10.907
388374.500 130533.500 -10.953
388374.500 130534.500 -11.023
388374.500 130535.500 -10.995
388374.500 130536.500 -10.945
388374.500 130537.500 -10.948
388374.500 130538.500 -10.950
388374.500 130539.500 -10.955
388374.500 130540.500 -11.090
388374.500 130541.500 -11.113
388374.500 130542.500 -11.032
388374.500 130543.500 -11.030
388374.500 130544.500 -11.055
388374.500 130545.500 -11.055
388374.500 130546.500 -11.072
388374.500 130547.500 -11.005
388374.500 130548.500 -10.912
388374.500 130549.500 -10.940
388374.500 130550.500 -10.955
388374.500 130551.500 -10.885
388374.500 130552.500 -10.780
388374.500 130553.500 -10.995
388374.500 130554.500 -11.100
388374.500 130555.500 -11.127
388374.500 130556.500 -11.145
388374.500 130557.500 -11.235
388374.500 130558.500 -11.267
388374.500 130559.500 -11.223
388374.500 130560.500 -11.197
388374.500 130561.500 -11.188
388374.500 130562.500 -11.065
388374.500 130563.500 -11.035
388374.500 130564.500 -11.050
388374.500 130565.500 -10.885
388374.500 130566.500 -11.045
388374.500 130567.500 -11.160
388374.500 130568.500 -11.260
388374.500 130569.500 -11.285
388374.500 130570.500 -11.247
388374.500 130571.500 -11.270
388374.500 130572.500 -11.280
388374.500 130573.500 -11.280
388374.500 130574.500 -11.305
388374.500 130575.500 -11.313
388374.500 130576.500 -11.335
388374.500 130577.500 -11.375
388374.500 130578.500 -11.405
388374.500 130579.500 -11.430
388374.500 130580.500 -11.473
388374.500 130581.500 -11.515
388374.500 130582.500 -11.533
388374.500 130583.500 -11.537
388374.500 130584.500 -11.550
388374.500 130585.500 -11.598
388374.500 130586.500 -11.648
388374.500 130587.500 -11.707
388374.500 130588.500 -11.745
388374.500 130589.500 -11.787
388374.500 130590.500 -11.832
388374.500 130591.500 -11.875
388375.500 130501.500 -11.218
388375.500 130502.500 -11.205
388375.500 130503.500 -11.192
388375.500 130504.500 -11.185
388375.500 130505.500 -11.195
388375.500 130506.500 -11.178
388375.500 130507.500 -11.175
388375.500 130508.500 -11.167
388375.500 130509.500 -11.160
388375.500 130510.500 -11.163
388375.500 130511.500 -11.190
388375.500 130512.500 -11.172
388375.500 130513.500 -11.155
388375.500 130514.500 -11.092
388375.500 130515.500 -11.095
388375.500 130516.500 -11.098
388375.500 130517.500 -11.107
388375.500 130518.500 -11.117
388375.500 130519.500 -11.125
388375.500 130520.500 -11.130
388375.500 130521.500 -11.123
388375.500 130522.500 -11.127
388375.500 130523.500 -11.168
388375.500 130524.500 -11.152
388375.500 130525.500 -11.092
388375.500 130526.500 -11.115
388375.500 130527.500 -11.157
388375.500 130528.500 -11.155
388375.500 130529.500 -11.147
388375.500 130530.500 -11.125
388375.500 130531.500 -11.053
388375.500 130532.500 -10.900
388375.500 130533.500 -10.812
388375.500 130534.500 -10.977
388375.500 130535.500 -11.017
388375.500 130536.500 -10.997
388375.500 130537.500 -10.925
388375.500 130538.500 -10.862
388375.500 130539.500 -10.905
388375.500 130540.500 -11.088
388375.500 130541.500 -11.135
388375.500 130542.500 -11.105
388375.500 130543.500 -11.115
388375.500 130544.500 -11.115
388375.500 130545.500 -11.148
388375.500 130546.500 -11.152
388375.500 130547.500 -11.110
388375.500 130548.500 -11.078
388375.500 130549.500 -11.062
388375.500 130550.500 -11.070
388375.500 130551.500 -10.938
388375.500 130552.500 -10.893
388375.500 130553.500 -11.082
388375.500 130554.500 -11.160
388375.500 130555.500 -11.203
388375.500 130556.500 -11.220
388375.500 130557.500 -11.248
388375.500 130558.500 -11.248
388375.500 130559.500 -11.192
388375.500 130560.500 -11.127
388375.500 130561.500 -11.172
388375.500 130562.500 -11.152
388375.500 130563.500 -11.080
388375.500 130564.500 -11.113
388375.500 130565.500 -11.125
388375.500 130566.500 -11.197
388375.500 130567.500 -11.080
388375.500 130568.500 -11.025
388375.500 130569.500 -11.180
388375.500 130570.500 -11.268
388375.500 130571.500 -11.282
388375.500 130572.500 -11.268
388375.500 130573.500 -11.275
388375.500 130574.500 -11.303
388375.500 130575.500 -11.325
388375.500 130576.500 -11.335
388375.500 130577.500 -11.377
388375.500 130578.500 -11.410
388375.500 130579.500 -11.437
388375.500 130580.500 -11.470
388375.500 130581.500 -11.520
388375.500 130582.500 -11.553
388375.500 130583.500 -11.565
388375.500 130584.500 -11.578
388375.500 130585.500 -11.602
388375.500 130586.500 -11.635
388375.500 130587.500 -11.685
388375.500 130588.500 -11.732
388375.500 130589.500 -11.777
388375.500 130590.500 -11.815
388375.500 130591.500 -11.865
388376.500 130500.500 -11.243
388376.500 130501.500 -11.225
388376.500 130502.500 -11.193
388376.500 130503.500 -11.205
388376.500 130504.500 -11.220
388376.500 130505.500 -11.213
388376.500 130506.500 -11.195
388376.500 130507.500 -11.175
388376.500 130508.500 -11.177
388376.500 130509.500 -11.182
388376.500 130510.500 -11.172
388376.500 130511.500 -11.185
388376.500 130512.500 -11.197
388376.500 130513.500 -11.192
388376.500 130514.500 -11.178
388376.500 130515.500 -11.122
388376.500 130516.500 -11.110
388376.500 130517.500 -11.127
388376.500 130518.500 -11.130
388376.500 130519.500 -11.143
388376.500 130520.500 -11.152
388376.500 130521.500 -11.160
388376.500 130522.500 -11.177
388376.500 130523.500 -11.182
388376.500 130524.500 -11.155
388376.500 130525.500 -11.058
388376.500 130526.500 -11.053
388376.500 130527.500 -11.158
388376.500 130528.500 -11.178
388376.500 130529.500 -11.178
388376.500 130530.500 -11.148
388376.500 130531.500 -11.088
388376.500 130532.500 -10.973
388376.500 130533.500 -10.873
388376.500 130534.500 -10.920
388376.500 130535.500 -11.062
388376.500 130536.500 -11.072
388376.500 130537.500 -11.005
388376.500 130538.500 -10.925
388376.500 130539.500 -10.935
388376.500 130540.500 -11.047
388376.500 130541.500 -11.117
388376.500 130542.500 -11.127
388376.500 130543.500 -11.125
388376.500 130544.500 -11.113
388376.500 130545.500 -11.145
388376.500 130546.500 -11.170
388376.500 130547.500 -11.147
388376.500 130548.500 -11.148
388376.500 130549.500 -11.177
388376.500 130550.500 -11.180
388376.500 130551.500 -11.045
388376.500 130552.500 -10.927
388376.500 130553.500 -11.100
388376.500 130554.500 -11.223
388376.500 130555.500 -11.235
388376.500 130556.500 -11.238
388376.500 130557.500 -11.238
388376.500 130558.500 -11.257
388376.500 130559.500 -11.243
388376.500 130560.500 -11.203
388376.500 130561.500 -11.197
388376.500 130562.500 -11.173
388376.500 130563.500 -11.100
388376.500 130564.500 -11.135
388376.500 130565.500 -11.223
388376.500 130566.500 -11.293
388376.500 130567.500 -11.258
388376.500 130568.500 -11.120
388376.500 130569.500 -11.125
388376.500 130570.500 -11.200
388376.500 130571.500 -11.258
388376.500 130572.500 -11.260
388376.500 130573.500 -11.290
388376.500 130574.500 -11.317
388376.500 130575.500 -11.330
388376.500 130576.500 -11.350
388376.500 130577.500 -11.377
388376.500 130578.500 -11.402
388376.500 130579.500 -11.430
388376.500 130580.500 -11.460
388376.500 130581.500 -11.508
388376.500 130582.500 -11.547
388376.500 130583.500 -11.565
388376.500 130584.500 -11.582
388376.500 130585.500 -11.610
388376.500 130586.500 -11.645
388376.500 130587.500 -11.670
388376.500 130588.500 -11.718
388376.500 130589.500 -11.760
388376.500 130590.500 -11.802
388376.500 130591.500 -11.850
388377.500 130499.500 -11.275
388377.500 130500.500 -11.258
388377.500 130501.500 -11.210
388377.500 130502.500 -11.180
388377.500 130503.500 -11.232
388377.500 130504.500 -11.248
388377.500 130505.500 -11.242
388377.500 130506.500 -11.233
388377.500 130507.500 -11.215
388377.500 130508.500 -11.228
388377.500 130509.500 -11.220
388377.500 130510.500 -11.200
388377.500 130511.500 -11.200
388377.500 130512.500 -11.213
388377.500 130513.500 -11.235
388377.500 130514.500 -11.238
388377.500 130515.500 -11.195
388377.500 130516.500 -11.133
388377.500 130517.500 -11.140
388377.500 130518.500 -11.123
388377.500 130519.500 -11.135
388377.500 130520.500 -11.177
388377.500 130521.500 -11.203
388377.500 130522.500 -11.225
388377.500 130523.500 -11.223
388377.500 130524.500 -11.207
388377.500 130525.500 -11.175
388377.500 130526.500 -11.185
388377.500 130527.500 -11.213
388377.500 130528.500 -11.207
388377.500 130529.500 -11.200
388377.500 130530.500 -11.180
388377.500 130531.500 -11.107
388377.500 130532.500 -11.053
388377.500 130533.500 -10.988
388377.500 130534.500 -11.010
388377.500 130535.500 -11.130
388377.500 130536.500 -11.120
388377.500 130537.500 -11.095
388377.500 130538.500 -11.005
388377.500 130539.500 -10.905
388377.500 130540.500 -10.977
388377.500 130541.500 -11.018
388377.500 130542.500 -11.023
388377.500 130543.500 -11.073
388377.500 130544.500 -11.078
388377.500 130545.500 -11.117
388377.500 130546.500 -11.195
388377.500 130547.500 -11.207
388377.500 130548.500 -11.203
388377.500 130549.500 -11.230
388377.500 130550.500 -11.215
388377.500 130551.500 -11.145
388377.500 130552.500 -11.065
388377.500 130553.500 -11.075
388377.500 130554.500 -11.147
388377.500 130555.500 -11.190
388377.500 130556.500 -11.217
388377.500 130557.500 -11.200
388377.500 130558.500 -11.225
388377.500 130559.500 -11.250
388377.500 130560.500 -11.185
388377.500 130561.500 -11.203
388377.500 130562.500 -11.200
388377.500 130563.500 -11.188
388377.500 130564.500 -11.165
388377.500 130565.500 -11.205
388377.500 130566.500 -11.297
388377.500 130567.500 -11.318
388377.500 130568.500 -11.280
388377.500 130569.500 -11.260
388377.500 130570.500 -11.248
388377.500 130571.500 -11.220
388377.500 130572.500 -11.220
388377.500 130573.500 -11.277
388377.500 130574.500 -11.317
388377.500 130575.500 -11.355
388377.500 130576.500 -11.375
388377.500 130577.500 -11.393
388377.500 130578.500 -11.407
388377.500 130579.500 -11.425
388377.500 130580.500 -11.450
388377.500 130581.500 -11.488
388377.500 130582.500 -11.525
388377.500 130583.500 -11.545
388377.500 130584.500 -11.570
388377.500 130585.500 -11.593
388377.500 130586.500 -11.625
388377.500 130587.500 -11.658
388377.500 130588.500 -11.698
388377.500 130589.500 -11.735
388377.500 130590.500 -11.775
388377.500 130591.500 -11.828
388378.500 130499.500 -11.285
388378.500 130500.500 -11.267
388378.500 130501.500 -11.255
388378.500 130502.500 -11.242
388378.500 130503.500 -11.255
388378.500 130504.500 -11.257
388378.500 130505.500 -11.272
388378.500 130506.500 -11.260
388378.500 130507.500 -11.260
388378.500 130508.500 -11.258
388378.500 130509.500 -11.260
388378.500 130510.500 -11.265
388378.500 130511.500 -11.265
388378.500 130512.500 -11.270
388378.500 130513.500 -11.288
388378.500 130514.500 -11.298
388378.500 130515.500 -11.277
388378.500 130516.500 -11.212
388378.500 130517.500 -11.195
388378.500 130518.500 -11.180
388378.500 130519.500 -11.172
388378.500 130520.500 -11.220
388378.500 130521.500 -11.223
388378.500 130522.500 -11.192
388378.500 130523.500 -11.280
388378.500 130524.500 -11.277
388378.500 130525.500 -11.260
388378.500 130526.500 -11.232
388378.500 130527.500 -11.245
388378.500 130528.500 -11.250
388378.500 130529.500 -11.235
388378.500 130530.500 -11.182
388378.500 130531.500 -11.137
388378.500 130532.500 -11.132
388378.500 130533.500 -11.137
388378.500 130534.500 -11.125
388378.500 130535.500 -11.155
388378.500 130536.500 -11.152
388378.500 130537.500 -11.113
388378.500 130538.500 -11.043
388378.500 130539.500 -10.808
388378.500 130540.500 -10.858
388378.500 130541.500 -10.977
388378.500 130542.500 -10.940
388378.500 130543.500 -11.037
388378.500 130544.500 -11.117
388378.500 130545.500 -11.155
388378.500 130546.500 -11.210
388378.500 130547.500 -11.215
388378.500 130548.500 -11.213
388378.500 130549.500 -11.215
388378.500 130550.500 -11.210
388378.500 130551.500 -11.192
388378.500 130552.500 -11.143
388378.500 130553.500 -11.078
388378.500 130554.500 -11.047
388378.500 130555.500 -11.090
388378.500 130556.500 -11.207
388378.500 130557.500 -11.205
388378.500 130558.500 -11.210
388378.500 130559.500 -11.205
388378.500 130560.500 -11.160
388378.500 130561.500 -11.078
388378.500 130562.500 -11.033
388378.500 130563.500 -11.045
388378.500 130564.500 -11.135
388378.500 130565.500 -11.218
388378.500 130566.500 -11.303
388378.500 130567.500 -11.322
388378.500 130568.500 -11.300
388378.500 130569.500 -11.265
388378.500 130570.500 -11.270
388378.500 130571.500 -11.283
388378.500 130572.500 -11.240
388378.500 130573.500 -11.252
388378.500 130574.500 -11.285
388378.500 130575.500 -11.332
388378.500 130576.500 -11.375
388378.500 130577.500 -11.400
388378.500 130578.500 -11.410
388378.500 130579.500 -11.435
388378.500 130580.500 -11.450
388378.500 130581.500 -11.473
388378.500 130582.500 -11.498
388378.500 130583.500 -11.515
388378.500 130584.500 -11.545
388378.500 130585.500 -11.587
388378.500 130586.500 -11.612
388378.500 130587.500 -11.650
388378.500 130588.500 -11.688
388378.500 130589.500 -11.720
388378.500 130590.500 -11.758
388378.500 130591.500 -11.805
388379.500 130498.500 -11.285
388379.500 130499.500 -11.280
388379.500 130500.500 -11.277
388379.500 130501.500 -11.287
388379.500 130502.500 -11.287
388379.500 130503.500 -11.275
388379.500 130504.500 -11.277
388379.500 130505.500 -11.285
388379.500 130506.500 -11.280
388379.500 130507.500 -11.288
388379.500 130508.500 -11.268
388379.500 130509.500 -11.298
388379.500 130510.500 -11.307
388379.500 130511.500 -11.330
388379.500 130512.500 -11.322
388379.500 130513.500 -11.310
388379.500 130514.500 -11.340
388379.500 130515.500 -11.348
388379.500 130516.500 -11.335
388379.500 130517.500 -11.293
388379.500 130518.500 -11.275
388379.500 130519.500 -11.270
388379.500 130520.500 -11.265
388379.500 130521.500 -11.195
388379.500 130522.500 -11.188
388379.500 130523.500 -11.295
388379.500 130524.500 -11.322
388379.500 130525.500 -11.287
388379.500 130526.500 -11.210
388379.500 130527.500 -11.213
388379.500 130528.500 -11.275
388379.500 130529.500 -11.242
388379.500 130530.500 -11.207
388379.500 130531.500 -11.195
388379.500 130532.500 -11.175
388379.500 130533.500 -11.165
388379.500 130534.500 -11.157
388379.500 130535.500 -11.175
388379.500 130536.500 -11.158
388379.500 130537.500 -11.102
388379.500 130538.500 -11.097
388379.500 130539.500 -11.023
388379.500 130540.500 -10.998
388379.500 130541.500 -11.105
388379.500 130542.500 -10.928
388379.500 130543.500 -10.950
388379.500 130544.500 -11.180
388379.500 130545.500 -11.190
388379.500 130546.500 -11.185
388379.500 130547.500 -11.195
388379.500 130548.500 -11.193
388379.500 130549.500 -11.193
388379.500 130550.500 -11.170
388379.500 130551.500 -11.143
388379.500 130552.500 -11.127
388379.500 130553.500 -11.085
388379.500 130554.500 -11.058
388379.500 130555.500 -11.082
388379.500 130556.500 -11.130
388379.500 130557.500 -11.140
388379.500 130558.500 -11.135
388379.500 130559.500 -11.093
388379.500 130560.500 -11.055
388379.500 130561.500 -10.965
388379.500 130562.500 -10.968
388379.500 130563.500 -10.885
388379.500 130564.500 -11.027
388379.500 130565.500 -11.223
388379.500 130566.500 -11.280
388379.500 130567.500 -11.297
388379.500 130568.500 -11.308
388379.500 130569.500 -11.287
388379.500 130570.500 -11.285
388379.500 130571.500 -11.277
388379.500 130572.500 -11.305
388379.500 130573.500 -11.315
388379.500 130574.500 -11.285
388379.500 130575.500 -11.300
388379.500 130576.500 -11.338
388379.500 130577.500 -11.365
388379.500 130578.500 -11.393
388379.500 130579.500 -11.428
388379.500 130580.500 -11.450
388379.500 130581.500 -11.468
388379.500 130582.500 -11.483
388379.500 130583.500 -11.498
388379.500 130584.500 -11.532
388379.500 130585.500 -11.582
388379.500 130586.500 -11.615
388379.500 130587.500 -11.655
388379.500 130588.500 -11.677
388379.500 130589.500 -11.715
388379.500 130590.500 -11.745
388379.500 130591.500 -11.787
388380.500 130497.500 -11.282
388380.500 130498.500 -11.267
388380.500 130499.500 -11.270
388380.500 130500.500 -11.268
388380.500 130501.500 -11.277
388380.500 130502.500 -11.293
388380.500 130503.500 -11.287
388380.500 130504.500 -11.280
388380.500 130505.500 -11.285
388380.500 130506.500 -11.308
388380.500 130507.500 -11.308
388380.500 130508.500 -11.313
388380.500 130509.500 -11.332
388380.500 130510.500 -11.340
388380.500 130511.500 -11.350
388380.500 130512.500 -11.350
388380.500 130513.500 -11.343
388380.500 130514.500 -11.350
388380.500 130515.500 -11.370
388380.500 130516.500 -11.395
388380.500 130517.500 -11.385
388380.500 130518.500 -11.318
388380.500 130519.500 -11.322
388380.500 130520.500 -11.285
388380.500 130521.500 -11.170
388380.500 130522.500 -11.135
388380.500 130523.500 -11.235
388380.500 130524.500 -11.348
388380.500 130525.500 -11.335
388380.500 130526.500 -11.275
388380.500 130527.500 -11.238
388380.500 130528.500 -11.303
388380.500 130529.500 -11.297
388380.500 130530.500 -11.268
388380.500 130531.500 -11.240
388380.500 130532.500 -11.183
388380.500 130533.500 -11.115
388380.500 130534.500 -11.090
388380.500 130535.500 -11.150
388380.500 130536.500 -11.148
388380.500 130537.500 -11.148
388380.500 130538.500 -11.178
388380.500 130539.500 -11.135
388380.500 130540.500 -11.078
388380.500 130541.500 -11.025
388380.500 130542.500 -10.898
388380.500 130543.500 -10.960
388380.500 130544.500 -11.167
388380.500 130545.500 -11.197
388380.500 130546.500 -11.158
388380.500 130547.500 -11.153
388380.500 130548.500 -11.120
388380.500 130549.500 -11.093
388380.500 130550.500 -11.090
388380.500 130551.500 -11.062
388380.500 130552.500 -10.990
388380.500 130553.500 -10.967
388380.500 130554.500 -11.005
388380.500 130555.500 -11.055
388380.500 130556.500 -11.072
388380.500 130557.500 -11.070
388380.500 130558.500 -11.030
388380.500 130559.500 -10.950
388380.500 130560.500 -10.960
388380.500 130561.500 -10.975
388380.500 130562.500 -11.008
388380.500 130563.500 -11.015
388380.500 130564.500 -11.143
388380.500 130565.500 -11.292
388380.500 130566.500 -11.317
388380.500 130567.500 -11.305
388380.500 130568.500 -11.295
388380.500 130569.500 -11.297
388380.500 130570.500 -11.282
388380.500 130571.500 -11.275
388380.500 130572.500 -11.290
388380.500 130573.500 -11.318
388380.500 130574.500 -11.325
388380.500 130575.500 -11.312
388380.500 130576.500 -11.297
388380.500 130577.500 -11.342
388380.500 130578.500 -11.367
388380.500 130579.500 -11.388
388380.500 130580.500 -11.413
388380.500 130581.500 -11.450
388380.500 130582.500 -11.470
388380.500 130583.500 -11.498
388380.500 130584.500 -11.535
388380.500 130585.500 -11.578
388380.500 130586.500 -11.615
388380.500 130587.500 -11.640
388380.500 130588.500 -11.663
388380.500 130589.500 -11.703
388380.500 130590.500 -11.740
388380.500 130591.500 -11.775
388381.500 130497.500 -11.258
388381.500 130498.500 -11.255
388381.500 130499.500 -11.270
388381.500 130500.500 -11.255
388381.500 130501.500 -11.260
388381.500 130502.500 -11.280
388381.500 130503.500 -11.283
388381.500 130504.500 -11.282
388381.500 130505.500 -11.305
388381.500 130506.500 -11.308
388381.500 130507.500 -11.322
388381.500 130508.500 -11.345
388381.500 130509.500 -11.365
388381.500 130510.500 -11.370
388381.500 130511.500 -11.375
388381.500 130512.500 -11.365
388381.500 130513.500 -11.360
388381.500 130514.500 -11.360
388381.500 130515.500 -11.362
388381.500 130516.500 -11.410
388381.500 130517.500 -11.405
388381.500 130518.500 -11.350
388381.500 130519.500 -11.313
388381.500 130520.500 -11.298
388381.500 130521.500 -11.155
388381.500 130522.500 -11.200
388381.500 130523.500 -11.305
388381.500 130524.500 -11.360
388381.500 130525.500 -11.378
388381.500 130526.500 -11.345
388381.500 130527.500 -11.303
388381.500 130528.500 -11.337
388381.500 130529.500 -11.337
388381.500 130530.500 -11.305
388381.500 130531.500 -11.260
388381.500 130532.500 -11.225
388381.500 130533.500 -11.158
388381.500 130534.500 -11.092
388381.500 130535.500 -11.103
388381.500 130536.500 -11.135
388381.500 130537.500 -11.170
388381.500 130538.500 -11.175
388381.500 130539.500 -11.143
388381.500 130540.500 -11.105
388381.500 130541.500 -11.067
388381.500 130542.500 -10.942
388381.500 130543.500 -10.918
388381.500 130544.500 -11.072
388381.500 130545.500 -11.160
388381.500 130546.500 -11.162
388381.500 130547.500 -11.090
388381.500 130548.500 -10.962
388381.500 130549.500 -10.895
388381.500 130550.500 -10.895
388381.500 130551.500 -10.967
388381.500 130552.500 -10.927
388381.500 130553.500 -10.870
388381.500 130554.500 -10.900
388381.500 130555.500 -10.893
388381.500 130556.500 -10.997
388381.500 130557.500 -11.008
388381.500 130558.500 -10.993
388381.500 130559.500 -10.990
388381.500 130560.500 -11.043
388381.500 130561.500 -11.158
388381.500 130562.500 -11.188
388381.500 130563.500 -11.202
388381.500 130564.500 -11.280
388381.500 130565.500 -11.345
388381.500 130566.500 -11.325
388381.500 130567.500 -11.310
388381.500 130568.500 -11.297
388381.500 130569.500 -11.290
388381.500 130570.500 -11.297
388381.500 130571.500 -11.305
388381.500 130572.500 -11.300
388381.500 130573.500 -11.310
388381.500 130574.500 -11.327
388381.500 130575.500 -11.348
388381.500 130576.500 -11.345
388381.500 130577.500 -11.310
388381.500 130578.500 -11.335
388381.500 130579.500 -11.387
388381.500 130580.500 -11.415
388381.500 130581.500 -11.428
388381.500 130582.500 -11.432
388381.500 130583.500 -11.475
388381.500 130584.500 -11.510
388381.500 130585.500 -11.553
388381.500 130586.500 -11.600
388381.500 130587.500 -11.620
388381.500 130588.500 -11.652
388381.500 130589.500 -11.688
388381.500 130590.500 -11.725
388381.500 130591.500 -11.762
388382.500 130496.500 -11.252
388382.500 130497.500 -11.243
388382.500 130498.500 -11.240
388382.500 130499.500 -11.258
388382.500 130500.500 -11.262
388382.500 130501.500 -11.258
388382.500 130502.500 -11.265
388382.500 130503.500 -11.285
388382.500 130504.500 -11.282
388382.500 130505.500 -11.300
388382.500 130506.500 -11.320
388382.500 130507.500 -11.325
388382.500 130508.500 -11.352
388382.500 130509.500 -11.370
388382.500 130510.500 -11.388
388382.500 130511.500 -11.375
388382.500 130512.500 -11.375
388382.500 130513.500 -11.370
388382.500 130514.500 -11.380
388382.500 130515.500 -11.387
388382.500 130516.500 -11.418
388382.500 130517.500 -11.430
388382.500 130518.500 -11.410
388382.500 130519.500 -11.422
388382.500 130520.500 -11.387
388382.500 130521.500 -11.375
388382.500 130522.500 -11.402
388382.500 130523.500 -11.422
388382.500 130524.500 -11.407
388382.500 130525.500 -11.410
388382.500 130526.500 -11.355
388382.500 130527.500 -11.310
388382.500 130528.500 -11.380
388382.500 130529.500 -11.360
388382.500 130530.500 -11.345
388382.500 130531.500 -11.337
388382.500 130532.500 -11.310
388382.500 130533.500 -11.220
388382.500 130534.500 -11.117
388382.500 130535.500 -11.230
388382.500 130536.500 -11.200
388382.500 130537.500 -11.208
388382.500 130538.500 -11.223
388382.500 130539.500 -11.218
388382.500 130540.500 -11.225
388382.500 130541.500 -11.210
388382.500 130542.500 -11.093
388382.500 130543.500 -10.943
388382.500 130544.500 -10.925
388382.500 130545.500 -11.015
388382.500 130546.500 -11.067
388382.500 130547.500 -10.973
388382.500 130548.500 -10.822
388382.500 130549.500 -10.770
388382.500 130550.500 -10.790
388382.500 130551.500 -10.920
388382.500 130552.500 -10.895
388382.500 130553.500 -10.825
388382.500 130554.500 -10.812
388382.500 130555.500 -10.745
388382.500 130556.500 -10.933
388382.500 130557.500 -11.040
388382.500 130558.500 -11.018
388382.500 130559.500 -11.018
388382.500 130560.500 -11.080
388382.500 130561.500 -11.223
388382.500 130562.500 -11.328
388382.500 130563.500 -11.335
388382.500 130564.500 -11.327
388382.500 130565.500 -11.332
388382.500 130566.500 -11.332
388382.500 130567.500 -11.300
388382.500 130568.500 -11.297
388382.500 130569.500 -11.295
388382.500 130570.500 -11.295
388382.500 130571.500 -11.308
388382.500 130572.500 -11.310
388382.500 130573.500 -11.318
388382.500 130574.500 -11.335
388382.500 130575.500 -11.335
388382.500 130576.500 -11.352
388382.500 130577.500 -11.345
388382.500 130578.500 -11.320
388382.500 130579.500 -11.332
388382.500 130580.500 -11.400
388382.500 130581.500 -11.440
388382.500 130582.500 -11.443
388382.500 130583.500 -11.455
388382.500 130584.500 -11.480
388382.500 130585.500 -11.530
388382.500 130586.500 -11.578
388382.500 130587.500 -11.602
388382.500 130588.500 -11.635
388382.500 130589.500 -11.660
388382.500 130590.500 -11.688
388382.500 130591.500 -11.725
388383.500 130495.500 -11.245
388383.500 130496.500 -11.233
388383.500 130497.500 -11.232
388383.500 130498.500 -11.225
388383.500 130499.500 -11.218
388383.500 130500.500 -11.255
388383.500 130501.500 -11.262
388383.500 130502.500 -11.265
388383.500 130503.500 -11.262
388383.500 130504.500 -11.295
388383.500 130505.500 -11.313
388383.500 130506.500 -11.305
388383.500 130507.500 -11.327
388383.500 130508.500 -11.348
388383.500 130509.500 -11.352
388383.500 130510.500 -11.360
388383.500 130511.500 -11.383
388383.500 130512.500 -11.390
388383.500 130513.500 -11.400
388383.500 130514.500 -11.420
388383.500 130515.500 -11.427
388383.500 130516.500 -11.432
388383.500 130517.500 -11.455
388383.500 130518.500 -11.485
388383.500 130519.500 -11.508
388383.500 130520.500 -11.460
388383.500 130521.500 -11.435
388383.500 130522.500 -11.450
388383.500 130523.500 -11.460
388383.500 130524.500 -11.460
388383.500 130525.500 -11.430
388383.500 130526.500 -11.378
388383.500 130527.500 -11.305
388383.500 130528.500 -11.370
388383.500 130529.500 -11.365
388383.500 130530.500 -11.362
388383.500 130531.500 -11.370
388383.500 130532.500 -11.350
388383.500 130533.500 -11.298
388383.500 130534.500 -11.277
388383.500 130535.500 -11.305
388383.500 130536.500 -11.295
388383.500 130537.500 -11.245
388383.500 130538.500 -11.233
388383.500 130539.500 -11.255
388383.500 130540.500 -11.275
388383.500 130541.500 -11.270
388383.500 130542.500 -11.185
388383.500 130543.500 -11.050
388383.500 130544.500 -10.933
388383.500 130545.500 -10.883
388383.500 130546.500 -10.918
388383.500 130547.500 -10.885
388383.500 130548.500 -10.837
388383.500 130549.500 -10.805
388383.500 130550.500 -10.815
388383.500 130551.500 -10.957
388383.500 130552.500 -10.893
388383.500 130553.500 -10.840
388383.500 130554.500 -10.843
388383.500 130555.500 -10.852
388383.500 130556.500 -11.008
388383.500 130557.500 -11.120
388383.500 130558.500 -11.133
388383.500 130559.500 -11.140
388383.500 130560.500 -11.127
388383.500 130561.500 -11.227
388383.500 130562.500 -11.303
388383.500 130563.500 -11.322
388383.500 130564.500 -11.332
388383.500 130565.500 -11.320
388383.500 130566.500 -11.312
388383.500 130567.500 -11.318
388383.500 130568.500 -11.318
388383.500 130569.500 -11.315
388383.500 130570.500 -11.308
388383.500 130571.500 -11.297
388383.500 130572.500 -11.302
388383.500 130573.500 -11.322
388383.500 130574.500 -11.330
388383.500 130575.500 -11.328
388383.500 130576.500 -11.340
388383.500 130577.500 -11.343
388383.500 130578.500 -11.357
388383.500 130579.500 -11.365
388383.500 130580.500 -11.348
388383.500 130581.500 -11.398
388383.500 130582.500 -11.450
388383.500 130583.500 -11.488
388383.500 130584.500 -11.503
388383.500 130585.500 -11.502
388383.500 130586.500 -11.527
388383.500 130587.500 -11.560
388383.500 130588.500 -11.598
388383.500 130589.500 -11.630
388383.500 130590.500 -11.663
388383.500 130591.500 -11.703
388384.500 130495.500 -11.220
388384.500 130496.500 -11.192
388384.500 130497.500 -11.193
388384.500 130498.500 -11.205
388384.500 130499.500 -11.200
388384.500 130500.500 -11.227
388384.500 130501.500 -11.250
388384.500 130502.500 -11.265
388384.500 130503.500 -11.257
388384.500 130504.500 -11.287
388384.500 130505.500 -11.315
388384.500 130506.500 -11.312
388384.500 130507.500 -11.335
388384.500 130508.500 -11.345
388384.500 130509.500 -11.340
388384.500 130510.500 -11.360
388384.500 130511.500 -11.390
388384.500 130512.500 -11.402
388384.500 130513.500 -11.425
388384.500 130514.500 -11.448
388384.500 130515.500 -11.458
388384.500 130516.500 -11.457
388384.500 130517.500 -11.467
388384.500 130518.500 -11.492
388384.500 130519.500 -11.505
388384.500 130520.500 -11.455
388384.500 130521.500 -11.398
388384.500 130522.500 -11.415
388384.500 130523.500 -11.460
388384.500 130524.500 -11.465
388384.500 130525.500 -11.428
388384.500 130526.500 -11.398
388384.500 130527.500 -11.362
388384.500 130528.500 -11.360
388384.500 130529.500 -11.365
388384.500 130530.500 -11.385
388384.500 130531.500 -11.388
388384.500 130532.500 -11.378
388384.500 130533.500 -11.373
388384.500 130534.500 -11.357
388384.500 130535.500 -11.348
388384.500 130536.500 -11.363
388384.500 130537.500 -11.308
388384.500 130538.500 -11.240
388384.500 130539.500 -11.258
388384.500 130540.500 -11.275
388384.500 130541.500 -11.270
388384.500 130542.500 -11.230
388384.500 130543.500 -11.143
388384.500 130544.500 -11.020
388384.500 130545.500 -10.902
388384.500 130546.500 -10.875
388384.500 130547.500 -10.925
388384.500 130548.500 -10.980
388384.500 130549.500 -11.005
388384.500 130550.500 -11.053
388384.500 130551.500 -11.117
388384.500 130552.500 -11.130
388384.500 130553.500 -11.090
388384.500 130554.500 -11.103
388384.500 130555.500 -11.130
388384.500 130556.500 -11.147
388384.500 130557.500 -11.165
388384.500 130558.500 -11.205
388384.500 130559.500 -11.223
388384.500 130560.500 -11.235
388384.500 130561.500 -11.270
388384.500 130562.500 -11.310
388384.500 130563.500 -11.318
388384.500 130564.500 -11.343
388384.500 130565.500 -11.338
388384.500 130566.500 -11.322
388384.500 130567.500 -11.312
388384.500 130568.500 -11.325
388384.500 130569.500 -11.325
388384.500 130570.500 -11.312
388384.500 130571.500 -11.310
388384.500 130572.500 -11.303
388384.500 130573.500 -11.318
388384.500 130574.500 -11.330
388384.500 130575.500 -11.325
388384.500 130576.500 -11.325
388384.500 130577.500 -11.332
388384.500 130578.500 -11.357
388384.500 130579.500 -11.378
388384.500 130580.500 -11.383
388384.500 130581.500 -11.328
388384.500 130582.500 -11.398
388384.500 130583.500 -11.465
388384.500 130584.500 -11.510
388384.500 130585.500 -11.522
388384.500 130586.500 -11.535
388384.500 130587.500 -11.537
388384.500 130588.500 -11.568
388384.500 130589.500 -11.600
388384.500 130590.500 -11.640
388384.500 130591.500 -11.680
388385.500 130494.500 -11.202
388385.500 130495.500 -11.192
388385.500 130496.500 -11.148
388385.500 130497.500 -11.135
388385.500 130498.500 -11.155
388385.500 130499.500 -11.175
388385.500 130500.500 -11.203
388385.500 130501.500 -11.238
388385.500 130502.500 -11.255
388385.500 130503.500 -11.242
388385.500 130504.500 -11.273
388385.500 130505.500 -11.295
388385.500 130506.500 -11.305
388385.500 130507.500 -11.328
388385.500 130508.500 -11.343
388385.500 130509.500 -11.340
388385.500 130510.500 -11.362
388385.500 130511.500 -11.385
388385.500 130512.500 -11.410
388385.500 130513.500 -11.435
388385.500 130514.500 -11.460
388385.500 130515.500 -11.478
388385.500 130516.500 -11.482
388385.500 130517.500 -11.473
388385.500 130518.500 -11.488
388385.500 130519.500 -11.500
388385.500 130520.500 -11.490
388385.500 130521.500 -11.465
388385.500 130522.500 -11.438
388385.500 130523.500 -11.440
388385.500 130524.500 -11.460
388385.500 130525.500 -11.453
388385.500 130526.500 -11.435
388385.500 130527.500 -11.432
388385.500 130528.500 -11.410
388385.500 130529.500 -11.390
388385.500 130530.500 -11.380
388385.500 130531.500 -11.365
388385.500 130532.500 -11.383
388385.500 130533.500 -11.400
388385.500 130534.500 -11.413
388385.500 130535.500 -11.377
388385.500 130536.500 -11.410
388385.500 130537.500 -11.360
388385.500 130538.500 -11.285
388385.500 130539.500 -11.290
388385.500 130540.500 -11.287
388385.500 130541.500 -11.277
388385.500 130542.500 -11.265
388385.500 130543.500 -11.215
388385.500 130544.500 -11.125
388385.500 130545.500 -11.018
388385.500 130546.500 -10.985
388385.500 130547.500 -11.075
388385.500 130548.500 -11.115
388385.500 130549.500 -11.177
388385.500 130550.500 -11.205
388385.500 130551.500 -11.205
388385.500 130552.500 -11.203
388385.500 130553.500 -11.200
388385.500 130554.500 -11.245
388385.500 130555.500 -11.268
388385.500 130556.500 -11.255
388385.500 130557.500 -11.232
388385.500 130558.500 -11.252
388385.500 130559.500 -11.245
388385.500 130560.500 -11.268
388385.500 130561.500 -11.287
388385.500 130562.500 -11.310
388385.500 130563.500 -11.308
388385.500 130564.500 -11.322
388385.500 130565.500 -11.330
388385.500 130566.500 -11.332
388385.500 130567.500 -11.330
388385.500 130568.500 -11.332
388385.500 130569.500 -11.328
388385.500 130570.500 -11.313
388385.500 130571.500 -11.310
388385.500 130572.500 -11.312
388385.500 130573.500 -11.322
388385.500 130574.500 -11.322
388385.500 130575.500 -11.320
388385.500 130576.500 -11.325
388385.500 130577.500 -11.338
388385.500 130578.500 -11.357
388385.500 130579.500 -11.383
388385.500 130580.500 -11.393
388385.500 130581.500 -11.400
388385.500 130582.500 -11.395
388385.500 130583.500 -11.418
388385.500 130584.500 -11.460
388385.500 130585.500 -11.505
388385.500 130586.500 -11.545
388385.500 130587.500 -11.572
388385.500 130588.500 -11.580
388385.500 130589.500 -11.590
388385.500 130590.500 -11.610
388385.500 130591.500 -11.650
388386.500 130493.500 -11.162
388386.500 130494.500 -11.160
388386.500 130495.500 -11.135
388386.500 130496.500 -11.110
388386.500 130497.500 -11.130
388386.500 130498.500 -11.143
388386.500 130499.500 -11.172
388386.500 130500.500 -11.182
388386.500 130501.500 -11.203
388386.500 130502.500 -11.227
388386.500 130503.500 -11.250
388386.500 130504.500 -11.267
388386.500 130505.500 -11.287
388386.500 130506.500 -11.287
388386.500 130507.500 -11.312
388386.500 130508.500 -11.330
388386.500 130509.500 -11.338
388386.500 130510.500 -11.362
388386.500 130511.500 -11.365
388386.500 130512.500 -11.420
388386.500 130513.500 -11.448
388386.500 130514.500 -11.470
388386.500 130515.500 -11.480
388386.500 130516.500 -11.483
388386.500 130517.500 -11.480
388386.500 130518.500 -11.480
388386.500 130519.500 -11.485
388386.500 130520.500 -11.510
388386.500 130521.500 -11.520
388386.500 130522.500 -11.503
388386.500 130523.500 -11.430
388386.500 130524.500 -11.422
388386.500 130525.500 -11.435
388386.500 130526.500 -11.430
388386.500 130527.500 -11.415
388386.500 130528.500 -11.418
388386.500 130529.500 -11.405
388386.500 130530.500 -11.393
388386.500 130531.500 -11.355
388386.500 130532.500 -11.367
388386.500 130533.500 -11.363
388386.500 130534.500 -11.393
388386.500 130535.500 -11.390
388386.500 130536.500 -11.395
388386.500 130537.500 -11.385
388386.500 130538.500 -11.312
388386.500 130539.500 -11.300
388386.500 130540.500 -11.300
388386.500 130541.500 -11.287
388386.500 130542.500 -11.270
388386.500 130543.500 -11.260
388386.500 130544.500 -11.220
388386.500 130545.500 -11.165
388386.500 130546.500 -11.152
388386.500 130547.500 -11.190
388386.500 130548.500 -11.223
388386.500 130549.500 -11.262
388386.500 130550.500 -11.255
388386.500 130551.500 -11.228
388386.500 130552.500 -11.228
388386.500 130553.500 -11.250
388386.500 130554.500 -11.285
388386.500 130555.500 -11.287
388386.500 130556.500 -11.297
388386.500 130557.500 -11.312
388386.500 130558.500 -11.305
388386.500 130559.500 -11.285
388386.500 130560.500 -11.300
388386.500 130561.500 -11.305
388386.500 130562.500 -11.312
388386.500 130563.500 -11.313
388386.500 130564.500 -11.315
388386.500 130565.500 -11.345
388386.500 130566.500 -11.345
388386.500 130567.500 -11.345
388386.500 130568.500 -11.340
388386.500 130569.500 -11.328
388386.500 130570.500 -11.318
388386.500 130571.500 -11.322
388386.500 130572.500 -11.330
388386.500 130573.500 -11.340
388386.500 130574.500 -11.337
388386.500 130575.500 -11.330
388386.500 130576.500 -11.328
388386.500 130577.500 -11.338
388386.500 130578.500 -11.353
388386.500 130579.500 -11.365
388386.500 130580.500 -11.357
388386.500 130581.500 -11.388
388386.500 130582.500 -11.420
388386.500 130583.500 -11.420
388386.500 130584.500 -11.418
388386.500 130585.500 -11.460
388386.500 130586.500 -11.515
388386.500 130587.500 -11.550
388386.500 130588.500 -11.580
388386.500 130589.500 -11.610
388386.500 130590.500 -11.625
388386.500 130591.500 -11.637
388387.500 130493.500 -11.113
388387.500 130494.500 -11.082
388387.500 130495.500 -11.075
388387.500 130496.500 -11.100
388387.500 130497.500 -11.098
388387.500 130498.500 -11.127
388387.500 130499.500 -11.160
388387.500 130500.500 -11.168
388387.500 130501.500 -11.152
388387.500 130502.500 -11.195
388387.500 130503.500 -11.225
388387.500 130504.500 -11.250
388387.500 130505.500 -11.277
388387.500 130506.500 -11.297
388387.500 130507.500 -11.310
388387.500 130508.500 -11.325
388387.500 130509.500 -11.332
388387.500 130510.500 -11.363
388387.500 130511.500 -11.385
388387.500 130512.500 -11.430
388387.500 130513.500 -11.455
388387.500 130514.500 -11.470
388387.500 130515.500 -11.485
388387.500 130516.500 -11.482
388387.500 130517.500 -11.483
388387.500 130518.500 -11.488
388387.500 130519.500 -11.490
388387.500 130520.500 -11.510
388387.500 130521.500 -11.523
388387.500 130522.500 -11.512
388387.500 130523.500 -11.465
388387.500 130524.500 -11.377
388387.500 130525.500 -11.385
388387.500 130526.500 -11.390
388387.500 130527.500 -11.402
388387.500 130528.500 -11.395
388387.500 130529.500 -11.413
388387.500 130530.500 -11.415
388387.500 130531.500 -11.402
388387.500 130532.500 -11.408
388387.500 130533.500 -11.380
388387.500 130534.500 -11.360
388387.500 130535.500 -11.370
388387.500 130536.500 -11.362
388387.500 130537.500 -11.377
388387.500 130538.500 -11.320
388387.500 130539.500 -11.330
388387.500 130540.500 -11.348
388387.500 130541.500 -11.318
388387.500 130542.500 -11.285
388387.500 130543.500 -11.312
388387.500 130544.500 -11.300
388387.500 130545.500 -11.262
388387.500 130546.500 -11.250
388387.500 130547.500 -11.250
388387.500 130548.500 -11.250
388387.500 130549.500 -11.293
388387.500 130550.500 -11.287
388387.500 130551.500 -11.260
388387.500 130552.500 -11.252
388387.500 130553.500 -11.268
388387.500 130554.500 -11.303
388387.500 130555.500 -11.305
388387.500 130556.500 -11.307
388387.500 130557.500 -11.335
388387.500 130558.500 -11.337
388387.500 130559.500 -11.340
388387.500 130560.500 -11.348
388387.500 130561.500 -11.335
388387.500 130562.500 -11.330
388387.500 130563.500 -11.348
388387.500 130564.500 -11.350
388387.500 130565.500 -11.352
388387.500 130566.500 -11.350
388387.500 130567.500 -11.348
388387.500 130568.500 -11.355
388387.500 130569.500 -11.343
388387.500 130570.500 -11.330
388387.500 130571.500 -11.318
388387.500 130572.500 -11.320
388387.500 130573.500 -11.338
388387.500 130574.500 -11.330
388387.500 130575.500 -11.340
388387.500 130576.500 -11.330
388387.500 130577.500 -11.322
388387.500 130578.500 -11.323
388387.500 130579.500 -11.338
388387.500 130580.500 -11.355
388387.500 130581.500 -11.383
388387.500 130582.500 -11.415
388387.500 130583.500 -11.430
388387.500 130584.500 -11.438
388387.500 130585.500 -11.415
388387.500 130586.500 -11.460
388387.500 130587.500 -11.517
388387.500 130588.500 -11.550
388387.500 130589.500 -11.590
388387.500 130590.500 -11.625
388387.500 130591.500 -11.652
388388.500 130492.500 -11.053
388388.500 130493.500 -11.065
388388.500 130494.500 -11.032
388388.500 130495.500 -11.040
388388.500 130496.500 -11.080
388388.500 130497.500 -11.087
388388.500 130498.500 -11.105
388388.500 130499.500 -11.123
388388.500 130500.500 -11.140
388388.500 130501.500 -11.155
388388.500 130502.500 -11.160
388388.500 130503.500 -11.190
388388.500 130504.500 -11.225
388388.500 130505.500 -11.273
388388.500 130506.500 -11.300
388388.500 130507.500 -11.315
388388.500 130508.500 -11.325
388388.500 130509.500 -11.318
388388.500 130510.500 -11.330
388388.500 130511.500 -11.385
388388.500 130512.500 -11.432
388388.500 130513.500 -11.440
388388.500 130514.500 -11.460
388388.500 130515.500 -11.483
388388.500 130516.500 -11.473
388388.500 130517.500 -11.463
388388.500 130518.500 -11.483
388388.500 130519.500 -11.483
388388.500 130520.500 -11.485
388388.500 130521.500 -11.488
388388.500 130522.500 -11.500
388388.500 130523.500 -11.468
388388.500 130524.500 -11.408
388388.500 130525.500 -11.355
388388.500 130526.500 -11.367
388388.500 130527.500 -11.388
388388.500 130528.500 -11.402
388388.500 130529.500 -11.428
388388.500 130530.500 -11.450
388388.500 130531.500 -11.438
388388.500 130532.500 -11.420
388388.500 130533.500 -11.420
388388.500 130534.500 -11.380
388388.500 130535.500 -11.375
388388.500 130536.500 -11.363
388388.500 130537.500 -11.370
388388.500 130538.500 -11.350
388388.500 130539.500 -11.348
388388.500 130540.500 -11.367
388388.500 130541.500 -11.353
388388.500 130542.500 -11.335
388388.500 130543.500 -11.352
388388.500 130544.500 -11.365
388388.500 130545.500 -11.342
388388.500 130546.500 -11.322
388388.500 130547.500 -11.300
388388.500 130548.500 -11.295
388388.500 130549.500 -11.310
388388.500 130550.500 -11.297
388388.500 130551.500 -11.287
388388.500 130552.500 -11.275
388388.500 130553.500 -11.275
388388.500 130554.500 -11.312
388388.500 130555.500 -11.327
388388.500 130556.500 -11.340
388388.500 130557.500 -11.345
388388.500 130558.500 -11.348
388388.500 130559.500 -11.370
388388.500 130560.500 -11.380
388388.500 130561.500 -11.373
388388.500 130562.500 -11.357
388388.500 130563.500 -11.362
388388.500 130564.500 -11.367
388388.500 130565.500 -11.362
388388.500 130566.500 -11.355
388388.500 130567.500 -11.357
388388.500 130568.500 -11.348
388388.500 130569.500 -11.350
388388.500 130570.500 -11.352
388388.500 130571.500 -11.340
388388.500 130572.500 -11.338
388388.500 130573.500 -11.348
388388.500 130574.500 -11.328
388388.500 130575.500 -11.328
388388.500 130576.500 -11.332
388388.500 130577.500 -11.320
388388.500 130578.500 -11.312
388388.500 130579.500 -11.335
388388.500 130580.500 -11.353
388388.500 130581.500 -11.370
388388.500 130582.500 -11.390
388388.500 130583.500 -11.408
388388.500 130584.500 -11.435
388388.500 130585.500 -11.457
388388.500 130586.500 -11.432
388388.500 130587.500 -11.462
388388.500 130588.500 -11.510
388388.500 130589.500 -11.555
388388.500 130590.500 -11.598
388388.500 130591.500 -11.630
388389.500 130491.500 -10.975
388389.500 130492.500 -10.985
388389.500 130493.500 -10.987
388389.500 130494.500 -10.998
388389.500 130495.500 -11.000
388389.500 130496.500 -11.020
388389.500 130497.500 -11.047
388389.500 130498.500 -11.078
388389.500 130499.500 -11.098
388389.500 130500.500 -11.103
388389.500 130501.500 -11.113
388389.500 130502.500 -11.133
388389.500 130503.500 -11.160
388389.500 130504.500 -11.195
388389.500 130505.500 -11.242
388389.500 130506.500 -11.285
388389.500 130507.500 -11.290
388389.500 130508.500 -11.298
388389.500 130509.500 -11.305
388389.500 130510.500 -11.315
388389.500 130511.500 -11.378
388389.500 130512.500 -11.432
388389.500 130513.500 -11.425
388389.500 130514.500 -11.442
388389.500 130515.500 -11.455
388389.500 130516.500 -11.447
388389.500 130517.500 -11.447
388389.500 130518.500 -11.457
388389.500 130519.500 -11.460
388389.500 130520.500 -11.453
388389.500 130521.500 -11.460
388389.500 130522.500 -11.480
388389.500 130523.500 -11.475
388389.500 130524.500 -11.448
388389.500 130525.500 -11.405
388389.500 130526.500 -11.388
388389.500 130527.500 -11.420
388389.500 130528.500 -11.427
388389.500 130529.500 -11.455
388389.500 130530.500 -11.458
388389.500 130531.500 -11.442
388389.500 130532.500 -11.423
388389.500 130533.500 -11.420
388389.500 130534.500 -11.413
388389.500 130535.500 -11.418
388389.500 130536.500 -11.387
388389.500 130537.500 -11.400
388389.500 130538.500 -11.393
388389.500 130539.500 -11.342
388389.500 130540.500 -11.365
388389.500 130541.500 -11.372
388389.500 130542.500 -11.355
388389.500 130543.500 -11.360
388389.500 130544.500 -11.395
388389.500 130545.500 -11.380
388389.500 130546.500 -11.353
388389.500 130547.500 -11.352
388389.500 130548.500 -11.347
388389.500 130549.500 -11.345
388389.500 130550.500 -11.325
388389.500 130551.500 -11.320
388389.500 130552.500 -11.313
388389.500 130553.500 -11.305
388389.500 130554.500 -11.335
388389.500 130555.500 -11.345
388389.500 130556.500 -11.348
388389.500 130557.500 -11.362
388389.500 130558.500 -11.372
388389.500 130559.500 -11.395
388389.500 130560.500 -11.408
388389.500 130561.500 -11.413
388389.500 130562.500 -11.393
388389.500 130563.500 -11.380
388389.500 130564.500 -11.380
388389.500 130565.500 -11.373
388389.500 130566.500 -11.378
388389.500 130567.500 -11.375
388389.500 130568.500 -11.365
388389.500 130569.500 -11.360
388389.500 130570.500 -11.367
388389.500 130571.500 -11.375
388389.500 130572.500 -11.375
388389.500 130573.500 -11.362
388389.500 130574.500 -11.367
388389.500 130575.500 -11.360
388389.500 130576.500 -11.355
388389.500 130577.500 -11.328
388389.500 130578.500 -11.312
388389.500 130579.500 -11.325
388389.500 130580.500 -11.345
388389.500 130581.500 -11.365
388389.500 130582.500 -11.385
388389.500 130583.500 -11.405
388389.500 130584.500 -11.435
388389.500 130585.500 -11.463
388389.500 130586.500 -11.455
388389.500 130587.500 -11.440
388389.500 130588.500 -11.460
388389.500 130589.500 -11.515
388389.500 130590.500 -11.560
388389.500 130591.500 -11.602
388390.500 130491.500 -10.938
388390.500 130492.500 -10.928
388390.500 130493.500 -10.942
388390.500 130494.500 -10.950
388390.500 130495.500 -10.958
388390.500 130496.500 -11.005
388390.500 130497.500 -11.027
388390.500 130498.500 -11.025
388390.500 130499.500 -11.040
388390.500 130500.500 -11.070
388390.500 130501.500 -11.095
388390.500 130502.500 -11.100
388390.500 130503.500 -11.113
388390.500 130504.500 -11.145
388390.500 130505.500 -11.188
388390.500 130506.500 -11.232
388390.500 130507.500 -11.270
388390.500 130508.500 -11.270
388390.500 130509.500 -11.297
388390.500 130510.500 -11.317
388390.500 130511.500 -11.375
388390.500 130512.500 -11.403
388390.500 130513.500 -11.402
388390.500 130514.500 -11.422
388390.500 130515.500 -11.415
388390.500 130516.500 -11.408
388390.500 130517.500 -11.418
388390.500 130518.500 -11.425
388390.500 130519.500 -11.438
388390.500 130520.500 -11.460
388390.500 130521.500 -11.463
388390.500 130522.500 -11.450
388390.500 130523.500 -11.485
388390.500 130524.500 -11.492
388390.500 130525.500 -11.495
388390.500 130526.500 -11.428
388390.500 130527.500 -11.408
388390.500 130528.500 -11.432
388390.500 130529.500 -11.455
388390.500 130530.500 -11.457
388390.500 130531.500 -11.435
388390.500 130532.500 -11.435
388390.500 130533.500 -11.425
388390.500 130534.500 -11.435
388390.500 130535.500 -11.432
388390.500 130536.500 -11.420
388390.500 130537.500 -11.428
388390.500 130538.500 -11.405
388390.500 130539.500 -11.290
388390.500 130540.500 -11.333
388390.500 130541.500 -11.385
388390.500 130542.500 -11.378
388390.500 130543.500 -11.373
388390.500 130544.500 -11.392
388390.500 130545.500 -11.418
388390.500 130546.500 -11.387
388390.500 130547.500 -11.408
388390.500 130548.500 -11.400
388390.500 130549.500 -11.395
388390.500 130550.500 -11.363
388390.500 130551.500 -11.342
388390.500 130552.500 -11.350
388390.500 130553.500 -11.333
388390.500 130554.500 -11.352
388390.500 130555.500 -11.367
388390.500 130556.500 -11.367
388390.500 130557.500 -11.380
388390.500 130558.500 -11.393
388390.500 130559.500 -11.407
388390.500 130560.500 -11.425
388390.500 130561.500 -11.415
388390.500 130562.500 -11.415
388390.500 130563.500 -11.408
388390.500 130564.500 -11.398
388390.500 130565.500 -11.383
388390.500 130566.500 -11.388
388390.500 130567.500 -11.383
388390.500 130568.500 -11.367
388390.500 130569.500 -11.367
388390.500 130570.500 -11.380
388390.500 130571.500 -11.375
388390.500 130572.500 -11.383
388390.500 130573.500 -11.383
388390.500 130574.500 -11.380
388390.500 130575.500 -11.378
388390.500 130576.500 -11.372
388390.500 130577.500 -11.353
388390.500 130578.500 -11.335
388390.500 130579.500 -11.343
388390.500 130580.500 -11.348
388390.500 130581.500 -11.357
388390.500 130582.500 -11.390
388390.500 130583.500 -11.400
388390.500 130584.500 -11.420
388390.500 130585.500 -11.445
388390.500 130586.500 -11.458
388390.500 130587.500 -11.458
388390.500 130588.500 -11.455
388390.500 130589.500 -11.455
388390.500 130590.500 -11.517
388390.500 130591.500 -11.572
388391.500 130490.500 -10.930
388391.500 130491.500 -10.928
388391.500 130492.500 -10.935
388391.500 130493.500 -10.928
388391.500 130494.500 -10.920
388391.500 130495.500 -10.975
388391.500 130496.500 -11.023
388391.500 130497.500 -11.023
388391.500 130498.500 -11.000
388391.500 130499.500 -10.957
388391.500 130500.500 -11.007
388391.500 130501.500 -11.043
388391.500 130502.500 -11.072
388391.500 130503.500 -11.075
388391.500 130504.500 -11.102
388391.500 130505.500 -11.143
388391.500 130506.500 -11.185
388391.500 130507.500 -11.203
388391.500 130508.500 -11.230
388391.500 130509.500 -11.272
388391.500 130510.500 -11.320
388391.500 130511.500 -11.350
388391.500 130512.500 -11.378
388391.500 130513.500 -11.385
388391.500 130514.500 -11.393
388391.500 130515.500 -11.377
388391.500 130516.500 -11.373
388391.500 130517.500 -11.385
388391.500 130518.500 -11.395
388391.500 130519.500 -11.410
388391.500 130520.500 -11.453
388391.500 130521.500 -11.470
388391.500 130522.500 -11.473
388391.500 130523.500 -11.495
388391.500 130524.500 -11.535
388391.500 130525.500 -11.535
388391.500 130526.500 -11.485
388391.500 130527.500 -11.408
388391.500 130528.500 -11.420
388391.500 130529.500 -11.450
388391.500 130530.500 -11.450
388391.500 130531.500 -11.442
388391.500 130532.500 -11.437
388391.500 130533.500 -11.428
388391.500 130534.500 -11.422
388391.500 130535.500 -11.435
388391.500 130536.500 -11.435
388391.500 130537.500 -11.403
388391.500 130538.500 -11.390
388391.500 130539.500 -11.310
388391.500 130540.500 -11.345
388391.500 130541.500 -11.400
388391.500 130542.500 -11.395
388391.500 130543.500 -11.390
388391.500 130544.500 -11.405
388391.500 130545.500 -11.447
388391.500 130546.500 -11.435
388391.500 130547.500 -11.430
388391.500 130548.500 -11.445
388391.500 130549.500 -11.430
388391.500 130550.500 -11.402
388391.500 130551.500 -11.380
388391.500 130552.500 -11.367
388391.500 130553.500 -11.365
388391.500 130554.500 -11.370
388391.500 130555.500 -11.393
388391.500 130556.500 -11.393
388391.500 130557.500 -11.402
388391.500 130558.500 -11.402
388391.500 130559.500 -11.415
388391.500 130560.500 -11.425
388391.500 130561.500 -11.430
388391.500 130562.500 -11.420
388391.500 130563.500 -11.413
388391.500 130564.500 -11.402
388391.500 130565.500 -11.395
388391.500 130566.500 -11.395
388391.500 130567.500 -11.390
388391.500 130568.500 -11.377
388391.500 130569.500 -11.377
388391.500 130570.500 -11.378
388391.500 130571.500 -11.373
388391.500 130572.500 -11.393
388391.500 130573.500 -11.395
388391.500 130574.500 -11.388
388391.500 130575.500 -11.393
388391.500 130576.500 -11.380
388391.500 130577.500 -11.367
388391.500 130578.500 -11.355
388391.500 130579.500 -11.332
388391.500 130580.500 -11.348
388391.500 130581.500 -11.367
388391.500 130582.500 -11.388
388391.500 130583.500 -11.390
388391.500 130584.500 -11.415
388391.500 130585.500 -11.435
388391.500 130586.500 -11.440
388391.500 130587.500 -11.450
388391.500 130588.500 -11.465
388391.500 130589.500 -11.457
388391.500 130590.500 -11.460
388391.500 130591.500 -11.538
388392.500 130489.500 -10.890
388392.500 130490.500 -10.920
388392.500 130491.500 -10.928
388392.500 130492.500 -10.915
388392.500 130493.500 -10.900
388392.500 130494.500 -10.915
388392.500 130495.500 -10.965
388392.500 130496.500 -10.985
388392.500 130497.500 -10.985
388392.500 130498.500 -10.980
388392.500 130499.500 -10.940
388392.500 130500.500 -10.982
388392.500 130501.500 -11.008
388392.500 130502.500 -11.040
388392.500 130503.500 -11.045
388392.500 130504.500 -11.068
388392.500 130505.500 -11.113
388392.500 130506.500 -11.140
388392.500 130507.500 -11.165
388392.500 130508.500 -11.188
388392.500 130509.500 -11.252
388392.500 130510.500 -11.300
388392.500 130511.500 -11.315
388392.500 130512.500 -11.350
388392.500 130513.500 -11.350
388392.500 130514.500 -11.333
388392.500 130515.500 -11.340
388392.500 130516.500 -11.363
388392.500 130517.500 -11.385
388392.500 130518.500 -11.398
388392.500 130519.500 -11.410
388392.500 130520.500 -11.442
388392.500 130521.500 -11.453
388392.500 130522.500 -11.467
388392.500 130523.500 -11.497
388392.500 130524.500 -11.530
388392.500 130525.500 -11.563
388392.500 130526.500 -11.527
388392.500 130527.500 -11.470
388392.500 130528.500 -11.410
388392.500 130529.500 -11.428
388392.500 130530.500 -11.442
388392.500 130531.500 -11.432
388392.500 130532.500 -11.412
388392.500 130533.500 -11.410
388392.500 130534.500 -11.408
388392.500 130535.500 -11.403
388392.500 130536.500 -11.385
388392.500 130537.500 -11.352
388392.500 130538.500 -11.337
388392.500 130539.500 -11.338
388392.500 130540.500 -11.342
388392.500 130541.500 -11.400
388392.500 130542.500 -11.408
388392.500 130543.500 -11.402
388392.500 130544.500 -11.410
388392.500 130545.500 -11.460
388392.500 130546.500 -11.447
388392.500 130547.500 -11.428
388392.500 130548.500 -11.455
388392.500 130549.500 -11.473
388392.500 130550.500 -11.435
388392.500 130551.500 -11.415
388392.500 130552.500 -11.400
388392.500 130553.500 -11.385
388392.500 130554.500 -11.405
388392.500 130555.500 -11.412
388392.500 130556.500 -11.413
388392.500 130557.500 -11.415
388392.500 130558.500 -11.415
388392.500 130559.500 -11.430
388392.500 130560.500 -11.430
388392.500 130561.500 -11.413
388392.500 130562.500 -11.412
388392.500 130563.500 -11.395
388392.500 130564.500 -11.380
388392.500 130565.500 -11.385
388392.500 130566.500 -11.400
388392.500 130567.500 -11.393
388392.500 130568.500 -11.397
388392.500 130569.500 -11.397
388392.500 130570.500 -11.390
388392.500 130571.500 -11.400
388392.500 130572.500 -11.412
388392.500 130573.500 -11.400
388392.500 130574.500 -11.410
388392.500 130575.500 -11.410
388392.500 130576.500 -11.397
388392.500 130577.500 -11.380
388392.500 130578.500 -11.350
388392.500 130579.500 -11.335
388392.500 130580.500 -11.352
388392.500 130581.500 -11.370
388392.500 130582.500 -11.375
388392.500 130583.500 -11.390
388392.500 130584.500 -11.410
388392.500 130585.500 -11.420
388392.500 130586.500 -11.428
388392.500 130587.500 -11.445
388392.500 130588.500 -11.465
388392.500 130589.500 -11.490
388392.500 130590.500 -11.488
388392.500 130591.500 -11.498
388393.500 130489.500 -10.870
388393.500 130490.500 -10.880
388393.500 130491.500 -10.893
388393.500 130492.500 -10.885
388393.500 130493.500 -10.880
388393.500 130494.500 -10.897
388393.500 130495.500 -10.918
388393.500 130496.500 -10.940
388393.500 130497.500 -10.950
388393.500 130498.500 -10.950
388393.500 130499.500 -10.933
388393.500 130500.500 -10.955
388393.500 130501.500 -10.973
388393.500 130502.500 -10.982
388393.500 130503.500 -11.012
388393.500 130504.500 -11.037
388393.500 130505.500 -11.068
388393.500 130506.500 -11.110
388393.500 130507.500 -11.107
388393.500 130508.500 -11.150
388393.500 130509.500 -11.215
388393.500 130510.500 -11.257
388393.500 130511.500 -11.288
388393.500 130512.500 -11.297
388393.500 130513.500 -11.303
388393.500 130514.500 -11.282
388393.500 130515.500 -11.328
388393.500 130516.500 -11.367
388393.500 130517.500 -11.383
388393.500 130518.500 -11.375
388393.500 130519.500 -11.400
388393.500 130520.500 -11.415
388393.500 130521.500 -11.432
388393.500 130522.500 -11.437
388393.500 130523.500 -11.465
388393.500 130524.500 -11.518
388393.500 130525.500 -11.543
388393.500 130526.500 -11.535
388393.500 130527.500 -11.492
388393.500 130528.500 -11.457
388393.500 130529.500 -11.410
388393.500 130530.500 -11.420
388393.500 130531.500 -11.430
388393.500 130532.500 -11.420
388393.500 130533.500 -11.407
388393.500 130534.500 -11.395
388393.500 130535.500 -11.393
388393.500 130536.500 -11.375
388393.500 130537.500 -11.337
388393.500 130538.500 -11.307
388393.500 130539.500 -11.337
388393.500 130540.500 -11.315
388393.500 130541.500 -11.375
388393.500 130542.500 -11.400
388393.500 130543.500 -11.420
388393.500 130544.500 -11.425
388393.500 130545.500 -11.483
388393.500 130546.500 -11.457
388393.500 130547.500 -11.452
388393.500 130548.500 -11.485
388393.500 130549.500 -11.498
388393.500 130550.500 -11.463
388393.500 130551.500 -11.452
388393.500 130552.500 -11.445
388393.500 130553.500 -11.425
388393.500 130554.500 -11.428
388393.500 130555.500 -11.435
388393.500 130556.500 -11.432
388393.500 130557.500 -11.418
388393.500 130558.500 -11.418
388393.500 130559.500 -11.430
388393.500 130560.500 -11.415
388393.500 130561.500 -11.408
388393.500 130562.500 -11.425
388393.500 130563.500 -11.415
388393.500 130564.500 -11.397
388393.500 130565.500 -11.393
388393.500 130566.500 -11.383
388393.500 130567.500 -11.393
388393.500 130568.500 -11.410
388393.500 130569.500 -11.415
388393.500 130570.500 -11.400
388393.500 130571.500 -11.408
388393.500 130572.500 -11.408
388393.500 130573.500 -11.408
388393.500 130574.500 -11.428
388393.500 130575.500 -11.423
388393.500 130576.500 -11.418
388393.500 130577.500 -11.412
388393.500 130578.500 -11.390
388393.500 130579.500 -11.357
388393.500 130580.500 -11.362
388393.500 130581.500 -11.378
388393.500 130582.500 -11.375
388393.500 130583.500 -11.393
388393.500 130584.500 -11.395
388393.500 130585.500 -11.402
388393.500 130586.500 -11.420
388393.500 130587.500 -11.435
388393.500 130588.500 -11.455
388393.500 130589.500 -11.488
388393.500 130590.500 -11.508
388393.500 130591.500 -11.538
388394.500 130488.500 -10.828
388394.500 130489.500 -10.837
388394.500 130490.500 -10.838
388394.500 130491.500 -10.845
388394.500 130492.500 -10.855
388394.500 130493.500 -10.863
388394.500 130494.500 -10.855
388394.500 130495.500 -10.862
388394.500 130496.500 -10.898
388394.500 130497.500 -10.922
388394.500 130498.500 -10.925
388394.500 130499.500 -10.918
388394.500 130500.500 -10.925
388394.500 130501.500 -10.937
388394.500 130502.500 -10.950
388394.500 130503.500 -10.977
388394.500 130504.500 -11.000
388394.500 130505.500 -11.035
388394.500 130506.500 -11.055
388394.500 130507.500 -11.085
388394.500 130508.500 -11.115
388394.500 130509.500 -11.152
388394.500 130510.500 -11.210
388394.500 130511.500 -11.252
388394.500 130512.500 -11.273
388394.500 130513.500 -11.277
388394.500 130514.500 -11.273
388394.500 130515.500 -11.310
388394.500 130516.500 -11.320
388394.500 130517.500 -11.338
388394.500 130518.500 -11.348
388394.500 130519.500 -11.365
388394.500 130520.500 -11.388
388394.500 130521.500 -11.402
388394.500 130522.500 -11.400
388394.500 130523.500 -11.415
388394.500 130524.500 -11.467
388394.500 130525.500 -11.500
388394.500 130526.500 -11.505
388394.500 130527.500 -11.477
388394.500 130528.500 -11.455
388394.500 130529.500 -11.425
388394.500 130530.500 -11.375
388394.500 130531.500 -11.405
388394.500 130532.500 -11.415
388394.500 130533.500 -11.425
388394.500 130534.500 -11.420
388394.500 130535.500 -11.400
388394.500 130536.500 -11.402
388394.500 130537.500 -11.373
388394.500 130538.500 -11.317
388394.500 130539.500 -11.327
388394.500 130540.500 -11.280
388394.500 130541.500 -11.353
388394.500 130542.500 -11.413
388394.500 130543.500 -11.425
388394.500 130544.500 -11.443
388394.500 130545.500 -11.490
388394.500 130546.500 -11.475
388394.500 130547.500 -11.465
388394.500 130548.500 -11.500
388394.500 130549.500 -11.512
388394.500 130550.500 -11.495
388394.500 130551.500 -11.500
388394.500 130552.500 -11.483
388394.500 130553.500 -11.455
388394.500 130554.500 -11.455
388394.500 130555.500 -11.453
388394.500 130556.500 -11.435
388394.500 130557.500 -11.405
388394.500 130558.500 -11.425
388394.500 130559.500 -11.422
388394.500 130560.500 -11.405
388394.500 130561.500 -11.415
388394.500 130562.500 -11.428
388394.500 130563.500 -11.420
388394.500 130564.500 -11.407
388394.500 130565.500 -11.388
388394.500 130566.500 -11.375
388394.500 130567.500 -11.383
388394.500 130568.500 -11.405
388394.500 130569.500 -11.418
388394.500 130570.500 -11.418
388394.500 130571.500 -11.425
388394.500 130572.500 -11.423
388394.500 130573.500 -11.412
388394.500 130574.500 -11.432
388394.500 130575.500 -11.442
388394.500 130576.500 -11.423
388394.500 130577.500 -11.427
388394.500 130578.500 -11.428
388394.500 130579.500 -11.402
388394.500 130580.500 -11.377
388394.500 130581.500 -11.385
388394.500 130582.500 -11.393
388394.500 130583.500 -11.393
388394.500 130584.500 -11.390
388394.500 130585.500 -11.395
388394.500 130586.500 -11.418
388394.500 130587.500 -11.425
388394.500 130588.500 -11.455
388394.500 130589.500 -11.488
388394.500 130590.500 -11.515
388394.500 130591.500 -11.547
388395.500 130487.500 -10.775
388395.500 130488.500 -10.803
388395.500 130489.500 -10.792
388395.500 130490.500 -10.812
388395.500 130491.500 -10.822
388395.500 130492.500 -10.815
388395.500 130493.500 -10.818
388395.500 130494.500 -10.808
388395.500 130495.500 -10.830
388395.500 130496.500 -10.855
388395.500 130497.500 -10.888
388395.500 130498.500 -10.890
388395.500 130499.500 -10.902
388395.500 130500.500 -10.910
388395.500 130501.500 -10.925
388395.500 130502.500 -10.935
388395.500 130503.500 -10.947
388395.500 130504.500 -10.963
388395.500 130505.500 -10.998
388395.500 130506.500 -11.025
388395.500 130507.500 -11.065
388395.500 130508.500 -11.093
388395.500 130509.500 -11.100
388395.500 130510.500 -11.152
388395.500 130511.500 -11.217
388395.500 130512.500 -11.262
388395.500 130513.500 -11.272
388395.500 130514.500 -11.268
388395.500 130515.500 -11.287
388395.500 130516.500 -11.273
388395.500 130517.500 -11.295
388395.500 130518.500 -11.305
388395.500 130519.500 -11.325
388395.500 130520.500 -11.337
388395.500 130521.500 -11.350
388395.500 130522.500 -11.340
388395.500 130523.500 -11.357
388395.500 130524.500 -11.398
388395.500 130525.500 -11.452
388395.500 130526.500 -11.480
388395.500 130527.500 -11.465
388395.500 130528.500 -11.425
388395.500 130529.500 -11.410
388395.500 130530.500 -11.368
388395.500 130531.500 -11.348
388395.500 130532.500 -11.367
388395.500 130533.500 -11.393
388395.500 130534.500 -11.410
388395.500 130535.500 -11.405
388395.500 130536.500 -11.393
388395.500 130537.500 -11.352
388395.500 130538.500 -11.335
388395.500 130539.500 -11.317
388395.500 130540.500 -11.317
388395.500 130541.500 -11.355
388395.500 130542.500 -11.415
388395.500 130543.500 -11.420
388395.500 130544.500 -11.453
388395.500 130545.500 -11.490
388395.500 130546.500 -11.478
388395.500 130547.500 -11.458
388395.500 130548.500 -11.495
388395.500 130549.500 -11.510
388395.500 130550.500 -11.498
388395.500 130551.500 -11.512
388395.500 130552.500 -11.523
388395.500 130553.500 -11.488
388395.500 130554.500 -11.495
388395.500 130555.500 -11.480
388395.500 130556.500 -11.433
388395.500 130557.500 -11.402
388395.500 130558.500 -11.413
388395.500 130559.500 -11.425
388395.500 130560.500 -11.430
388395.500 130561.500 -11.428
388395.500 130562.500 -11.430
388395.500 130563.500 -11.423
388395.500 130564.500 -11.407
388395.500 130565.500 -11.390
388395.500 130566.500 -11.380
388395.500 130567.500 -11.385
388395.500 130568.500 -11.395
388395.500 130569.500 -11.415
388395.500 130570.500 -11.433
388395.500 130571.500 -11.435
388395.500 130572.500 -11.420
388395.500 130573.500 -11.412
388395.500 130574.500 -11.435
388395.500 130575.500 -11.445
388395.500 130576.500 -11.432
388395.500 130577.500 -11.440
388395.500 130578.500 -11.442
388395.500 130579.500 -11.420
388395.500 130580.500 -11.398
388395.500 130581.500 -11.393
388395.500 130582.500 -11.385
388395.500 130583.500 -11.383
388395.500 130584.500 -11.395
388395.500 130585.500 -11.410
388395.500 130586.500 -11.420
388395.500 130587.500 -11.428
388395.500 130588.500 -11.460
388395.500 130589.500 -11.490
388395.500 130590.500 -11.523
388395.500 130591.500 -11.540
388396.500 130487.500 -10.735
388396.500 130488.500 -10.765
388396.500 130489.500 -10.765
388396.500 130490.500 -10.787
388396.500 130491.500 -10.805
388396.500 130492.500 -10.800
388396.500 130493.500 -10.798
388396.500 130494.500 -10.797
388396.500 130495.500 -10.825
388396.500 130496.500 -10.818
388396.500 130497.500 -10.845
388396.500 130498.500 -10.848
388396.500 130499.500 -10.873
388396.500 130500.500 -10.888
388396.500 130501.500 -10.900
388396.500 130502.500 -10.912
388396.500 130503.500 -10.918
388396.500 130504.500 -10.935
388396.500 130505.500 -10.958
388396.500 130506.500 -10.988
388396.500 130507.500 -11.027
388396.500 130508.500 -11.060
388396.500 130509.500 -11.072
388396.500 130510.500 -11.100
388396.500 130511.500 -11.152
388396.500 130512.500 -11.205
388396.500 130513.500 -11.242
388396.500 130514.500 -11.248
388396.500 130515.500 -11.250
388396.500 130516.500 -11.245
388396.500 130517.500 -11.253
388396.500 130518.500 -11.270
388396.500 130519.500 -11.270
388396.500 130520.500 -11.265
388396.500 130521.500 -11.253
388396.500 130522.500 -11.260
388396.500 130523.500 -11.300
388396.500 130524.500 -11.342
388396.500 130525.500 -11.397
388396.500 130526.500 -11.440
388396.500 130527.500 -11.425
388396.500 130528.500 -11.412
388396.500 130529.500 -11.388
388396.500 130530.500 -11.373
388396.500 130531.500 -11.310
388396.500 130532.500 -11.307
388396.500 130533.500 -11.297
388396.500 130534.500 -11.340
388396.500 130535.500 -11.365
388396.500 130536.500 -11.348
388396.500 130537.500 -11.305
388396.500 130538.500 -11.320
388396.500 130539.500 -11.312
388396.500 130540.500 -11.345
388396.500 130541.500 -11.360
388396.500 130542.500 -11.402
388396.500 130543.500 -11.428
388396.500 130544.500 -11.442
388396.500 130545.500 -11.475
388396.500 130546.500 -11.470
388396.500 130547.500 -11.468
388396.500 130548.500 -11.495
388396.500 130549.500 -11.495
388396.500 130550.500 -11.490
388396.500 130551.500 -11.512
388396.500 130552.500 -11.512
388396.500 130553.500 -11.473
388396.500 130554.500 -11.488
388396.500 130555.500 -11.490
388396.500 130556.500 -11.457
388396.500 130557.500 -11.425
388396.500 130558.500 -11.420
388396.500 130559.500 -11.430
388396.500 130560.500 -11.437
388396.500 130561.500 -11.428
388396.500 130562.500 -11.420
388396.500 130563.500 -11.408
388396.500 130564.500 -11.397
388396.500 130565.500 -11.400
388396.500 130566.500 -11.400
388396.500 130567.500 -11.395
388396.500 130568.500 -11.400
388396.500 130569.500 -11.412
388396.500 130570.500 -11.415
388396.500 130571.500 -11.428
388396.500 130572.500 -11.432
388396.500 130573.500 -11.438
388396.500 130574.500 -11.435
388396.500 130575.500 -11.450
388396.500 130576.500 -11.440
388396.500 130577.500 -11.442
388396.500 130578.500 -11.448
388396.500 130579.500 -11.442
388396.500 130580.500 -11.410
388396.500 130581.500 -11.393
388396.500 130582.500 -11.385
388396.500 130583.500 -11.388
388396.500 130584.500 -11.397
388396.500 130585.500 -11.420
388396.500 130586.500 -11.428
388396.500 130587.500 -11.430
388396.500 130588.500 -11.447
388396.500 130589.500 -11.468
388396.500 130590.500 -11.510
388396.500 130591.500 -11.527
388397.500 130486.500 -10.697
388397.500 130487.500 -10.705
388397.500 130488.500 -10.700
388397.500 130489.500 -10.740
388397.500 130490.500 -10.758
388397.500 130491.500 -10.752
388397.500 130492.500 -10.787
388397.500 130493.500 -10.790
388397.500 130494.500 -10.765
388397.500 130495.500 -10.792
388397.500 130496.500 -10.793
388397.500 130497.500 -10.818
388397.500 130498.500 -10.837
388397.500 130499.500 -10.840
388397.500 130500.500 -10.865
388397.500 130501.500 -10.875
388397.500 130502.500 -10.893
388397.500 130503.500 -10.902
388397.500 130504.500 -10.928
388397.500 130505.500 -10.942
388397.500 130506.500 -10.963
388397.500 130507.500 -10.995
388397.500 130508.500 -11.027
388397.500 130509.500 -11.045
388397.500 130510.500 -11.062
388397.500 130511.500 -11.090
388397.500 130512.500 -11.150
388397.500 130513.500 -11.187
388397.500 130514.500 -11.192
388397.500 130515.500 -11.210
388397.500 130516.500 -11.215
388397.500 130517.500 -11.210
388397.500 130518.500 -11.220
388397.500 130519.500 -11.210
388397.500 130520.500 -11.198
388397.500 130521.500 -11.155
388397.500 130522.500 -11.157
388397.500 130523.500 -11.172
388397.500 130524.500 -11.263
388397.500 130525.500 -11.323
388397.500 130526.500 -11.355
388397.500 130527.500 -11.357
388397.500 130528.500 -11.363
388397.500 130529.500 -11.365
388397.500 130530.500 -11.332
388397.500 130531.500 -11.295
388397.500 130532.500 -11.230
388397.500 130533.500 -11.210
388397.500 130534.500 -11.228
388397.500 130535.500 -11.290
388397.500 130536.500 -11.322
388397.500 130537.500 -11.315
388397.500 130538.500 -11.325
388397.500 130539.500 -11.298
388397.500 130540.500 -11.345
388397.500 130541.500 -11.385
388397.500 130542.500 -11.400
388397.500 130543.500 -11.405
388397.500 130544.500 -11.425
388397.500 130545.500 -11.445
388397.500 130546.500 -11.467
388397.500 130547.500 -11.475
388397.500 130548.500 -11.498
388397.500 130549.500 -11.490
388397.500 130550.500 -11.488
388397.500 130551.500 -11.480
388397.500 130552.500 -11.485
388397.500 130553.500 -11.465
388397.500 130554.500 -11.473
388397.500 130555.500 -11.477
388397.500 130556.500 -11.465
388397.500 130557.500 -11.458
388397.500 130558.500 -11.440
388397.500 130559.500 -11.422
388397.500 130560.500 -11.418
388397.500 130561.500 -11.425
388397.500 130562.500 -11.425
388397.500 130563.500 -11.423
388397.500 130564.500 -11.412
388397.500 130565.500 -11.420
388397.500 130566.500 -11.418
388397.500 130567.500 -11.410
388397.500 130568.500 -11.410
388397.500 130569.500 -11.420
388397.500 130570.500 -11.420
388397.500 130571.500 -11.435
388397.500 130572.500 -11.448
388397.500 130573.500 -11.450
388397.500 130574.500 -11.445
388397.500 130575.500 -11.460
388397.500 130576.500 -11.450
388397.500 130577.500 -11.442
388397.500 130578.500 -11.442
388397.500 130579.500 -11.433
388397.500 130580.500 -11.428
388397.500 130581.500 -11.413
388397.500 130582.500 -11.400
388397.500 130583.500 -11.390
388397.500 130584.500 -11.400
388397.500 130585.500 -11.408
388397.500 130586.500 -11.425
388397.500 130587.500 -11.430
388397.500 130588.500 -11.442
388397.500 130589.500 -11.460
388397.500 130590.500 -11.488
388397.500 130591.500 -11.510
388398.500 130485.500 -10.667
388398.500 130486.500 -10.652
388398.500 130487.500 -10.650
388398.500 130488.500 -10.668
388398.500 130489.500 -10.688
388398.500 130490.500 -10.713
388398.500 130491.500 -10.730
388398.500 130492.500 -10.758
388398.500 130493.500 -10.770
388398.500 130494.500 -10.745
388398.500 130495.500 -10.755
388398.500 130496.500 -10.787
388398.500 130497.500 -10.815
388398.500 130498.500 -10.818
388398.500 130499.500 -10.822
388398.500 130500.500 -10.827
388398.500 130501.500 -10.857
388398.500 130502.500 -10.873
388398.500 130503.500 -10.880
388398.500 130504.500 -10.910
388398.500 130505.500 -10.922
388398.500 130506.500 -10.932
388398.500 130507.500 -10.947
388398.500 130508.500 -10.988
388398.500 130509.500 -10.992
388398.500 130510.500 -11.015
388398.500 130511.500 -11.043
388398.500 130512.500 -11.080
388398.500 130513.500 -11.113
388398.500 130514.500 -11.148
388398.500 130515.500 -11.148
388398.500 130516.500 -11.158
388398.500 130517.500 -11.183
388398.500 130518.500 -11.185
388398.500 130519.500 -11.178
388398.500 130520.500 -11.157
388398.500 130521.500 -11.090
388398.500 130522.500 -11.068
388398.500 130523.500 -11.055
388398.500 130524.500 -11.170
388398.500 130525.500 -11.255
388398.500 130526.500 -11.265
388398.500 130527.500 -11.265
388398.500 130528.500 -11.277
388398.500 130529.500 -11.303
388398.500 130530.500 -11.285
388398.500 130531.500 -11.258
388398.500 130532.500 -11.207
388398.500 130533.500 -11.140
388398.500 130534.500 -11.163
388398.500 130535.500 -11.200
388398.500 130536.500 -11.267
388398.500 130537.500 -11.308
388398.500 130538.500 -11.308
388398.500 130539.500 -11.275
388398.500 130540.500 -11.320
388398.500 130541.500 -11.383
388398.500 130542.500 -11.367
388398.500 130543.500 -11.395
388398.500 130544.500 -11.415
388398.500 130545.500 -11.420
388398.500 130546.500 -11.457
388398.500 130547.500 -11.482
388398.500 130548.500 -11.490
388398.500 130549.500 -11.475
388398.500 130550.500 -11.473
388398.500 130551.500 -11.470
388398.500 130552.500 -11.467
388398.500 130553.500 -11.450
388398.500 130554.500 -11.465
388398.500 130555.500 -11.477
388398.500 130556.500 -11.480
388398.500 130557.500 -11.473
388398.500 130558.500 -11.460
388398.500 130559.500 -11.432
388398.500 130560.500 -11.418
388398.500 130561.500 -11.428
388398.500 130562.500 -11.438
388398.500 130563.500 -11.435
388398.500 130564.500 -11.428
388398.500 130565.500 -11.425
388398.500 130566.500 -11.430
388398.500 130567.500 -11.438
388398.500 130568.500 -11.430
388398.500 130569.500 -11.425
388398.500 130570.500 -11.428
388398.500 130571.500 -11.450
388398.500 130572.500 -11.468
388398.500 130573.500 -11.465
388398.500 130574.500 -11.450
388398.500 130575.500 -11.465
388398.500 130576.500 -11.458
388398.500 130577.500 -11.450
388398.500 130578.500 -11.430
388398.500 130579.500 -11.437
388398.500 130580.500 -11.447
388398.500 130581.500 -11.440
388398.500 130582.500 -11.432
388398.500 130583.500 -11.410
388398.500 130584.500 -11.405
388398.500 130585.500 -11.397
388398.500 130586.500 -11.418
388398.500 130587.500 -11.425
388398.500 130588.500 -11.445
388398.500 130589.500 -11.460
388398.500 130590.500 -11.478
388398.500 130591.500 -11.520
388399.500 130485.500 -10.658
388399.500 130486.500 -10.645
388399.500 130487.500 -10.635
388399.500 130488.500 -10.655
388399.500 130489.500 -10.658
388399.500 130490.500 -10.685
388399.500 130491.500 -10.707
388399.500 130492.500 -10.730
388399.500 130493.500 -10.748
388399.500 130494.500 -10.743
388399.500 130495.500 -10.740
388399.500 130496.500 -10.773
388399.500 130497.500 -10.793
388399.500 130498.500 -10.790
388399.500 130499.500 -10.782
388399.500 130500.500 -10.795
388399.500 130501.500 -10.830
388399.500 130502.500 -10.848
388399.500 130503.500 -10.870
388399.500 130504.500 -10.877
388399.500 130505.500 -10.898
388399.500 130506.500 -10.893
388399.500 130507.500 -10.928
388399.500 130508.500 -10.948
388399.500 130509.500 -10.960
388399.500 130510.500 -10.973
388399.500 130511.500 -11.005
388399.500 130512.500 -11.023
388399.500 130513.500 -11.058
388399.500 130514.500 -11.075
388399.500 130515.500 -11.095
388399.500 130516.500 -11.105
388399.500 130517.500 -11.132
388399.500 130518.500 -11.148
388399.500 130519.500 -11.148
388399.500 130520.500 -11.135
388399.500 130521.500 -11.105
388399.500 130522.500 -11.070
388399.500 130523.500 -11.023
388399.500 130524.500 -11.115
388399.500 130525.500 -11.162
388399.500 130526.500 -11.162
388399.500 130527.500 -11.190
388399.500 130528.500 -11.200
388399.500 130529.500 -11.202
388399.500 130530.500 -11.240
388399.500 130531.500 -11.257
388399.500 130532.500 -11.230
388399.500 130533.500 -11.183
388399.500 130534.500 -11.110
388399.500 130535.500 -11.155
388399.500 130536.500 -11.232
388399.500 130537.500 -11.275
388399.500 130538.500 -11.268
388399.500 130539.500 -11.275
388399.500 130540.500 -11.275
388399.500 130541.500 -11.348
388399.500 130542.500 -11.355
388399.500 130543.500 -11.393
388399.500 130544.500 -11.405
388399.500 130545.500 -11.425
388399.500 130546.500 -11.445
388399.500 130547.500 -11.495
388399.500 130548.500 -11.502
388399.500 130549.500 -11.480
388399.500 130550.500 -11.465
388399.500 130551.500 -11.453
388399.500 130552.500 -11.448
388399.500 130553.500 -11.447
388399.500 130554.500 -11.457
388399.500 130555.500 -11.488
388399.500 130556.500 -11.470
388399.500 130557.500 -11.445
388399.500 130558.500 -11.460
388399.500 130559.500 -11.450
388399.500 130560.500 -11.445
388399.500 130561.500 -11.453
388399.500 130562.500 -11.468
388399.500 130563.500 -11.470
388399.500 130564.500 -11.455
388399.500 130565.500 -11.457
388399.500 130566.500 -11.460
388399.500 130567.500 -11.470
388399.500 130568.500 -11.457
388399.500 130569.500 -11.450
388399.500 130570.500 -11.465
388399.500 130571.500 -11.482
388399.500 130572.500 -11.492
388399.500 130573.500 -11.482
388399.500 130574.500 -11.468
388399.500 130575.500 -11.467
388399.500 130576.500 -11.470
388399.500 130577.500 -11.453
388399.500 130578.500 -11.445
388399.500 130579.500 -11.445
388399.500 130580.500 -11.455
388399.500 130581.500 -11.447
388399.500 130582.500 -11.445
388399.500 130583.500 -11.440
388399.500 130584.500 -11.425
388399.500 130585.500 -11.420
388399.500 130586.500 -11.430
388399.500 130587.500 -11.418
388399.500 130588.500 -11.445
388399.500 130589.500 -11.467
388399.500 130590.500 -11.483
388399.500 130591.500 -11.520
388400.500 130484.500 -10.663
388400.500 130485.500 -10.660
388400.500 130486.500 -10.658
388400.500 130487.500 -10.655
388400.500 130488.500 -10.660
388400.500 130489.500 -10.665
388400.500 130490.500 -10.662
388400.500 130491.500 -10.680
388400.500 130492.500 -10.695
388400.500 130493.500 -10.738
388400.500 130494.500 -10.745
388400.500 130495.500 -10.735
388400.500 130496.500 -10.752
388400.500 130497.500 -10.765
388400.500 130498.500 -10.755
388400.500 130499.500 -10.762
388400.500 130500.500 -10.775
388400.500 130501.500 -10.805
388400.500 130502.500 -10.845
388400.500 130503.500 -10.852
388400.500 130504.500 -10.853
388400.500 130505.500 -10.862
388400.500 130506.500 -10.870
388400.500 130507.500 -10.895
388400.500 130508.500 -10.915
388400.500 130509.500 -10.922
388400.500 130510.500 -10.945
388400.500 130511.500 -10.975
388400.500 130512.500 -10.978
388400.500 130513.500 -10.988
388400.500 130514.500 -10.990
388400.500 130515.500 -11.008
388400.500 130516.500 -11.050
388400.500 130517.500 -11.082
388400.500 130518.500 -11.107
388400.500 130519.500 -11.113
388400.500 130520.500 -11.117
388400.500 130521.500 -11.092
388400.500 130522.500 -11.065
388400.500 130523.500 -11.047
388400.500 130524.500 -11.090
388400.500 130525.500 -11.103
388400.500 130526.500 -11.123
388400.500 130527.500 -11.152
388400.500 130528.500 -11.168
388400.500 130529.500 -11.188
388400.500 130530.500 -11.218
388400.500 130531.500 -11.248
388400.500 130532.500 -11.258
388400.500 130533.500 -11.207
388400.500 130534.500 -11.155
388400.500 130535.500 -11.135
388400.500 130536.500 -11.218
388400.500 130537.500 -11.283
388400.500 130538.500 -11.280
388400.500 130539.500 -11.272
388400.500 130540.500 -11.275
388400.500 130541.500 -11.310
388400.500 130542.500 -11.330
388400.500 130543.500 -11.380
388400.500 130544.500 -11.408
388400.500 130545.500 -11.423
388400.500 130546.500 -11.435
388400.500 130547.500 -11.488
388400.500 130548.500 -11.500
388400.500 130549.500 -11.463
388400.500 130550.500 -11.445
388400.500 130551.500 -11.432
388400.500 130552.500 -11.447
388400.500 130553.500 -11.462
388400.500 130554.500 -11.470
388400.500 130555.500 -11.475
388400.500 130556.500 -11.455
388400.500 130557.500 -11.432
388400.500 130558.500 -11.438
388400.500 130559.500 -11.453
388400.500 130560.500 -11.440
388400.500 130561.500 -11.455
388400.500 130562.500 -11.480
388400.500 130563.500 -11.488
388400.500 130564.500 -11.492
388400.500 130565.500 -11.492
388400.500 130566.500 -11.488
388400.500 130567.500 -11.492
388400.500 130568.500 -11.485
388400.500 130569.500 -11.485
388400.500 130570.500 -11.500
388400.500 130571.500 -11.512
388400.500 130572.500 -11.515
388400.500 130573.500 -11.510
388400.500 130574.500 -11.495
388400.500 130575.500 -11.478
388400.500 130576.500 -11.490
388400.500 130577.500 -11.478
388400.500 130578.500 -11.470
388400.500 130579.500 -11.457
388400.500 130580.500 -11.462
388400.500 130581.500 -11.450
388400.500 130582.500 -11.453
388400.500 130583.500 -11.457
388400.500 130584.500 -11.447
388400.500 130585.500 -11.440
388400.500 130586.500 -11.438
388400.500 130587.500 -11.430
388400.500 130588.500 -11.442
388400.500 130589.500 -11.468
388400.500 130590.500 -11.490
388400.500 130591.500 -11.507
388401.500 130483.500 -10.645
388401.500 130484.500 -10.643
388401.500 130485.500 -10.652
388401.500 130486.500 -10.652
388401.500 130487.500 -10.655
388401.500 130488.500 -10.668
388401.500 130489.500 -10.685
388401.500 130490.500 -10.672
388401.500 130491.500 -10.673
388401.500 130492.500 -10.670
388401.500 130493.500 -10.697
388401.500 130494.500 -10.715
388401.500 130495.500 -10.715
388401.500 130496.500 -10.728
388401.500 130497.500 -10.743
388401.500 130498.500 -10.740
388401.500 130499.500 -10.752
388401.500 130500.500 -10.757
388401.500 130501.500 -10.777
388401.500 130502.500 -10.812
388401.500 130503.500 -10.830
388401.500 130504.500 -10.835
388401.500 130505.500 -10.850
388401.500 130506.500 -10.855
388401.500 130507.500 -10.885
388401.500 130508.500 -10.888
388401.500 130509.500 -10.902
388401.500 130510.500 -10.915
388401.500 130511.500 -10.923
388401.500 130512.500 -10.945
388401.500 130513.500 -10.940
388401.500 130514.500 -10.900
388401.500 130515.500 -10.935
388401.500 130516.500 -11.005
388401.500 130517.500 -11.055
388401.500 130518.500 -11.090
388401.500 130519.500 -11.088
388401.500 130520.500 -11.085
388401.500 130521.500 -11.078
388401.500 130522.500 -11.055
388401.500 130523.500 -11.045
388401.500 130524.500 -11.037
388401.500 130525.500 -11.050
388401.500 130526.500 -11.113
388401.500 130527.500 -11.155
388401.500 130528.500 -11.192
388401.500 130529.500 -11.210
388401.500 130530.500 -11.248
388401.500 130531.500 -11.238
388401.500 130532.500 -11.248
388401.500 130533.500 -11.240
388401.500 130534.500 -11.207
388401.500 130535.500 -11.195
388401.500 130536.500 -11.220
388401.500 130537.500 -11.283
388401.500 130538.500 -11.332
388401.500 130539.500 -11.347
388401.500 130540.500 -11.320
388401.500 130541.500 -11.295
388401.500 130542.500 -11.317
388401.500 130543.500 -11.368
388401.500 130544.500 -11.413
388401.500 130545.500 -11.407
388401.500 130546.500 -11.418
388401.500 130547.500 -11.447
388401.500 130548.500 -11.473
388401.500 130549.500 -11.455
388401.500 130550.500 -11.447
388401.500 130551.500 -11.438
388401.500 130552.500 -11.450
388401.500 130553.500 -11.473
388401.500 130554.500 -11.475
388401.500 130555.500 -11.470
388401.500 130556.500 -11.468
388401.500 130557.500 -11.435
388401.500 130558.500 -11.422
388401.500 130559.500 -11.430
388401.500 130560.500 -11.448
388401.500 130561.500 -11.468
388401.500 130562.500 -11.488
388401.500 130563.500 -11.493
388401.500 130564.500 -11.508
388401.500 130565.500 -11.512
388401.500 130566.500 -11.502
388401.500 130567.500 -11.512
388401.500 130568.500 -11.508
388401.500 130569.500 -11.498
388401.500 130570.500 -11.505
388401.500 130571.500 -11.525
388401.500 130572.500 -11.535
388401.500 130573.500 -11.530
388401.500 130574.500 -11.515
388401.500 130575.500 -11.500
388401.500 130576.500 -11.495
388401.500 130577.500 -11.482
388401.500 130578.500 -11.483
388401.500 130579.500 -11.477
388401.500 130580.500 -11.477
388401.500 130581.500 -11.453
388401.500 130582.500 -11.460
388401.500 130583.500 -11.468
388401.500 130584.500 -11.462
388401.500 130585.500 -11.458
388401.500 130586.500 -11.445
388401.500 130587.500 -11.447
388401.500 130588.500 -11.453
388401.500 130589.500 -11.470
388401.500 130590.500 -11.488
388401.500 130591.500 -11.490
388402.500 130483.500 -10.620
388402.500 130484.500 -10.630
388402.500 130485.500 -10.643
388402.500 130486.500 -10.643
388402.500 130487.500 -10.625
388402.500 130488.500 -10.633
388402.500 130489.500 -10.640
388402.500 130490.500 -10.655
388402.500 130491.500 -10.635
388402.500 130492.500 -10.635
388402.500 130493.500 -10.670
388402.500 130494.500 -10.703
388402.500 130495.500 -10.700
388402.500 130496.500 -10.707
388402.500 130497.500 -10.720
388402.500 130498.500 -10.723
388402.500 130499.500 -10.735
388402.500 130500.500 -10.740
388402.500 130501.500 -10.755
388402.500 130502.500 -10.773
388402.500 130503.500 -10.800
388402.500 130504.500 -10.822
388402.500 130505.500 -10.827
388402.500 130506.500 -10.828
388402.500 130507.500 -10.850
388402.500 130508.500 -10.855
388402.500 130509.500 -10.877
388402.500 130510.500 -10.870
388402.500 130511.500 -10.898
388402.500 130512.500 -10.912
388402.500 130513.500 -10.890
388402.500 130514.500 -10.855
388402.500 130515.500 -10.895
388402.500 130516.500 -10.960
388402.500 130517.500 -11.012
388402.500 130518.500 -11.058
388402.500 130519.500 -11.068
388402.500 130520.500 -11.070
388402.500 130521.500 -11.070
388402.500 130522.500 -11.060
388402.500 130523.500 -11.055
388402.500 130524.500 -11.030
388402.500 130525.500 -11.025
388402.500 130526.500 -11.090
388402.500 130527.500 -11.155
388402.500 130528.500 -11.185
388402.500 130529.500 -11.195
388402.500 130530.500 -11.220
388402.500 130531.500 -11.218
388402.500 130532.500 -11.197
388402.500 130533.500 -11.185
388402.500 130534.500 -11.197
388402.500 130535.500 -11.205
388402.500 130536.500 -11.242
388402.500 130537.500 -11.282
388402.500 130538.500 -11.330
388402.500 130539.500 -11.373
388402.500 130540.500 -11.372
388402.500 130541.500 -11.318
388402.500 130542.500 -11.300
388402.500 130543.500 -11.338
388402.500 130544.500 -11.410
388402.500 130545.500 -11.408
388402.500 130546.500 -11.413
388402.500 130547.500 -11.438
388402.500 130548.500 -11.465
388402.500 130549.500 -11.465
388402.500 130550.500 -11.458
388402.500 130551.500 -11.445
388402.500 130552.500 -11.442
388402.500 130553.500 -11.465
388402.500 130554.500 -11.480
388402.500 130555.500 -11.463
388402.500 130556.500 -11.460
388402.500 130557.500 -11.440
388402.500 130558.500 -11.412
388402.500 130559.500 -11.425
388402.500 130560.500 -11.445
388402.500 130561.500 -11.475
388402.500 130562.500 -11.485
388402.500 130563.500 -11.515
388402.500 130564.500 -11.525
388402.500 130565.500 -11.515
388402.500 130566.500 -11.510
388402.500 130567.500 -11.517
388402.500 130568.500 -11.520
388402.500 130569.500 -11.507
388402.500 130570.500 -11.520
388402.500 130571.500 -11.543
388402.500 130572.500 -11.553
388402.500 130573.500 -11.558
388402.500 130574.500 -11.545
388402.500 130575.500 -11.540
388402.500 130576.500 -11.523
388402.500 130577.500 -11.510
388402.500 130578.500 -11.495
388402.500 130579.500 -11.493
388402.500 130580.500 -11.488
388402.500 130581.500 -11.470
388402.500 130582.500 -11.463
388402.500 130583.500 -11.475
388402.500 130584.500 -11.473
388402.500 130585.500 -11.470
388402.500 130586.500 -11.457
388402.500 130587.500 -11.445
388402.500 130588.500 -11.460
388402.500 130589.500 -11.475
388402.500 130590.500 -11.475
388402.500 130591.500 -11.488
388403.500 130482.500 -10.602
388403.500 130483.500 -10.580
388403.500 130484.500 -10.617
388403.500 130485.500 -10.610
388403.500 130486.500 -10.602
388403.500 130487.500 -10.595
388403.500 130488.500 -10.590
388403.500 130489.500 -10.600
388403.500 130490.500 -10.610
388403.500 130491.500 -10.617
388403.500 130492.500 -10.620
388403.500 130493.500 -10.668
388403.500 130494.500 -10.690
388403.500 130495.500 -10.675
388403.500 130496.500 -10.680
388403.500 130497.500 -10.698
388403.500 130498.500 -10.700
388403.500 130499.500 -10.705
388403.500 130500.500 -10.700
388403.500 130501.500 -10.713
388403.500 130502.500 -10.728
388403.500 130503.500 -10.753
388403.500 130504.500 -10.775
388403.500 130505.500 -10.793
388403.500 130506.500 -10.795
388403.500 130507.500 -10.818
388403.500 130508.500 -10.825
388403.500 130509.500 -10.840
388403.500 130510.500 -10.830
388403.500 130511.500 -10.855
388403.500 130512.500 -10.842
388403.500 130513.500 -10.815
388403.500 130514.500 -10.810
388403.500 130515.500 -10.870
388403.500 130516.500 -10.913
388403.500 130517.500 -10.963
388403.500 130518.500 -11.023
388403.500 130519.500 -11.065
388403.500 130520.500 -11.068
388403.500 130521.500 -11.058
388403.500 130522.500 -11.062
388403.500 130523.500 -11.050
388403.500 130524.500 -11.040
388403.500 130525.500 -11.055
388403.500 130526.500 -11.080
388403.500 130527.500 -11.125
388403.500 130528.500 -11.145
388403.500 130529.500 -11.152
388403.500 130530.500 -11.185
388403.500 130531.500 -11.200
388403.500 130532.500 -11.188
388403.500 130533.500 -11.168
388403.500 130534.500 -11.135
388403.500 130535.500 -11.158
388403.500 130536.500 -11.235
388403.500 130537.500 -11.300
388403.500 130538.500 -11.318
388403.500 130539.500 -11.342
388403.500 130540.500 -11.393
388403.500 130541.500 -11.363
388403.500 130542.500 -11.332
388403.500 130543.500 -11.357
388403.500 130544.500 -11.385
388403.500 130545.500 -11.413
388403.500 130546.500 -11.435
388403.500 130547.500 -11.450
388403.500 130548.500 -11.455
388403.500 130549.500 -11.480
388403.500 130550.500 -11.468
388403.500 130551.500 -11.457
388403.500 130552.500 -11.463
388403.500 130553.500 -11.470
388403.500 130554.500 -11.482
388403.500 130555.500 -11.475
388403.500 130556.500 -11.482
388403.500 130557.500 -11.463
388403.500 130558.500 -11.430
388403.500 130559.500 -11.433
388403.500 130560.500 -11.453
388403.500 130561.500 -11.483
388403.500 130562.500 -11.508
388403.500 130563.500 -11.545
388403.500 130564.500 -11.532
388403.500 130565.500 -11.522
388403.500 130566.500 -11.520
388403.500 130567.500 -11.525
388403.500 130568.500 -11.538
388403.500 130569.500 -11.527
388403.500 130570.500 -11.538
388403.500 130571.500 -11.558
388403.500 130572.500 -11.570
388403.500 130573.500 -11.568
388403.500 130574.500 -11.552
388403.500 130575.500 -11.555
388403.500 130576.500 -11.543
388403.500 130577.500 -11.505
388403.500 130578.500 -11.498
388403.500 130579.500 -11.492
388403.500 130580.500 -11.493
388403.500 130581.500 -11.490
388403.500 130582.500 -11.473
388403.500 130583.500 -11.473
388403.500 130584.500 -11.477
388403.500 130585.500 -11.463
388403.500 130586.500 -11.460
388403.500 130587.500 -11.455
388403.500 130588.500 -11.470
388403.500 130589.500 -11.485
388403.500 130590.500 -11.495
388403.500 130591.500 -11.512
388404.500 130481.500 -10.612
388404.500 130482.500 -10.570
388404.500 130483.500 -10.572
388404.500 130484.500 -10.593
388404.500 130485.500 -10.575
388404.500 130486.500 -10.578
388404.500 130487.500 -10.595
388404.500 130488.500 -10.587
388404.500 130489.500 -10.582
388404.500 130490.500 -10.610
388404.500 130491.500 -10.610
388404.500 130492.500 -10.612
388404.500 130493.500 -10.640
388404.500 130494.500 -10.658
388404.500 130495.500 -10.652
388404.500 130496.500 -10.668
388404.500 130497.500 -10.670
388404.500 130498.500 -10.678
388404.500 130499.500 -10.688
388404.500 130500.500 -10.678
388404.500 130501.500 -10.708
388404.500 130502.500 -10.705
388404.500 130503.500 -10.715
388404.500 130504.500 -10.755
388404.500 130505.500 -10.775
388404.500 130506.500 -10.780
388404.500 130507.500 -10.793
388404.500 130508.500 -10.805
388404.500 130509.500 -10.800
388404.500 130510.500 -10.815
388404.500 130511.500 -10.815
388404.500 130512.500 -10.812
388404.500 130513.500 -10.790
388404.500 130514.500 -10.785
388404.500 130515.500 -10.827
388404.500 130516.500 -10.873
388404.500 130517.500 -10.900
388404.500 130518.500 -10.965
388404.500 130519.500 -11.025
388404.500 130520.500 -11.040
388404.500 130521.500 -11.032
388404.500 130522.500 -11.030
388404.500 130523.500 -11.042
388404.500 130524.500 -11.037
388404.500 130525.500 -11.045
388404.500 130526.500 -11.082
388404.500 130527.500 -11.107
388404.500 130528.500 -11.098
388404.500 130529.500 -11.133
388404.500 130530.500 -11.160
388404.500 130531.500 -11.210
388404.500 130532.500 -11.208
388404.500 130533.500 -11.182
388404.500 130534.500 -11.162
388404.500 130535.500 -11.143
388404.500 130536.500 -11.188
388404.500 130537.500 -11.245
388404.500 130538.500 -11.300
388404.500 130539.500 -11.333
388404.500 130540.500 -11.440
388404.500 130541.500 -11.445
388404.500 130542.500 -11.390
388404.500 130543.500 -11.383
388404.500 130544.500 -11.395
388404.500 130545.500 -11.413
388404.500 130546.500 -11.442
388404.500 130547.500 -11.445
388404.500 130548.500 -11.450
388404.500 130549.500 -11.488
388404.500 130550.500 -11.485
388404.500 130551.500 -11.463
388404.500 130552.500 -11.455
388404.500 130553.500 -11.492
388404.500 130554.500 -11.507
388404.500 130555.500 -11.505
388404.500 130556.500 -11.505
388404.500 130557.500 -11.488
388404.500 130558.500 -11.447
388404.500 130559.500 -11.447
388404.500 130560.500 -11.470
388404.500 130561.500 -11.495
388404.500 130562.500 -11.515
388404.500 130563.500 -11.540
388404.500 130564.500 -11.533
388404.500 130565.500 -11.535
388404.500 130566.500 -11.525
388404.500 130567.500 -11.540
388404.500 130568.500 -11.558
388404.500 130569.500 -11.560
388404.500 130570.500 -11.560
388404.500 130571.500 -11.578
388404.500 130572.500 -11.582
388404.500 130573.500 -11.578
388404.500 130574.500 -11.572
388404.500 130575.500 -11.578
388404.500 130576.500 -11.568
388404.500 130577.500 -11.520
388404.500 130578.500 -11.498
388404.500 130579.500 -11.500
388404.500 130580.500 -11.495
388404.500 130581.500 -11.490
388404.500 130582.500 -11.502
388404.500 130583.500 -11.488
388404.500 130584.500 -11.490
388404.500 130585.500 -11.477
388404.500 130586.500 -11.480
388404.500 130587.500 -11.470
388404.500 130588.500 -11.468
388404.500 130589.500 -11.503
388404.500 130590.500 -11.535
388404.500 130591.500 -11.543
388405.500 130481.500 -10.590
388405.500 130482.500 -10.568
388405.500 130483.500 -10.565
388405.500 130484.500 -10.572
388405.500 130485.500 -10.588
388405.500 130486.500 -10.590
388405.500 130487.500 -10.585
388405.500 130488.500 -10.592
388405.500 130489.500 -10.590
388405.500 130490.500 -10.595
388405.500 130491.500 -10.598
388405.500 130492.500 -10.598
388405.500 130493.500 -10.610
388405.500 130494.500 -10.622
388405.500 130495.500 -10.645
388405.500 130496.500 -10.640
388405.500 130497.500 -10.645
388405.500 130498.500 -10.652
388405.500 130499.500 -10.652
388405.500 130500.500 -10.655
388405.500 130501.500 -10.678
388405.500 130502.500 -10.688
388405.500 130503.500 -10.687
388405.500 130504.500 -10.713
388405.500 130505.500 -10.740
388405.500 130506.500 -10.760
388405.500 130507.500 -10.775
388405.500 130508.500 -10.780
388405.500 130509.500 -10.768
388405.500 130510.500 -10.775
388405.500 130511.500 -10.777
388405.500 130512.500 -10.808
388405.500 130513.500 -10.773
388405.500 130514.500 -10.767
388405.500 130515.500 -10.785
388405.500 130516.500 -10.818
388405.500 130517.500 -10.877
388405.500 130518.500 -10.913
388405.500 130519.500 -10.950
388405.500 130520.500 -10.977
388405.500 130521.500 -11.002
388405.500 130522.500 -11.000
388405.500 130523.500 -11.025
388405.500 130524.500 -11.000
388405.500 130525.500 -11.002
388405.500 130526.500 -11.050
388405.500 130527.500 -11.072
388405.500 130528.500 -11.055
388405.500 130529.500 -11.090
388405.500 130530.500 -11.128
388405.500 130531.500 -11.178
388405.500 130532.500 -11.190
388405.500 130533.500 -11.210
388405.500 130534.500 -11.198
388405.500 130535.500 -11.215
388405.500 130536.500 -11.187
388405.500 130537.500 -11.240
388405.500 130538.500 -11.258
388405.500 130539.500 -11.262
388405.500 130540.500 -11.387
388405.500 130541.500 -11.427
388405.500 130542.500 -11.390
388405.500 130543.500 -11.377
388405.500 130544.500 -11.400
388405.500 130545.500 -11.422
388405.500 130546.500 -11.428
388405.500 130547.500 -11.428
388405.500 130548.500 -11.442
388405.500 130549.500 -11.497
388405.500 130550.500 -11.502
388405.500 130551.500 -11.495
388405.500 130552.500 -11.460
388405.500 130553.500 -11.477
388405.500 130554.500 -11.490
388405.500 130555.500 -11.498
388405.500 130556.500 -11.502
388405.500 130557.500 -11.475
388405.500 130558.500 -11.455
388405.500 130559.500 -11.465
388405.500 130560.500 -11.483
388405.500 130561.500 -11.508
388405.500 130562.500 -11.510
388405.500 130563.500 -11.523
388405.500 130564.500 -11.527
388405.500 130565.500 -11.540
388405.500 130566.500 -11.547
388405.500 130567.500 -11.560
388405.500 130568.500 -11.562
388405.500 130569.500 -11.565
388405.500 130570.500 -11.568
388405.500 130571.500 -11.588
388405.500 130572.500 -11.602
388405.500 130573.500 -11.593
388405.500 130574.500 -11.592
388405.500 130575.500 -11.612
388405.500 130576.500 -11.600
388405.500 130577.500 -11.555
388405.500 130578.500 -11.523
388405.500 130579.500 -11.512
388405.500 130580.500 -11.502
388405.500 130581.500 -11.498
388405.500 130582.500 -11.500
388405.500 130583.500 -11.498
388405.500 130584.500 -11.495
388405.500 130585.500 -11.488
388405.500 130586.500 -11.485
388405.500 130587.500 -11.495
388405.500 130588.500 -11.492
388405.500 130589.500 -11.520
388405.500 130590.500 -11.540
388405.500 130591.500 -11.550
388406.500 130480.500 -10.585
388406.500 130481.500 -10.582
388406.500 130482.500 -10.568
388406.500 130483.500 -10.558
388406.500 130484.500 -10.550
388406.500 130485.500 -10.560
388406.500 130486.500 -10.572
388406.500 130487.500 -10.575
388406.500 130488.500 -10.565
388406.500 130489.500 -10.570
388406.500 130490.500 -10.588
388406.500 130491.500 -10.578
388406.500 130492.500 -10.580
388406.500 130493.500 -10.582
388406.500 130494.500 -10.590
388406.500 130495.500 -10.623
388406.500 130496.500 -10.617
388406.500 130497.500 -10.605
388406.500 130498.500 -10.617
388406.500 130499.500 -10.615
388406.500 130500.500 -10.633
388406.500 130501.500 -10.645
388406.500 130502.500 -10.678
388406.500 130503.500 -10.680
388406.500 130504.500 -10.682
388406.500 130505.500 -10.698
388406.500 130506.500 -10.740
388406.500 130507.500 -10.748
388406.500 130508.500 -10.757
388406.500 130509.500 -10.752
388406.500 130510.500 -10.755
388406.500 130511.500 -10.777
388406.500 130512.500 -10.780
388406.500 130513.500 -10.762
388406.500 130514.500 -10.767
388406.500 130515.500 -10.782
388406.500 130516.500 -10.818
388406.500 130517.500 -10.848
388406.500 130518.500 -10.880
388406.500 130519.500 -10.888
388406.500 130520.500 -10.907
388406.500 130521.500 -10.930
388406.500 130522.500 -10.970
388406.500 130523.500 -11.000
388406.500 130524.500 -10.985
388406.500 130525.500 -10.970
388406.500 130526.500 -11.025
388406.500 130527.500 -11.050
388406.500 130528.500 -11.015
388406.500 130529.500 -11.025
388406.500 130530.500 -11.075
388406.500 130531.500 -11.150
388406.500 130532.500 -11.205
388406.500 130533.500 -11.233
388406.500 130534.500 -11.235
388406.500 130535.500 -11.242
388406.500 130536.500 -11.248
388406.500 130537.500 -11.260
388406.500 130538.500 -11.223
388406.500 130539.500 -11.017
388406.500 130540.500 -11.050
388406.500 130541.500 -11.295
388406.500 130542.500 -11.348
388406.500 130543.500 -11.335
388406.500 130544.500 -11.365
388406.500 130545.500 -11.388
388406.500 130546.500 -11.402
388406.500 130547.500 -11.407
388406.500 130548.500 -11.422
388406.500 130549.500 -11.485
388406.500 130550.500 -11.505
388406.500 130551.500 -11.495
388406.500 130552.500 -11.453
388406.500 130553.500 -11.465
388406.500 130554.500 -11.475
388406.500 130555.500 -11.485
388406.500 130556.500 -11.482
388406.500 130557.500 -11.460
388406.500 130558.500 -11.473
388406.500 130559.500 -11.495
388406.500 130560.500 -11.490
388406.500 130561.500 -11.515
388406.500 130562.500 -11.515
388406.500 130563.500 -11.507
388406.500 130564.500 -11.525
388406.500 130565.500 -11.547
388406.500 130566.500 -11.565
388406.500 130567.500 -11.570
388406.500 130568.500 -11.575
388406.500 130569.500 -11.578
388406.500 130570.500 -11.555
388406.500 130571.500 -11.585
388406.500 130572.500 -11.610
388406.500 130573.500 -11.600
388406.500 130574.500 -11.600
388406.500 130575.500 -11.607
388406.500 130576.500 -11.615
388406.500 130577.500 -11.585
388406.500 130578.500 -11.545
388406.500 130579.500 -11.527
388406.500 130580.500 -11.523
388406.500 130581.500 -11.502
388406.500 130582.500 -11.510
388406.500 130583.500 -11.520
388406.500 130584.500 -11.520
388406.500 130585.500 -11.505
388406.500 130586.500 -11.500
388406.500 130587.500 -11.505
388406.500 130588.500 -11.507
388406.500 130589.500 -11.510
388406.500 130590.500 -11.530
388406.500 130591.500 -11.555
388407.500 130479.500 -10.545
388407.500 130480.500 -10.553
388407.500 130481.500 -10.555
388407.500 130482.500 -10.553
388407.500 130483.500 -10.543
388407.500 130484.500 -10.520
388407.500 130485.500 -10.537
388407.500 130486.500 -10.560
388407.500 130487.500 -10.565
388407.500 130488.500 -10.550
388407.500 130489.500 -10.562
388407.500 130490.500 -10.565
388407.500 130491.500 -10.550
388407.500 130492.500 -10.555
388407.500 130493.500 -10.568
388407.500 130494.500 -10.578
388407.500 130495.500 -10.590
388407.500 130496.500 -10.590
388407.500 130497.500 -10.580
388407.500 130498.500 -10.593
388407.500 130499.500 -10.600
388407.500 130500.500 -10.623
388407.500 130501.500 -10.623
388407.500 130502.500 -10.645
388407.500 130503.500 -10.670
388407.500 130504.500 -10.680
388407.500 130505.500 -10.678
388407.500 130506.500 -10.680
388407.500 130507.500 -10.712
388407.500 130508.500 -10.728
388407.500 130509.500 -10.733
388407.500 130510.500 -10.723
388407.500 130511.500 -10.742
388407.500 130512.500 -10.738
388407.500 130513.500 -10.755
388407.500 130514.500 -10.758
388407.500 130515.500 -10.780
388407.500 130516.500 -10.825
388407.500 130517.500 -10.825
388407.500 130518.500 -10.835
388407.500 130519.500 -10.832
388407.500 130520.500 -10.828
388407.500 130521.500 -10.863
388407.500 130522.500 -10.932
388407.500 130523.500 -10.955
388407.500 130524.500 -10.955
388407.500 130525.500 -10.955
388407.500 130526.500 -10.990
388407.500 130527.500 -10.988
388407.500 130528.500 -10.995
388407.500 130529.500 -11.010
388407.500 130530.500 -11.083
388407.500 130531.500 -11.170
388407.500 130532.500 -11.215
388407.500 130533.500 -11.245
388407.500 130534.500 -11.252
388407.500 130535.500 -11.252
388407.500 130536.500 -11.255
388407.500 130537.500 -11.277
388407.500 130538.500 -11.218
388407.500 130539.500 -11.150
388407.500 130540.500 -11.132
388407.500 130541.500 -11.270
388407.500 130542.500 -11.357
388407.500 130543.500 -11.345
388407.500 130544.500 -11.310
388407.500 130545.500 -11.317
388407.500 130546.500 -11.363
388407.500 130547.500 -11.390
388407.500 130548.500 -11.415
388407.500 130549.500 -11.473
388407.500 130550.500 -11.493
388407.500 130551.500 -11.502
388407.500 130552.500 -11.478
388407.500 130553.500 -11.453
388407.500 130554.500 -11.458
388407.500 130555.500 -11.475
388407.500 130556.500 -11.463
388407.500 130557.500 -11.445
388407.500 130558.500 -11.475
388407.500 130559.500 -11.490
388407.500 130560.500 -11.498
388407.500 130561.500 -11.520
388407.500 130562.500 -11.520
388407.500 130563.500 -11.517
388407.500 130564.500 -11.520
388407.500 130565.500 -11.557
388407.500 130566.500 -11.585
388407.500 130567.500 -11.587
388407.500 130568.500 -11.585
388407.500 130569.500 -11.568
388407.500 130570.500 -11.560
388407.500 130571.500 -11.585
388407.500 130572.500 -11.607
388407.500 130573.500 -11.627
388407.500 130574.500 -11.638
388407.500 130575.500 -11.625
388407.500 130576.500 -11.628
388407.500 130577.500 -11.617
388407.500 130578.500 -11.590
388407.500 130579.500 -11.563
388407.500 130580.500 -11.543
388407.500 130581.500 -11.525
388407.500 130582.500 -11.525
388407.500 130583.500 -11.535
388407.500 130584.500 -11.543
388407.500 130585.500 -11.532
388407.500 130586.500 -11.520
388407.500 130587.500 -11.522
388407.500 130588.500 -11.525
388407.500 130589.500 -11.522
388407.500 130590.500 -11.527
388407.500 130591.500 -11.543
388408.500 130479.500 -10.520
388408.500 130480.500 -10.518
388408.500 130481.500 -10.522
388408.500 130482.500 -10.518
388408.500 130483.500 -10.522
388408.500 130484.500 -10.518
388408.500 130485.500 -10.535
388408.500 130486.500 -10.550
388408.500 130487.500 -10.545
388408.500 130488.500 -10.560
388408.500 130489.500 -10.550
388408.500 130490.500 -10.545
388408.500 130491.500 -10.533
388408.500 130492.500 -10.540
388408.500 130493.500 -10.558
388408.500 130494.500 -10.562
388408.500 130495.500 -10.562
388408.500 130496.500 -10.553
388408.500 130497.500 -10.553
388408.500 130498.500 -10.568
388408.500 130499.500 -10.580
388408.500 130500.500 -10.595
388408.500 130501.500 -10.612
388408.500 130502.500 -10.610
388408.500 130503.500 -10.625
388408.500 130504.500 -10.665
388408.500 130505.500 -10.657
388408.500 130506.500 -10.640
388408.500 130507.500 -10.652
388408.500 130508.500 -10.678
388408.500 130509.500 -10.705
388408.500 130510.500 -10.703
388408.500 130511.500 -10.705
388408.500 130512.500 -10.697
388408.500 130513.500 -10.717
388408.500 130514.500 -10.735
388408.500 130515.500 -10.752
388408.500 130516.500 -10.762
388408.500 130517.500 -10.795
388408.500 130518.500 -10.810
388408.500 130519.500 -10.805
388408.500 130520.500 -10.830
388408.500 130521.500 -10.885
388408.500 130522.500 -10.925
388408.500 130523.500 -10.942
388408.500 130524.500 -10.958
388408.500 130525.500 -10.973
388408.500 130526.500 -10.980
388408.500 130527.500 -10.978
388408.500 130528.500 -11.000
388408.500 130529.500 -11.040
388408.500 130530.500 -11.103
388408.500 130531.500 -11.157
388408.500 130532.500 -11.203
388408.500 130533.500 -11.233
388408.500 130534.500 -11.245
388408.500 130535.500 -11.240
388408.500 130536.500 -11.245
388408.500 130537.500 -11.260
388408.500 130538.500 -11.270
388408.500 130539.500 -11.227
388408.500 130540.500 -11.210
388408.500 130541.500 -11.253
388408.500 130542.500 -11.312
388408.500 130543.500 -11.348
388408.500 130544.500 -11.312
388408.500 130545.500 -11.277
388408.500 130546.500 -11.328
388408.500 130547.500 -11.377
388408.500 130548.500 -11.430
388408.500 130549.500 -11.473
388408.500 130550.500 -11.470
388408.500 130551.500 -11.485
388408.500 130552.500 -11.483
388408.500 130553.500 -11.475
388408.500 130554.500 -11.460
388408.500 130555.500 -11.497
388408.500 130556.500 -11.502
388408.500 130557.500 -11.492
388408.500 130558.500 -11.483
388408.500 130559.500 -11.492
388408.500 130560.500 -11.498
388408.500 130561.500 -11.505
388408.500 130562.500 -11.510
388408.500 130563.500 -11.508
388408.500 130564.500 -11.500
388408.500 130565.500 -11.535
388408.500 130566.500 -11.562
388408.500 130567.500 -11.565
388408.500 130568.500 -11.568
388408.500 130569.500 -11.575
388408.500 130570.500 -11.563
388408.500 130571.500 -11.575
388408.500 130572.500 -11.610
388408.500 130573.500 -11.658
388408.500 130574.500 -11.678
388408.500 130575.500 -11.660
388408.500 130576.500 -11.647
388408.500 130577.500 -11.657
388408.500 130578.500 -11.637
388408.500 130579.500 -11.610
388408.500 130580.500 -11.572
388408.500 130581.500 -11.558
388408.500 130582.500 -11.543
388408.500 130583.500 -11.562
388408.500 130584.500 -11.565
388408.500 130585.500 -11.555
388408.500 130586.500 -11.537
388408.500 130587.500 -11.527
388408.500 130588.500 -11.532
388408.500 130589.500 -11.520
388408.500 130590.500 -11.520
388408.500 130591.500 -11.535
388409.500 130478.500 -10.512
388409.500 130479.500 -10.498
388409.500 130480.500 -10.498
388409.500 130481.500 -10.495
388409.500 130482.500 -10.483
388409.500 130483.500 -10.505
388409.500 130484.500 -10.515
388409.500 130485.500 -10.515
388409.500 130486.500 -10.537
388409.500 130487.500 -10.550
388409.500 130488.500 -10.553
388409.500 130489.500 -10.540
388409.500 130490.500 -10.537
388409.500 130491.500 -10.527
388409.500 130492.500 -10.520
388409.500 130493.500 -10.525
388409.500 130494.500 -10.535
388409.500 130495.500 -10.527
388409.500 130496.500 -10.530
388409.500 130497.500 -10.537
388409.500 130498.500 -10.537
388409.500 130499.500 -10.562
388409.500 130500.500 -10.582
388409.500 130501.500 -10.575
388409.500 130502.500 -10.588
388409.500 130503.500 -10.595
388409.500 130504.500 -10.625
388409.500 130505.500 -10.630
388409.500 130506.500 -10.625
388409.500 130507.500 -10.638
388409.500 130508.500 -10.657
388409.500 130509.500 -10.675
388409.500 130510.500 -10.680
388409.500 130511.500 -10.670
388409.500 130512.500 -10.675
388409.500 130513.500 -10.687
388409.500 130514.500 -10.718
388409.500 130515.500 -10.720
388409.500 130516.500 -10.725
388409.500 130517.500 -10.790
388409.500 130518.500 -10.797
388409.500 130519.500 -10.805
388409.500 130520.500 -10.820
388409.500 130521.500 -10.850
388409.500 130522.500 -10.900
388409.500 130523.500 -10.920
388409.500 130524.500 -10.942
388409.500 130525.500 -10.980
388409.500 130526.500 -10.993
388409.500 130527.500 -11.000
388409.500 130528.500 -11.025
388409.500 130529.500 -11.047
388409.500 130530.500 -11.085
388409.500 130531.500 -11.085
388409.500 130532.500 -11.125
388409.500 130533.500 -11.195
388409.500 130534.500 -11.205
388409.500 130535.500 -11.203
388409.500 130536.500 -11.220
388409.500 130537.500 -11.255
388409.500 130538.500 -11.282
388409.500 130539.500 -11.270
388409.500 130540.500 -11.223
388409.500 130541.500 -11.205
388409.500 130542.500 -11.245
388409.500 130543.500 -11.310
388409.500 130544.500 -11.335
388409.500 130545.500 -11.320
388409.500 130546.500 -11.323
388409.500 130547.500 -11.365
388409.500 130548.500 -11.420
388409.500 130549.500 -11.465
388409.500 130550.500 -11.473
388409.500 130551.500 -11.465
388409.500 130552.500 -11.460
388409.500 130553.500 -11.480
388409.500 130554.500 -11.460
388409.500 130555.500 -11.475
388409.500 130556.500 -11.490
388409.500 130557.500 -11.505
388409.500 130558.500 -11.510
388409.500 130559.500 -11.527
388409.500 130560.500 -11.547
388409.500 130561.500 -11.547
388409.500 130562.500 -11.540
388409.500 130563.500 -11.537
388409.500 130564.500 -11.515
388409.500 130565.500 -11.520
388409.500 130566.500 -11.552
388409.500 130567.500 -11.570
388409.500 130568.500 -11.565
388409.500 130569.500 -11.560
388409.500 130570.500 -11.570
388409.500 130571.500 -11.598
388409.500 130572.500 -11.633
388409.500 130573.500 -11.678
388409.500 130574.500 -11.710
388409.500 130575.500 -11.712
388409.500 130576.500 -11.685
388409.500 130577.500 -11.673
388409.500 130578.500 -11.675
388409.500 130579.500 -11.645
388409.500 130580.500 -11.620
388409.500 130581.500 -11.602
388409.500 130582.500 -11.568
388409.500 130583.500 -11.575
388409.500 130584.500 -11.582
388409.500 130585.500 -11.583
388409.500 130586.500 -11.572
388409.500 130587.500 -11.540
388409.500 130588.500 -11.545
388409.500 130589.500 -11.550
388409.500 130590.500 -11.535
388409.500 130591.500 -11.547
388410.500 130477.500 -10.500
388410.500 130478.500 -10.488
388410.500 130479.500 -10.483
388410.500 130480.500 -10.480
388410.500 130481.500 -10.485
388410.500 130482.500 -10.470
388410.500 130483.500 -10.465
388410.500 130484.500 -10.488
388410.500 130485.500 -10.520
388410.500 130486.500 -10.550
388410.500 130487.500 -10.562
388410.500 130488.500 -10.553
388410.500 130489.500 -10.530
388410.500 130490.500 -10.515
388410.500 130491.500 -10.515
388410.500 130492.500 -10.505
388410.500 130493.500 -10.510
388410.500 130494.500 -10.518
388410.500 130495.500 -10.505
388410.500 130496.500 -10.495
388410.500 130497.500 -10.505
388410.500 130498.500 -10.515
388410.500 130499.500 -10.527
388410.500 130500.500 -10.540
388410.500 130501.500 -10.532
388410.500 130502.500 -10.543
388410.500 130503.500 -10.562
388410.500 130504.500 -10.580
388410.500 130505.500 -10.588
388410.500 130506.500 -10.605
388410.500 130507.500 -10.628
388410.500 130508.500 -10.638
388410.500 130509.500 -10.640
388410.500 130510.500 -10.643
388410.500 130511.500 -10.645
388410.500 130512.500 -10.650
388410.500 130513.500 -10.658
388410.500 130514.500 -10.665
388410.500 130515.500 -10.705
388410.500 130516.500 -10.735
388410.500 130517.500 -10.753
388410.500 130518.500 -10.758
388410.500 130519.500 -10.773
388410.500 130520.500 -10.800
388410.500 130521.500 -10.815
388410.500 130522.500 -10.867
388410.500 130523.500 -10.877
388410.500 130524.500 -10.900
388410.500 130525.500 -10.947
388410.500 130526.500 -10.975
388410.500 130527.500 -10.990
388410.500 130528.500 -11.008
388410.500 130529.500 -11.035
388410.500 130530.500 -11.060
388410.500 130531.500 -11.085
388410.500 130532.500 -11.127
388410.500 130533.500 -11.148
388410.500 130534.500 -11.168
388410.500 130535.500 -11.195
388410.500 130536.500 -11.192
388410.500 130537.500 -11.240
388410.500 130538.500 -11.280
388410.500 130539.500 -11.268
388410.500 130540.500 -11.247
388410.500 130541.500 -11.255
388410.500 130542.500 -11.243
388410.500 130543.500 -11.295
388410.500 130544.500 -11.348
388410.500 130545.500 -11.335
388410.500 130546.500 -11.313
388410.500 130547.500 -11.350
388410.500 130548.500 -11.390
388410.500 130549.500 -11.422
388410.500 130550.500 -11.438
388410.500 130551.500 -11.445
388410.500 130552.500 -11.440
388410.500 130553.500 -11.468
388410.500 130554.500 -11.460
388410.500 130555.500 -11.460
388410.500 130556.500 -11.458
388410.500 130557.500 -11.465
388410.500 130558.500 -11.492
388410.500 130559.500 -11.510
388410.500 130560.500 -11.523
388410.500 130561.500 -11.540
388410.500 130562.500 -11.535
388410.500 130563.500 -11.540
388410.500 130564.500 -11.545
388410.500 130565.500 -11.565
388410.500 130566.500 -11.615
388410.500 130567.500 -11.623
388410.500 130568.500 -11.607
388410.500 130569.500 -11.615
388410.500 130570.500 -11.617
388410.500 130571.500 -11.617
388410.500 130572.500 -11.625
388410.500 130573.500 -11.668
388410.500 130574.500 -11.715
388410.500 130575.500 -11.713
388410.500 130576.500 -11.688
388410.500 130577.500 -11.680
388410.500 130578.500 -11.678
388410.500 130579.500 -11.657
388410.500 130580.500 -11.655
388410.500 130581.500 -11.638
388410.500 130582.500 -11.618
388410.500 130583.500 -11.625
388410.500 130584.500 -11.632
388410.500 130585.500 -11.625
388410.500 130586.500 -11.620
388410.500 130587.500 -11.587
388410.500 130588.500 -11.575
388410.500 130589.500 -11.572
388410.500 130590.500 -11.575
388410.500 130591.500 -11.560
388411.500 130477.500 -10.500
388411.500 130478.500 -10.470
388411.500 130479.500 -10.470
388411.500 130480.500 -10.463
388411.500 130481.500 -10.468
388411.500 130482.500 -10.460
388411.500 130483.500 -10.473
388411.500 130484.500 -10.497
388411.500 130485.500 -10.532
388411.500 130486.500 -10.562
388411.500 130487.500 -10.570
388411.500 130488.500 -10.560
388411.500 130489.500 -10.530
388411.500 130490.500 -10.508
388411.500 130491.500 -10.495
388411.500 130492.500 -10.485
388411.500 130493.500 -10.490
388411.500 130494.500 -10.490
388411.500 130495.500 -10.488
388411.500 130496.500 -10.478
388411.500 130497.500 -10.485
388411.500 130498.500 -10.488
388411.500 130499.500 -10.498
388411.500 130500.500 -10.497
388411.500 130501.500 -10.498
388411.500 130502.500 -10.502
388411.500 130503.500 -10.520
388411.500 130504.500 -10.540
388411.500 130505.500 -10.568
388411.500 130506.500 -10.575
388411.500 130507.500 -10.595
388411.500 130508.500 -10.607
388411.500 130509.500 -10.598
388411.500 130510.500 -10.620
388411.500 130511.500 -10.625
388411.500 130512.500 -10.655
388411.500 130513.500 -10.650
388411.500 130514.500 -10.663
388411.500 130515.500 -10.668
388411.500 130516.500 -10.680
388411.500 130517.500 -10.700
388411.500 130518.500 -10.713
388411.500 130519.500 -10.723
388411.500 130520.500 -10.785
388411.500 130521.500 -10.805
388411.500 130522.500 -10.825
388411.500 130523.500 -10.837
388411.500 130524.500 -10.862
388411.500 130525.500 -10.902
388411.500 130526.500 -10.953
388411.500 130527.500 -10.990
388411.500 130528.500 -11.005
388411.500 130529.500 -11.030
388411.500 130530.500 -11.053
388411.500 130531.500 -11.080
388411.500 130532.500 -11.098
388411.500 130533.500 -11.122
388411.500 130534.500 -11.145
388411.500 130535.500 -11.182
388411.500 130536.500 -11.200
388411.500 130537.500 -11.233
388411.500 130538.500 -11.252
388411.500 130539.500 -11.255
388411.500 130540.500 -11.258
388411.500 130541.500 -11.272
388411.500 130542.500 -11.250
388411.500 130543.500 -11.293
388411.500 130544.500 -11.375
388411.500 130545.500 -11.348
388411.500 130546.500 -11.310
388411.500 130547.500 -11.308
388411.500 130548.500 -11.330
388411.500 130549.500 -11.370
388411.500 130550.500 -11.400
388411.500 130551.500 -11.410
388411.500 130552.500 -11.415
388411.500 130553.500 -11.442
388411.500 130554.500 -11.435
388411.500 130555.500 -11.442
388411.500 130556.500 -11.437
388411.500 130557.500 -11.457
388411.500 130558.500 -11.495
388411.500 130559.500 -11.482
388411.500 130560.500 -11.478
388411.500 130561.500 -11.495
388411.500 130562.500 -11.500
388411.500 130563.500 -11.505
388411.500 130564.500 -11.520
388411.500 130565.500 -11.547
388411.500 130566.500 -11.582
388411.500 130567.500 -11.595
388411.500 130568.500 -11.610
388411.500 130569.500 -11.633
388411.500 130570.500 -11.660
388411.500 130571.500 -11.678
388411.500 130572.500 -11.692
388411.500 130573.500 -11.713
388411.500 130574.500 -11.705
388411.500 130575.500 -11.692
388411.500 130576.500 -11.678
388411.500 130577.500 -11.650
388411.500 130578.500 -11.655
388411.500 130579.500 -11.652
388411.500 130580.500 -11.663
388411.500 130581.500 -11.657
388411.500 130582.500 -11.650
388411.500 130583.500 -11.667
388411.500 130584.500 -11.678
388411.500 130585.500 -11.665
388411.500 130586.500 -11.640
388411.500 130587.500 -11.628
388411.500 130588.500 -11.602
388411.500 130589.500 -11.602
388411.500 130590.500 -11.605
388411.500 130591.500 -11.590
388412.500 130476.500 -10.515
388412.500 130477.500 -10.510
388412.500 130478.500 -10.485
388412.500 130479.500 -10.468
388412.500 130480.500 -10.460
388412.500 130481.500 -10.460
388412.500 130482.500 -10.457
388412.500 130483.500 -10.488
388412.500 130484.500 -10.512
388412.500 130485.500 -10.545
388412.500 130486.500 -10.562
388412.500 130487.500 -10.572
388412.500 130488.500 -10.585
388412.500 130489.500 -10.570
388412.500 130490.500 -10.540
388412.500 130491.500 -10.495
388412.500 130492.500 -10.480
388412.500 130493.500 -10.480
388412.500 130494.500 -10.480
388412.500 130495.500 -10.475
388412.500 130496.500 -10.477
388412.500 130497.500 -10.457
388412.500 130498.500 -10.460
388412.500 130499.500 -10.475
388412.500 130500.500 -10.467
388412.500 130501.500 -10.485
388412.500 130502.500 -10.480
388412.500 130503.500 -10.488
388412.500 130504.500 -10.505
388412.500 130505.500 -10.520
388412.500 130506.500 -10.545
388412.500 130507.500 -10.560
388412.500 130508.500 -10.550
388412.500 130509.500 -10.568
388412.500 130510.500 -10.563
388412.500 130511.500 -10.602
388412.500 130512.500 -10.635
388412.500 130513.500 -10.633
388412.500 130514.500 -10.648
388412.500 130515.500 -10.652
388412.500 130516.500 -10.655
388412.500 130517.500 -10.682
388412.500 130518.500 -10.685
388412.500 130519.500 -10.705
388412.500 130520.500 -10.740
388412.500 130521.500 -10.767
388412.500 130522.500 -10.782
388412.500 130523.500 -10.808
388412.500 130524.500 -10.835
388412.500 130525.500 -10.873
388412.500 130526.500 -10.922
388412.500 130527.500 -10.957
388412.500 130528.500 -10.998
388412.500 130529.500 -11.008
388412.500 130530.500 -11.002
388412.500 130531.500 -11.040
388412.500 130532.500 -11.080
388412.500 130533.500 -11.088
388412.500 130534.500 -11.103
388412.500 130535.500 -11.150
388412.500 130536.500 -11.178
388412.500 130537.500 -11.213
388412.500 130538.500 -11.233
388412.500 130539.500 -11.227
388412.500 130540.500 -11.215
388412.500 130541.500 -11.245
388412.500 130542.500 -11.270
388412.500 130543.500 -11.312
388412.500 130544.500 -11.385
388412.500 130545.500 -11.350
388412.500 130546.500 -11.303
388412.500 130547.500 -11.280
388412.500 130548.500 -11.285
388412.500 130549.500 -11.317
388412.500 130550.500 -11.352
388412.500 130551.500 -11.365
388412.500 130552.500 -11.385
388412.500 130553.500 -11.430
388412.500 130554.500 -11.432
388412.500 130555.500 -11.442
388412.500 130556.500 -11.450
388412.500 130557.500 -11.477
388412.500 130558.500 -11.502
388412.500 130559.500 -11.473
388412.500 130560.500 -11.475
388412.500 130561.500 -11.488
388412.500 130562.500 -11.485
388412.500 130563.500 -11.510
388412.500 130564.500 -11.535
388412.500 130565.500 -11.562
388412.500 130566.500 -11.572
388412.500 130567.500 -11.582
388412.500 130568.500 -11.572
388412.500 130569.500 -11.607
388412.500 130570.500 -11.633
388412.500 130571.500 -11.668
388412.500 130572.500 -11.692
388412.500 130573.500 -11.720
388412.500 130574.500 -11.707
388412.500 130575.500 -11.690
388412.500 130576.500 -11.680
388412.500 130577.500 -11.678
388412.500 130578.500 -11.685
388412.500 130579.500 -11.683
388412.500 130580.500 -11.707
388412.500 130581.500 -11.698
388412.500 130582.500 -11.683
388412.500 130583.500 -11.710
388412.500 130584.500 -11.703
388412.500 130585.500 -11.710
388412.500 130586.500 -11.680
388412.500 130587.500 -11.668
388412.500 130588.500 -11.643
388412.500 130589.500 -11.642
388412.500 130590.500 -11.655
388412.500 130591.500 -11.645
388413.500 130475.500 -10.527
388413.500 130476.500 -10.505
388413.500 130477.500 -10.492
388413.500 130478.500 -10.483
388413.500 130479.500 -10.452
388413.500 130480.500 -10.453
388413.500 130481.500 -10.475
388413.500 130482.500 -10.468
388413.500 130483.500 -10.480
388413.500 130484.500 -10.532
388413.500 130485.500 -10.545
388413.500 130486.500 -10.565
388413.500 130487.500 -10.593
388413.500 130488.500 -10.600
388413.500 130489.500 -10.585
388413.500 130490.500 -10.543
388413.500 130491.500 -10.485
388413.500 130492.500 -10.475
388413.500 130493.500 -10.470
388413.500 130494.500 -10.468
388413.500 130495.500 -10.475
388413.500 130496.500 -10.465
388413.500 130497.500 -10.430
388413.500 130498.500 -10.445
388413.500 130499.500 -10.460
388413.500 130500.500 -10.447
388413.500 130501.500 -10.447
388413.500 130502.500 -10.470
388413.500 130503.500 -10.470
388413.500 130504.500 -10.482
388413.500 130505.500 -10.490
388413.500 130506.500 -10.515
388413.500 130507.500 -10.532
388413.500 130508.500 -10.537
388413.500 130509.500 -10.540
388413.500 130510.500 -10.545
388413.500 130511.500 -10.565
388413.500 130512.500 -10.572
388413.500 130513.500 -10.582
388413.500 130514.500 -10.598
388413.500 130515.500 -10.615
388413.500 130516.500 -10.643
388413.500 130517.500 -10.655
388413.500 130518.500 -10.648
388413.500 130519.500 -10.670
388413.500 130520.500 -10.715
388413.500 130521.500 -10.745
388413.500 130522.500 -10.750
388413.500 130523.500 -10.770
388413.500 130524.500 -10.802
388413.500 130525.500 -10.842
388413.500 130526.500 -10.895
388413.500 130527.500 -10.922
388413.500 130528.500 -10.945
388413.500 130529.500 -10.958
388413.500 130530.500 -10.955
388413.500 130531.500 -10.995
388413.500 130532.500 -11.035
388413.500 130533.500 -11.058
388413.500 130534.500 -11.068
388413.500 130535.500 -11.113
388413.500 130536.500 -11.135
388413.500 130537.500 -11.172
388413.500 130538.500 -11.205
388413.500 130539.500 -11.213
388413.500 130540.500 -11.190
388413.500 130541.500 -11.227
388413.500 130542.500 -11.267
388413.500 130543.500 -11.287
388413.500 130544.500 -11.363
388413.500 130545.500 -11.360
388413.500 130546.500 -11.265
388413.500 130547.500 -11.265
388413.500 130548.500 -11.280
388413.500 130549.500 -11.305
388413.500 130550.500 -11.330
388413.500 130551.500 -11.317
388413.500 130552.500 -11.335
388413.500 130553.500 -11.380
388413.500 130554.500 -11.405
388413.500 130555.500 -11.418
388413.500 130556.500 -11.435
388413.500 130557.500 -11.453
388413.500 130558.500 -11.490
388413.500 130559.500 -11.488
388413.500 130560.500 -11.498
388413.500 130561.500 -11.495
388413.500 130562.500 -11.520
388413.500 130563.500 -11.535
388413.500 130564.500 -11.560
388413.500 130565.500 -11.572
388413.500 130566.500 -11.575
388413.500 130567.500 -11.585
388413.500 130568.500 -11.602
388413.500 130569.500 -11.617
388413.500 130570.500 -11.635
388413.500 130571.500 -11.657
388413.500 130572.500 -11.670
388413.500 130573.500 -11.692
388413.500 130574.500 -11.682
388413.500 130575.500 -11.658
388413.500 130576.500 -11.670
388413.500 130577.500 -11.695
388413.500 130578.500 -11.708
388413.500 130579.500 -11.723
388413.500 130580.500 -11.735
388413.500 130581.500 -11.728
388413.500 130582.500 -11.730
388413.500 130583.500 -11.738
388413.500 130584.500 -11.732
388413.500 130585.500 -11.750
388413.500 130586.500 -11.735
388413.500 130587.500 -11.737
388413.500 130588.500 -11.715
388413.500 130589.500 -11.710
388413.500 130590.500 -11.732
388413.500 130591.500 -11.720
388414.500 130475.500 -10.522
388414.500 130476.500 -10.505
388414.500 130477.500 -10.480
388414.500 130478.500 -10.473
388414.500 130479.500 -10.455
388414.500 130480.500 -10.463
388414.500 130481.500 -10.463
388414.500 130482.500 -10.465
388414.500 130483.500 -10.478
388414.500 130484.500 -10.530
388414.500 130485.500 -10.533
388414.500 130486.500 -10.562
388414.500 130487.500 -10.582
388414.500 130488.500 -10.593
388414.500 130489.500 -10.580
388414.500 130490.500 -10.555
388414.500 130491.500 -10.503
388414.500 130492.500 -10.468
388414.500 130493.500 -10.460
388414.500 130494.500 -10.460
388414.500 130495.500 -10.462
388414.500 130496.500 -10.445
388414.500 130497.500 -10.428
388414.500 130498.500 -10.432
388414.500 130499.500 -10.442
388414.500 130500.500 -10.435
388414.500 130501.500 -10.435
388414.500 130502.500 -10.455
388414.500 130503.500 -10.435
388414.500 130504.500 -10.435
388414.500 130505.500 -10.445
388414.500 130506.500 -10.470
388414.500 130507.500 -10.488
388414.500 130508.500 -10.502
388414.500 130509.500 -10.500
388414.500 130510.500 -10.518
388414.500 130511.500 -10.502
388414.500 130512.500 -10.507
388414.500 130513.500 -10.545
388414.500 130514.500 -10.568
388414.500 130515.500 -10.602
388414.500 130516.500 -10.612
388414.500 130517.500 -10.615
388414.500 130518.500 -10.612
388414.500 130519.500 -10.625
388414.500 130520.500 -10.670
388414.500 130521.500 -10.688
388414.500 130522.500 -10.725
388414.500 130523.500 -10.750
388414.500 130524.500 -10.767
388414.500 130525.500 -10.792
388414.500 130526.500 -10.848
388414.500 130527.500 -10.882
388414.500 130528.500 -10.870
388414.500 130529.500 -10.878
388414.500 130530.500 -10.918
388414.500 130531.500 -10.937
388414.500 130532.500 -10.970
388414.500 130533.500 -11.010
388414.500 130534.500 -11.027
388414.500 130535.500 -11.053
388414.500 130536.500 -11.105
388414.500 130537.500 -11.143
388414.500 130538.500 -11.172
388414.500 130539.500 -11.185
388414.500 130540.500 -11.192
388414.500 130541.500 -11.212
388414.500 130542.500 -11.255
388414.500 130543.500 -11.255
388414.500 130544.500 -11.285
388414.500 130545.500 -11.305
388414.500 130546.500 -11.272
388414.500 130547.500 -11.260
388414.500 130548.500 -11.310
388414.500 130549.500 -11.332
388414.500 130550.500 -11.343
388414.500 130551.500 -11.352
388414.500 130552.500 -11.355
388414.500 130553.500 -11.377
388414.500 130554.500 -11.383
388414.500 130555.500 -11.397
388414.500 130556.500 -11.418
388414.500 130557.500 -11.435
388414.500 130558.500 -11.450
388414.500 130559.500 -11.480
388414.500 130560.500 -11.510
388414.500 130561.500 -11.520
388414.500 130562.500 -11.535
388414.500 130563.500 -11.550
388414.500 130564.500 -11.568
388414.500 130565.500 -11.575
388414.500 130566.500 -11.588
388414.500 130567.500 -11.607
388414.500 130568.500 -11.617
388414.500 130569.500 -11.635
388414.500 130570.500 -11.652
388414.500 130571.500 -11.655
388414.500 130572.500 -11.672
388414.500 130573.500 -11.688
388414.500 130574.500 -11.662
388414.500 130575.500 -11.633
388414.500 130576.500 -11.637
388414.500 130577.500 -11.713
388414.500 130578.500 -11.747
388414.500 130579.500 -11.755
388414.500 130580.500 -11.745
388414.500 130581.500 -11.738
388414.500 130582.500 -11.750
388414.500 130583.500 -11.750
388414.500 130584.500 -11.752
388414.500 130585.500 -11.762
388414.500 130586.500 -11.765
388414.500 130587.500 -11.777
388414.500 130588.500 -11.752
388414.500 130589.500 -11.767
388414.500 130590.500 -11.788
388414.500 130591.500 -11.772
388415.500 130474.500 -10.545
388415.500 130475.500 -10.530
388415.500 130476.500 -10.510
388415.500 130477.500 -10.477
388415.500 130478.500 -10.473
388415.500 130479.500 -10.463
388415.500 130480.500 -10.460
388415.500 130481.500 -10.440
388415.500 130482.500 -10.473
388415.500 130483.500 -10.505
388415.500 130484.500 -10.520
388415.500 130485.500 -10.518
388415.500 130486.500 -10.535
388415.500 130487.500 -10.547
388415.500 130488.500 -10.550
388415.500 130489.500 -10.547
388415.500 130490.500 -10.537
388415.500 130491.500 -10.518
388415.500 130492.500 -10.485
388415.500 130493.500 -10.445
388415.500 130494.500 -10.438
388415.500 130495.500 -10.428
388415.500 130496.500 -10.412
388415.500 130497.500 -10.410
388415.500 130498.500 -10.412
388415.500 130499.500 -10.412
388415.500 130500.500 -10.408
388415.500 130501.500 -10.405
388415.500 130502.500 -10.412
388415.500 130503.500 -10.393
388415.500 130504.500 -10.398
388415.500 130505.500 -10.418
388415.500 130506.500 -10.415
388415.500 130507.500 -10.442
388415.500 130508.500 -10.463
388415.500 130509.500 -10.478
388415.500 130510.500 -10.482
388415.500 130511.500 -10.478
388415.500 130512.500 -10.492
388415.500 130513.500 -10.523
388415.500 130514.500 -10.540
388415.500 130515.500 -10.565
388415.500 130516.500 -10.575
388415.500 130517.500 -10.588
388415.500 130518.500 -10.585
388415.500 130519.500 -10.595
388415.500 130520.500 -10.620
388415.500 130521.500 -10.610
388415.500 130522.500 -10.660
388415.500 130523.500 -10.725
388415.500 130524.500 -10.770
388415.500 130525.500 -10.785
388415.500 130526.500 -10.815
388415.500 130527.500 -10.830
388415.500 130528.500 -10.810
388415.500 130529.500 -10.850
388415.500 130530.500 -10.877
388415.500 130531.500 -10.895
388415.500 130532.500 -10.930
388415.500 130533.500 -10.955
388415.500 130534.500 -10.975
388415.500 130535.500 -11.018
388415.500 130536.500 -11.078
388415.500 130537.500 -11.105
388415.500 130538.500 -11.130
388415.500 130539.500 -11.145
388415.500 130540.500 -11.175
388415.500 130541.500 -11.200
388415.500 130542.500 -11.220
388415.500 130543.500 -11.190
388415.500 130544.500 -11.152
388415.500 130545.500 -11.192
388415.500 130546.500 -11.257
388415.500 130547.500 -11.262
388415.500 130548.500 -11.307
388415.500 130549.500 -11.335
388415.500 130550.500 -11.343
388415.500 130551.500 -11.352
388415.500 130552.500 -11.370
388415.500 130553.500 -11.377
388415.500 130554.500 -11.388
388415.500 130555.500 -11.375
388415.500 130556.500 -11.397
388415.500 130557.500 -11.422
388415.500 130558.500 -11.448
388415.500 130559.500 -11.478
388415.500 130560.500 -11.500
388415.500 130561.500 -11.518
388415.500 130562.500 -11.543
388415.500 130563.500 -11.572
388415.500 130564.500 -11.570
388415.500 130565.500 -11.570
388415.500 130566.500 -11.578
388415.500 130567.500 -11.615
388415.500 130568.500 -11.622
388415.500 130569.500 -11.643
388415.500 130570.500 -11.645
388415.500 130571.500 -11.660
388415.500 130572.500 -11.658
388415.500 130573.500 -11.670
388415.500 130574.500 -11.662
388415.500 130575.500 -11.645
388415.500 130576.500 -11.665
388415.500 130577.500 -11.728
388415.500 130578.500 -11.775
388415.500 130579.500 -11.780
388415.500 130580.500 -11.777
388415.500 130581.500 -11.760
388415.500 130582.500 -11.757
388415.500 130583.500 -11.760
388415.500 130584.500 -11.770
388415.500 130585.500 -11.767
388415.500 130586.500 -11.773
388415.500 130587.500 -11.785
388415.500 130588.500 -11.775
388415.500 130589.500 -11.782
388415.500 130590.500 -11.795
388415.500 130591.500 -11.790
388416.500 130473.500 -10.585
388416.500 130474.500 -10.555
388416.500 130475.500 -10.537
388416.500 130476.500 -10.523
388416.500 130477.500 -10.508
388416.500 130478.500 -10.488
388416.500 130479.500 -10.473
388416.500 130480.500 -10.455
388416.500 130481.500 -10.455
388416.500 130482.500 -10.480
388416.500 130483.500 -10.507
388416.500 130484.500 -10.515
388416.500 130485.500 -10.495
388416.500 130486.500 -10.505
388416.500 130487.500 -10.510
388416.500 130488.500 -10.505
388416.500 130489.500 -10.502
388416.500 130490.500 -10.508
388416.500 130491.500 -10.485
388416.500 130492.500 -10.457
388416.500 130493.500 -10.428
388416.500 130494.500 -10.408
388416.500 130495.500 -10.410
388416.500 130496.500 -10.390
388416.500 130497.500 -10.373
388416.500 130498.500 -10.378
388416.500 130499.500 -10.397
388416.500 130500.500 -10.380
388416.500 130501.500 -10.375
388416.500 130502.500 -10.375
388416.500 130503.500 -10.367
388416.500 130504.500 -10.373
388416.500 130505.500 -10.395
388416.500 130506.500 -10.385
388416.500 130507.500 -10.418
388416.500 130508.500 -10.425
388416.500 130509.500 -10.440
388416.500 130510.500 -10.438
388416.500 130511.500 -10.450
388416.500 130512.500 -10.480
388416.500 130513.500 -10.485
388416.500 130514.500 -10.488
388416.500 130515.500 -10.520
388416.500 130516.500 -10.532
388416.500 130517.500 -10.535
388416.500 130518.500 -10.562
388416.500 130519.500 -10.575
388416.500 130520.500 -10.582
388416.500 130521.500 -10.580
388416.500 130522.500 -10.602
388416.500 130523.500 -10.668
388416.500 130524.500 -10.725
388416.500 130525.500 -10.760
388416.500 130526.500 -10.777
388416.500 130527.500 -10.795
388416.500 130528.500 -10.808
388416.500 130529.500 -10.830
388416.500 130530.500 -10.850
388416.500 130531.500 -10.850
388416.500 130532.500 -10.888
388416.500 130533.500 -10.935
388416.500 130534.500 -10.955
388416.500 130535.500 -10.980
388416.500 130536.500 -11.023
388416.500 130537.500 -11.045
388416.500 130538.500 -11.072
388416.500 130539.500 -11.102
388416.500 130540.500 -11.143
388416.500 130541.500 -11.185
388416.500 130542.500 -11.205
388416.500 130543.500 -11.185
388416.500 130544.500 -11.150
388416.500 130545.500 -11.180
388416.500 130546.500 -11.235
388416.500 130547.500 -11.240
388416.500 130548.500 -11.310
388416.500 130549.500 -11.337
388416.500 130550.500 -11.332
388416.500 130551.500 -11.370
388416.500 130552.500 -11.390
388416.500 130553.500 -11.388
388416.500 130554.500 -11.355
388416.500 130555.500 -11.352
388416.500 130556.500 -11.362
388416.500 130557.500 -11.397
388416.500 130558.500 -11.425
388416.500 130559.500 -11.455
388416.500 130560.500 -11.488
388416.500 130561.500 -11.510
388416.500 130562.500 -11.535
388416.500 130563.500 -11.547
388416.500 130564.500 -11.565
388416.500 130565.500 -11.565
388416.500 130566.500 -11.575
388416.500 130567.500 -11.612
388416.500 130568.500 -11.617
388416.500 130569.500 -11.635
388416.500 130570.500 -11.645
388416.500 130571.500 -11.640
388416.500 130572.500 -11.630
388416.500 130573.500 -11.640
388416.500 130574.500 -11.657
388416.500 130575.500 -11.670
388416.500 130576.500 -11.687
388416.500 130577.500 -11.712
388416.500 130578.500 -11.767
388416.500 130579.500 -11.785
388416.500 130580.500 -11.787
388416.500 130581.500 -11.783
388416.500 130582.500 -11.775
388416.500 130583.500 -11.785
388416.500 130584.500 -11.783
388416.500 130585.500 -11.777
388416.500 130586.500 -11.790
388416.500 130587.500 -11.800
388416.500 130588.500 -11.802
388416.500 130589.500 -11.797
388416.500 130590.500 -11.802
388416.500 130591.500 -11.808
388417.500 130473.500 -10.615
388417.500 130474.500 -10.585
388417.500 130475.500 -10.555
388417.500 130476.500 -10.540
388417.500 130477.500 -10.530
388417.500 130478.500 -10.503
388417.500 130479.500 -10.488
388417.500 130480.500 -10.488
388417.500 130481.500 -10.485
388417.500 130482.500 -10.495
388417.500 130483.500 -10.495
388417.500 130484.500 -10.488
388417.500 130485.500 -10.480
388417.500 130486.500 -10.475
388417.500 130487.500 -10.465
388417.500 130488.500 -10.470
388417.500 130489.500 -10.470
388417.500 130490.500 -10.495
388417.500 130491.500 -10.477
388417.500 130492.500 -10.450
388417.500 130493.500 -10.425
388417.500 130494.500 -10.400
388417.500 130495.500 -10.370
388417.500 130496.500 -10.355
388417.500 130497.500 -10.323
388417.500 130498.500 -10.340
388417.500 130499.500 -10.380
388417.500 130500.500 -10.370
388417.500 130501.500 -10.362
388417.500 130502.500 -10.350
388417.500 130503.500 -10.365
388417.500 130504.500 -10.360
388417.500 130505.500 -10.380
388417.500 130506.500 -10.390
388417.500 130507.500 -10.395
388417.500 130508.500 -10.388
388417.500 130509.500 -10.408
388417.500 130510.500 -10.405
388417.500 130511.500 -10.422
388417.500 130512.500 -10.463
388417.500 130513.500 -10.470
388417.500 130514.500 -10.490
388417.500 130515.500 -10.492
388417.500 130516.500 -10.498
388417.500 130517.500 -10.512
388417.500 130518.500 -10.537
388417.500 130519.500 -10.530
388417.500 130520.500 -10.553
388417.500 130521.500 -10.562
388417.500 130522.500 -10.567
388417.500 130523.500 -10.627
388417.500 130524.500 -10.700
388417.500 130525.500 -10.707
388417.500 130526.500 -10.740
388417.500 130527.500 -10.762
388417.500 130528.500 -10.770
388417.500 130529.500 -10.800
388417.500 130530.500 -10.832
388417.500 130531.500 -10.828
388417.500 130532.500 -10.857
388417.500 130533.500 -10.882
388417.500 130534.500 -10.893
388417.500 130535.500 -10.930
388417.500 130536.500 -10.975
388417.500 130537.500 -11.008
388417.500 130538.500 -11.047
388417.500 130539.500 -11.075
388417.500 130540.500 -11.107
388417.500 130541.500 -11.160
388417.500 130542.500 -11.172
388417.500 130543.500 -11.180
388417.500 130544.500 -11.182
388417.500 130545.500 -11.178
388417.500 130546.500 -11.170
388417.500 130547.500 -11.205
388417.500 130548.500 -11.293
388417.500 130549.500 -11.340
388417.500 130550.500 -11.325
388417.500 130551.500 -11.343
388417.500 130552.500 -11.362
388417.500 130553.500 -11.407
388417.500 130554.500 -11.360
388417.500 130555.500 -11.350
388417.500 130556.500 -11.337
388417.500 130557.500 -11.362
388417.500 130558.500 -11.405
388417.500 130559.500 -11.455
388417.500 130560.500 -11.493
388417.500 130561.500 -11.493
388417.500 130562.500 -11.515
388417.500 130563.500 -11.532
388417.500 130564.500 -11.570
388417.500 130565.500 -11.582
388417.500 130566.500 -11.585
388417.500 130567.500 -11.605
388417.500 130568.500 -11.617
388417.500 130569.500 -11.635
388417.500 130570.500 -11.652
388417.500 130571.500 -11.650
388417.500 130572.500 -11.638
388417.500 130573.500 -11.638
388417.500 130574.500 -11.645
388417.500 130575.500 -11.670
388417.500 130576.500 -11.690
388417.500 130577.500 -11.690
388417.500 130578.500 -11.732
388417.500 130579.500 -11.770
388417.500 130580.500 -11.787
388417.500 130581.500 -11.800
388417.500 130582.500 -11.800
388417.500 130583.500 -11.802
388417.500 130584.500 -11.785
388417.500 130585.500 -11.780
388417.500 130586.500 -11.787
388417.500 130587.500 -11.803
388417.500 130588.500 -11.800
388417.500 130589.500 -11.795
388417.500 130590.500 -11.808
388417.500 130591.500 -11.825
388418.500 130472.500 -10.743
388418.500 130473.500 -10.650
388418.500 130474.500 -10.610
388418.500 130475.500 -10.582
388418.500 130476.500 -10.562
388418.500 130477.500 -10.540
388418.500 130478.500 -10.530
388418.500 130479.500 -10.520
388418.500 130480.500 -10.515
388418.500 130481.500 -10.505
388418.500 130482.500 -10.490
388418.500 130483.500 -10.495
388418.500 130484.500 -10.495
388418.500 130485.500 -10.477
388418.500 130486.500 -10.475
388418.500 130487.500 -10.450
388418.500 130488.500 -10.473
388418.500 130489.500 -10.508
388418.500 130490.500 -10.510
388418.500 130491.500 -10.478
388418.500 130492.500 -10.445
388418.500 130493.500 -10.425
388418.500 130494.500 -10.400
388418.500 130495.500 -10.367
388418.500 130496.500 -10.350
388418.500 130497.500 -10.328
388418.500 130498.500 -10.350
388418.500 130499.500 -10.372
388418.500 130500.500 -10.365
388418.500 130501.500 -10.348
388418.500 130502.500 -10.343
388418.500 130503.500 -10.348
388418.500 130504.500 -10.342
388418.500 130505.500 -10.352
388418.500 130506.500 -10.377
388418.500 130507.500 -10.380
388418.500 130508.500 -10.377
388418.500 130509.500 -10.380
388418.500 130510.500 -10.395
388418.500 130511.500 -10.418
388418.500 130512.500 -10.432
388418.500 130513.500 -10.470
388418.500 130514.500 -10.478
388418.500 130515.500 -10.485
388418.500 130516.500 -10.508
388418.500 130517.500 -10.512
388418.500 130518.500 -10.520
388418.500 130519.500 -10.532
388418.500 130520.500 -10.547
388418.500 130521.500 -10.547
388418.500 130522.500 -10.555
388418.500 130523.500 -10.600
388418.500 130524.500 -10.665
388418.500 130525.500 -10.683
388418.500 130526.500 -10.705
388418.500 130527.500 -10.752
388418.500 130528.500 -10.748
388418.500 130529.500 -10.790
388418.500 130530.500 -10.820
388418.500 130531.500 -10.815
388418.500 130532.500 -10.830
388418.500 130533.500 -10.817
388418.500 130534.500 -10.835
388418.500 130535.500 -10.853
388418.500 130536.500 -10.893
388418.500 130537.500 -10.958
388418.500 130538.500 -11.012
388418.500 130539.500 -11.045
388418.500 130540.500 -11.078
388418.500 130541.500 -11.125
388418.500 130542.500 -11.143
388418.500 130543.500 -11.172
388418.500 130544.500 -11.200
388418.500 130545.500 -11.195
388418.500 130546.500 -11.165
388418.500 130547.500 -11.193
388418.500 130548.500 -11.267
388418.500 130549.500 -11.328
388418.500 130550.500 -11.300
388418.500 130551.500 -11.297
388418.500 130552.500 -11.337
388418.500 130553.500 -11.370
388418.500 130554.500 -11.360
388418.500 130555.500 -11.353
388418.500 130556.500 -11.337
388418.500 130557.500 -11.345
388418.500 130558.500 -11.377
388418.500 130559.500 -11.423
388418.500 130560.500 -11.465
388418.500 130561.500 -11.475
388418.500 130562.500 -11.507
388418.500 130563.500 -11.520
388418.500 130564.500 -11.555
388418.500 130565.500 -11.558
388418.500 130566.500 -11.562
388418.500 130567.500 -11.592
388418.500 130568.500 -11.617
388418.500 130569.500 -11.647
388418.500 130570.500 -11.655
388418.500 130571.500 -11.665
388418.500 130572.500 -11.645
388418.500 130573.500 -11.645
388418.500 130574.500 -11.643
388418.500 130575.500 -11.670
388418.500 130576.500 -11.702
388418.500 130577.500 -11.703
388418.500 130578.500 -11.718
388418.500 130579.500 -11.755
388418.500 130580.500 -11.777
388418.500 130581.500 -11.805
388418.500 130582.500 -11.805
388418.500 130583.500 -11.808
388418.500 130584.500 -11.818
388418.500 130585.500 -11.800
388418.500 130586.500 -11.787
388418.500 130587.500 -11.777
388418.500 130588.500 -11.782
388418.500 130589.500 -11.800
388418.500 130590.500 -11.810
388418.500 130591.500 -11.827
388419.500 130471.500 -10.875
388419.500 130472.500 -10.822
388419.500 130473.500 -10.727
388419.500 130474.500 -10.652
388419.500 130475.500 -10.615
388419.500 130476.500 -10.585
388419.500 130477.500 -10.565
388419.500 130478.500 -10.540
388419.500 130479.500 -10.530
388419.500 130480.500 -10.530
388419.500 130481.500 -10.508
388419.500 130482.500 -10.498
388419.500 130483.500 -10.500
388419.500 130484.500 -10.493
388419.500 130485.500 -10.490
388419.500 130486.500 -10.502
388419.500 130487.500 -10.482
388419.500 130488.500 -10.492
388419.500 130489.500 -10.508
388419.500 130490.500 -10.515
388419.500 130491.500 -10.480
388419.500 130492.500 -10.440
388419.500 130493.500 -10.412
388419.500 130494.500 -10.395
388419.500 130495.500 -10.363
388419.500 130496.500 -10.315
388419.500 130497.500 -10.330
388419.500 130498.500 -10.348
388419.500 130499.500 -10.365
388419.500 130500.500 -10.355
388419.500 130501.500 -10.337
388419.500 130502.500 -10.320
388419.500 130503.500 -10.338
388419.500 130504.500 -10.335
388419.500 130505.500 -10.332
388419.500 130506.500 -10.352
388419.500 130507.500 -10.362
388419.500 130508.500 -10.370
388419.500 130509.500 -10.365
388419.500 130510.500 -10.387
388419.500 130511.500 -10.400
388419.500 130512.500 -10.405
388419.500 130513.500 -10.445
388419.500 130514.500 -10.462
388419.500 130515.500 -10.478
388419.500 130516.500 -10.490
388419.500 130517.500 -10.508
388419.500 130518.500 -10.518
388419.500 130519.500 -10.537
388419.500 130520.500 -10.535
388419.500 130521.500 -10.537
388419.500 130522.500 -10.530
388419.500 130523.500 -10.552
388419.500 130524.500 -10.617
388419.500 130525.500 -10.645
388419.500 130526.500 -10.678
388419.500 130527.500 -10.715
388419.500 130528.500 -10.715
388419.500 130529.500 -10.750
388419.500 130530.500 -10.795
388419.500 130531.500 -10.813
388419.500 130532.500 -10.797
388419.500 130533.500 -10.797
388419.500 130534.500 -10.815
388419.500 130535.500 -10.818
388419.500 130536.500 -10.840
388419.500 130537.500 -10.915
388419.500 130538.500 -10.973
388419.500 130539.500 -11.025
388419.500 130540.500 -11.053
388419.500 130541.500 -11.080
388419.500 130542.500 -11.125
388419.500 130543.500 -11.147
388419.500 130544.500 -11.172
388419.500 130545.500 -11.178
388419.500 130546.500 -11.148
388419.500 130547.500 -11.160
388419.500 130548.500 -11.215
388419.500 130549.500 -11.297
388419.500 130550.500 -11.272
388419.500 130551.500 -11.248
388419.500 130552.500 -11.285
388419.500 130553.500 -11.330
388419.500 130554.500 -11.330
388419.500 130555.500 -11.328
388419.500 130556.500 -11.332
388419.500 130557.500 -11.327
388419.500 130558.500 -11.348
388419.500 130559.500 -11.390
388419.500 130560.500 -11.440
388419.500 130561.500 -11.460
388419.500 130562.500 -11.483
388419.500 130563.500 -11.518
388419.500 130564.500 -11.532
388419.500 130565.500 -11.537
388419.500 130566.500 -11.542
388419.500 130567.500 -11.550
388419.500 130568.500 -11.605
388419.500 130569.500 -11.638
388419.500 130570.500 -11.645
388419.500 130571.500 -11.663
388419.500 130572.500 -11.655
388419.500 130573.500 -11.655
388419.500 130574.500 -11.652
388419.500 130575.500 -11.658
388419.500 130576.500 -11.698
388419.500 130577.500 -11.720
388419.500 130578.500 -11.742
388419.500 130579.500 -11.780
388419.500 130580.500 -11.797
388419.500 130581.500 -11.797
388419.500 130582.500 -11.805
388419.500 130583.500 -11.815
388419.500 130584.500 -11.820
388419.500 130585.500 -11.805
388419.500 130586.500 -11.805
388419.500 130587.500 -11.797
388419.500 130588.500 -11.795
388419.500 130589.500 -11.797
388419.500 130590.500 -11.803
388419.500 130591.500 -11.820
388420.500 130471.500 -10.947
388420.500 130472.500 -10.875
388420.500 130473.500 -10.800
388420.500 130474.500 -10.715
388420.500 130475.500 -10.657
388420.500 130476.500 -10.620
388420.500 130477.500 -10.605
388420.500 130478.500 -10.573
388420.500 130479.500 -10.545
388420.500 130480.500 -10.547
388420.500 130481.500 -10.537
388420.500 130482.500 -10.525
388420.500 130483.500 -10.510
388420.500 130484.500 -10.505
388420.500 130485.500 -10.498
388420.500 130486.500 -10.505
388420.500 130487.500 -10.500
388420.500 130488.500 -10.488
388420.500 130489.500 -10.500
388420.500 130490.500 -10.495
388420.500 130491.500 -10.480
388420.500 130492.500 -10.442
388420.500 130493.500 -10.407
388420.500 130494.500 -10.398
388420.500 130495.500 -10.360
388420.500 130496.500 -10.342
388420.500 130497.500 -10.340
388420.500 130498.500 -10.352
388420.500 130499.500 -10.360
388420.500 130500.500 -10.350
388420.500 130501.500 -10.325
388420.500 130502.500 -10.312
388420.500 130503.500 -10.325
388420.500 130504.500 -10.340
388420.500 130505.500 -10.332
388420.500 130506.500 -10.352
388420.500 130507.500 -10.357
388420.500 130508.500 -10.357
388420.500 130509.500 -10.362
388420.500 130510.500 -10.365
388420.500 130511.500 -10.375
388420.500 130512.500 -10.393
388420.500 130513.500 -10.432
388420.500 130514.500 -10.447
388420.500 130515.500 -10.447
388420.500 130516.500 -10.468
388420.500 130517.500 -10.480
388420.500 130518.500 -10.500
388420.500 130519.500 -10.535
388420.500 130520.500 -10.522
388420.500 130521.500 -10.512
388420.500 130522.500 -10.527
388420.500 130523.500 -10.553
388420.500 130524.500 -10.575
388420.500 130525.500 -10.605
388420.500 130526.500 -10.628
388420.500 130527.500 -10.670
388420.500 130528.500 -10.687
388420.500 130529.500 -10.712
388420.500 130530.500 -10.765
388420.500 130531.500 -10.810
388420.500 130532.500 -10.805
388420.500 130533.500 -10.808
388420.500 130534.500 -10.813
388420.500 130535.500 -10.828
388420.500 130536.500 -10.835
388420.500 130537.500 -10.890
388420.500 130538.500 -10.955
388420.500 130539.500 -11.010
388420.500 130540.500 -11.020
388420.500 130541.500 -11.055
388420.500 130542.500 -11.090
388420.500 130543.500 -11.107
388420.500 130544.500 -11.163
388420.500 130545.500 -11.160
388420.500 130546.500 -11.123
388420.500 130547.500 -11.140
388420.500 130548.500 -11.192
388420.500 130549.500 -11.225
388420.500 130550.500 -11.207
388420.500 130551.500 -11.188
388420.500 130552.500 -11.242
388420.500 130553.500 -11.277
388420.500 130554.500 -11.277
388420.500 130555.500 -11.305
388420.500 130556.500 -11.335
388420.500 130557.500 -11.328
388420.500 130558.500 -11.352
388420.500 130559.500 -11.370
388420.500 130560.500 -11.410
388420.500 130561.500 -11.430
388420.500 130562.500 -11.452
388420.500 130563.500 -11.483
388420.500 130564.500 -11.518
388420.500 130565.500 -11.537
388420.500 130566.500 -11.537
388420.500 130567.500 -11.550
388420.500 130568.500 -11.590
388420.500 130569.500 -11.613
388420.500 130570.500 -11.625
388420.500 130571.500 -11.638
388420.500 130572.500 -11.645
388420.500 130573.500 -11.652
388420.500 130574.500 -11.665
388420.500 130575.500 -11.650
388420.500 130576.500 -11.683
388420.500 130577.500 -11.738
388420.500 130578.500 -11.765
388420.500 130579.500 -11.800
388420.500 130580.500 -11.802
388420.500 130581.500 -11.795
388420.500 130582.500 -11.803
388420.500 130583.500 -11.813
388420.500 130584.500 -11.808
388420.500 130585.500 -11.802
388420.500 130586.500 -11.805
388420.500 130587.500 -11.808
388420.500 130588.500 -11.808
388420.500 130589.500 -11.797
388420.500 130590.500 -11.795
388420.500 130591.500 -11.815
388421.500 130470.500 -11.053
388421.500 130471.500 -10.990
388421.500 130472.500 -10.928
388421.500 130473.500 -10.873
388421.500 130474.500 -10.800
388421.500 130475.500 -10.713
388421.500 130476.500 -10.660
388421.500 130477.500 -10.643
388421.500 130478.500 -10.615
388421.500 130479.500 -10.590
388421.500 130480.500 -10.577
388421.500 130481.500 -10.565
388421.500 130482.500 -10.555
388421.500 130483.500 -10.537
388421.500 130484.500 -10.508
388421.500 130485.500 -10.520
388421.500 130486.500 -10.530
388421.500 130487.500 -10.530
388421.500 130488.500 -10.515
388421.500 130489.500 -10.498
388421.500 130490.500 -10.490
388421.500 130491.500 -10.488
388421.500 130492.500 -10.457
388421.500 130493.500 -10.427
388421.500 130494.500 -10.395
388421.500 130495.500 -10.372
388421.500 130496.500 -10.365
388421.500 130497.500 -10.367
388421.500 130498.500 -10.362
388421.500 130499.500 -10.355
388421.500 130500.500 -10.350
388421.500 130501.500 -10.310
388421.500 130502.500 -10.303
388421.500 130503.500 -10.303
388421.500 130504.500 -10.330
388421.500 130505.500 -10.328
388421.500 130506.500 -10.318
388421.500 130507.500 -10.330
388421.500 130508.500 -10.338
388421.500 130509.500 -10.348
388421.500 130510.500 -10.348
388421.500 130511.500 -10.367
388421.500 130512.500 -10.383
388421.500 130513.500 -10.402
388421.500 130514.500 -10.435
388421.500 130515.500 -10.440
388421.500 130516.500 -10.455
388421.500 130517.500 -10.453
388421.500 130518.500 -10.465
388421.500 130519.500 -10.498
388421.500 130520.500 -10.480
388421.500 130521.500 -10.495
388421.500 130522.500 -10.510
388421.500 130523.500 -10.550
388421.500 130524.500 -10.570
388421.500 130525.500 -10.585
388421.500 130526.500 -10.613
388421.500 130527.500 -10.637
388421.500 130528.500 -10.675
388421.500 130529.500 -10.707
388421.500 130530.500 -10.730
388421.500 130531.500 -10.775
388421.500 130532.500 -10.805
388421.500 130533.500 -10.805
388421.500 130534.500 -10.808
388421.500 130535.500 -10.825
388421.500 130536.500 -10.832
388421.500 130537.500 -10.850
388421.500 130538.500 -10.912
388421.500 130539.500 -10.963
388421.500 130540.500 -10.988
388421.500 130541.500 -11.027
388421.500 130542.500 -11.053
388421.500 130543.500 -11.075
388421.500 130544.500 -11.115
388421.500 130545.500 -11.118
388421.500 130546.500 -11.107
388421.500 130547.500 -11.135
388421.500 130548.500 -11.198
388421.500 130549.500 -11.205
388421.500 130550.500 -11.195
388421.500 130551.500 -11.180
388421.500 130552.500 -11.200
388421.500 130553.500 -11.218
388421.500 130554.500 -11.235
388421.500 130555.500 -11.285
388421.500 130556.500 -11.315
388421.500 130557.500 -11.332
388421.500 130558.500 -11.365
388421.500 130559.500 -11.370
388421.500 130560.500 -11.388
388421.500 130561.500 -11.393
388421.500 130562.500 -11.402
388421.500 130563.500 -11.432
388421.500 130564.500 -11.473
388421.500 130565.500 -11.510
388421.500 130566.500 -11.527
388421.500 130567.500 -11.520
388421.500 130568.500 -11.555
388421.500 130569.500 -11.588
388421.500 130570.500 -11.605
388421.500 130571.500 -11.630
388421.500 130572.500 -11.630
388421.500 130573.500 -11.648
388421.500 130574.500 -11.648
388421.500 130575.500 -11.648
388421.500 130576.500 -11.680
388421.500 130577.500 -11.735
388421.500 130578.500 -11.780
388421.500 130579.500 -11.805
388421.500 130580.500 -11.815
388421.500 130581.500 -11.792
388421.500 130582.500 -11.790
388421.500 130583.500 -11.803
388421.500 130584.500 -11.793
388421.500 130585.500 -11.785
388421.500 130586.500 -11.805
388421.500 130587.500 -11.812
388421.500 130588.500 -11.818
388421.500 130589.500 -11.813
388421.500 130590.500 -11.818
388421.500 130591.500 -11.818
388422.500 130469.500 -11.192
388422.500 130470.500 -11.125
388422.500 130471.500 -11.062
388422.500 130472.500 -10.980
388422.500 130473.500 -10.912
388422.500 130474.500 -10.863
388422.500 130475.500 -10.787
388422.500 130476.500 -10.720
388422.500 130477.500 -10.662
388422.500 130478.500 -10.633
388422.500 130479.500 -10.602
388422.500 130480.500 -10.590
388422.500 130481.500 -10.572
388422.500 130482.500 -10.568
388422.500 130483.500 -10.543
388422.500 130484.500 -10.553
388422.500 130485.500 -10.545
388422.500 130486.500 -10.543
388422.500 130487.500 -10.525
388422.500 130488.500 -10.508
388422.500 130489.500 -10.505
388422.500 130490.500 -10.490
388422.500 130491.500 -10.502
388422.500 130492.500 -10.485
388422.500 130493.500 -10.460
388422.500 130494.500 -10.442
388422.500 130495.500 -10.415
388422.500 130496.500 -10.390
388422.500 130497.500 -10.383
388422.500 130498.500 -10.377
388422.500 130499.500 -10.360
388422.500 130500.500 -10.330
388422.500 130501.500 -10.312
388422.500 130502.500 -10.308
388422.500 130503.500 -10.305
388422.500 130504.500 -10.315
388422.500 130505.500 -10.315
388422.500 130506.500 -10.297
388422.500 130507.500 -10.310
388422.500 130508.500 -10.328
388422.500 130509.500 -10.327
388422.500 130510.500 -10.340
388422.500 130511.500 -10.350
388422.500 130512.500 -10.372
388422.500 130513.500 -10.375
388422.500 130514.500 -10.402
388422.500 130515.500 -10.410
388422.500 130516.500 -10.425
388422.500 130517.500 -10.445
388422.500 130518.500 -10.457
388422.500 130519.500 -10.447
388422.500 130520.500 -10.460
388422.500 130521.500 -10.498
388422.500 130522.500 -10.500
388422.500 130523.500 -10.525
388422.500 130524.500 -10.562
388422.500 130525.500 -10.585
388422.500 130526.500 -10.595
388422.500 130527.500 -10.623
388422.500 130528.500 -10.652
388422.500 130529.500 -10.705
388422.500 130530.500 -10.715
388422.500 130531.500 -10.742
388422.500 130532.500 -10.777
388422.500 130533.500 -10.775
388422.500 130534.500 -10.788
388422.500 130535.500 -10.815
388422.500 130536.500 -10.828
388422.500 130537.500 -10.827
388422.500 130538.500 -10.865
388422.500 130539.500 -10.920
388422.500 130540.500 -10.965
388422.500 130541.500 -11.015
388422.500 130542.500 -11.032
388422.500 130543.500 -11.055
388422.500 130544.500 -11.082
388422.500 130545.500 -11.080
388422.500 130546.500 -11.075
388422.500 130547.500 -11.120
388422.500 130548.500 -11.190
388422.500 130549.500 -11.208
388422.500 130550.500 -11.215
388422.500 130551.500 -11.197
388422.500 130552.500 -11.168
388422.500 130553.500 -11.148
388422.500 130554.500 -11.158
388422.500 130555.500 -11.247
388422.500 130556.500 -11.300
388422.500 130557.500 -11.348
388422.500 130558.500 -11.385
388422.500 130559.500 -11.383
388422.500 130560.500 -11.368
388422.500 130561.500 -11.352
388422.500 130562.500 -11.338
388422.500 130563.500 -11.367
388422.500 130564.500 -11.410
388422.500 130565.500 -11.433
388422.500 130566.500 -11.457
388422.500 130567.500 -11.492
388422.500 130568.500 -11.535
388422.500 130569.500 -11.578
388422.500 130570.500 -11.588
388422.500 130571.500 -11.595
388422.500 130572.500 -11.615
388422.500 130573.500 -11.640
388422.500 130574.500 -11.640
388422.500 130575.500 -11.660
388422.500 130576.500 -11.678
388422.500 130577.500 -11.667
388422.500 130578.500 -11.715
388422.500 130579.500 -11.777
388422.500 130580.500 -11.785
388422.500 130581.500 -11.777
388422.500 130582.500 -11.785
388422.500 130583.500 -11.790
388422.500 130584.500 -11.777
388422.500 130585.500 -11.775
388422.500 130586.500 -11.797
388422.500 130587.500 -11.808
388422.500 130588.500 -11.810
388422.500 130589.500 -11.818
388422.500 130590.500 -11.820
388422.500 130591.500 -11.835
388423.500 130469.500 -11.255
388423.500 130470.500 -11.200
388423.500 130471.500 -11.135
388423.500 130472.500 -11.047
388423.500 130473.500 -10.963
388423.500 130474.500 -10.902
388423.500 130475.500 -10.848
388423.500 130476.500 -10.787
388423.500 130477.500 -10.723
388423.500 130478.500 -10.672
388423.500 130479.500 -10.640
388423.500 130480.500 -10.620
388423.500 130481.500 -10.582
388423.500 130482.500 -10.558
388423.500 130483.500 -10.565
388423.500 130484.500 -10.555
388423.500 130485.500 -10.545
388423.500 130486.500 -10.532
388423.500 130487.500 -10.525
388423.500 130488.500 -10.517
388423.500 130489.500 -10.515
388423.500 130490.500 -10.498
388423.500 130491.500 -10.502
388423.500 130492.500 -10.480
388423.500 130493.500 -10.463
388423.500 130494.500 -10.455
388423.500 130495.500 -10.457
388423.500 130496.500 -10.415
388423.500 130497.500 -10.407
388423.500 130498.500 -10.385
388423.500 130499.500 -10.372
388423.500 130500.500 -10.353
388423.500 130501.500 -10.320
388423.500 130502.500 -10.308
388423.500 130503.500 -10.295
388423.500 130504.500 -10.308
388423.500 130505.500 -10.305
388423.500 130506.500 -10.295
388423.500 130507.500 -10.315
388423.500 130508.500 -10.315
388423.500 130509.500 -10.308
388423.500 130510.500 -10.335
388423.500 130511.500 -10.365
388423.500 130512.500 -10.377
388423.500 130513.500 -10.373
388423.500 130514.500 -10.390
388423.500 130515.500 -10.375
388423.500 130516.500 -10.388
388423.500 130517.500 -10.430
388423.500 130518.500 -10.450
388423.500 130519.500 -10.442
388423.500 130520.500 -10.460
388423.500 130521.500 -10.477
388423.500 130522.500 -10.470
388423.500 130523.500 -10.525
388423.500 130524.500 -10.563
388423.500 130525.500 -10.567
388423.500 130526.500 -10.593
388423.500 130527.500 -10.620
388423.500 130528.500 -10.653
388423.500 130529.500 -10.698
388423.500 130530.500 -10.710
388423.500 130531.500 -10.727
388423.500 130532.500 -10.765
388423.500 130533.500 -10.745
388423.500 130534.500 -10.782
388423.500 130535.500 -10.812
388423.500 130536.500 -10.813
388423.500 130537.500 -10.815
388423.500 130538.500 -10.840
388423.500 130539.500 -10.863
388423.500 130540.500 -10.922
388423.500 130541.500 -10.992
388423.500 130542.500 -10.992
388423.500 130543.500 -11.012
388423.500 130544.500 -11.037
388423.500 130545.500 -11.032
388423.500 130546.500 -11.030
388423.500 130547.500 -11.068
388423.500 130548.500 -11.122
388423.500 130549.500 -11.175
388423.500 130550.500 -11.185
388423.500 130551.500 -11.168
388423.500 130552.500 -11.152
388423.500 130553.500 -11.133
388423.500 130554.500 -11.125
388423.500 130555.500 -11.178
388423.500 130556.500 -11.265
388423.500 130557.500 -11.320
388423.500 130558.500 -11.345
388423.500 130559.500 -11.370
388423.500 130560.500 -11.355
388423.500 130561.500 -11.338
388423.500 130562.500 -11.322
388423.500 130563.500 -11.343
388423.500 130564.500 -11.357
388423.500 130565.500 -11.383
388423.500 130566.500 -11.418
388423.500 130567.500 -11.470
388423.500 130568.500 -11.512
388423.500 130569.500 -11.540
388423.500 130570.500 -11.555
388423.500 130571.500 -11.570
388423.500 130572.500 -11.595
388423.500 130573.500 -11.625
388423.500 130574.500 -11.630
388423.500 130575.500 -11.633
388423.500 130576.500 -11.655
388423.500 130577.500 -11.647
388423.500 130578.500 -11.670
388423.500 130579.500 -11.732
388423.500 130580.500 -11.773
388423.500 130581.500 -11.767
388423.500 130582.500 -11.755
388423.500 130583.500 -11.767
388423.500 130584.500 -11.775
388423.500 130585.500 -11.790
388423.500 130586.500 -11.797
388423.500 130587.500 -11.805
388423.500 130588.500 -11.818
388423.500 130589.500 -11.822
388423.500 130590.500 -11.818
388423.500 130591.500 -11.822
388424.500 130468.500 -11.428
388424.500 130469.500 -11.345
388424.500 130470.500 -11.265
388424.500 130471.500 -11.178
388424.500 130472.500 -11.110
388424.500 130473.500 -11.020
388424.500 130474.500 -10.947
388424.500 130475.500 -10.897
388424.500 130476.500 -10.838
388424.500 130477.500 -10.793
388424.500 130478.500 -10.750
388424.500 130479.500 -10.690
388424.500 130480.500 -10.655
388424.500 130481.500 -10.622
388424.500 130482.500 -10.593
388424.500 130483.500 -10.577
388424.500 130484.500 -10.570
388424.500 130485.500 -10.565
388424.500 130486.500 -10.550
388424.500 130487.500 -10.550
388424.500 130488.500 -10.540
388424.500 130489.500 -10.525
388424.500 130490.500 -10.515
388424.500 130491.500 -10.512
388424.500 130492.500 -10.495
388424.500 130493.500 -10.483
388424.500 130494.500 -10.467
388424.500 130495.500 -10.475
388424.500 130496.500 -10.445
388424.500 130497.500 -10.397
388424.500 130498.500 -10.315
388424.500 130499.500 -10.367
388424.500 130500.500 -10.352
388424.500 130501.500 -10.322
388424.500 130502.500 -10.297
388424.500 130503.500 -10.287
388424.500 130504.500 -10.300
388424.500 130505.500 -10.305
388424.500 130506.500 -10.285
388424.500 130507.500 -10.275
388424.500 130508.500 -10.275
388424.500 130509.500 -10.300
388424.500 130510.500 -10.330
388424.500 130511.500 -10.360
388424.500 130512.500 -10.380
388424.500 130513.500 -10.375
388424.500 130514.500 -10.405
388424.500 130515.500 -10.375
388424.500 130516.500 -10.373
388424.500 130517.500 -10.418
388424.500 130518.500 -10.445
388424.500 130519.500 -10.463
388424.500 130520.500 -10.473
388424.500 130521.500 -10.465
388424.500 130522.500 -10.485
388424.500 130523.500 -10.523
388424.500 130524.500 -10.560
388424.500 130525.500 -10.545
388424.500 130526.500 -10.568
388424.500 130527.500 -10.598
388424.500 130528.500 -10.625
388424.500 130529.500 -10.672
388424.500 130530.500 -10.698
388424.500 130531.500 -10.720
388424.500 130532.500 -10.730
388424.500 130533.500 -10.758
388424.500 130534.500 -10.780
388424.500 130535.500 -10.795
388424.500 130536.500 -10.797
388424.500 130537.500 -10.822
388424.500 130538.500 -10.825
388424.500 130539.500 -10.825
388424.500 130540.500 -10.860
388424.500 130541.500 -10.935
388424.500 130542.500 -10.950
388424.500 130543.500 -10.990
388424.500 130544.500 -11.008
388424.500 130545.500 -11.018
388424.500 130546.500 -11.002
388424.500 130547.500 -11.020
388424.500 130548.500 -11.038
388424.500 130549.500 -11.117
388424.500 130550.500 -11.145
388424.500 130551.500 -11.113
388424.500 130552.500 -11.080
388424.500 130553.500 -11.102
388424.500 130554.500 -11.120
388424.500 130555.500 -11.155
388424.500 130556.500 -11.210
388424.500 130557.500 -11.242
388424.500 130558.500 -11.288
388424.500 130559.500 -11.335
388424.500 130560.500 -11.343
388424.500 130561.500 -11.322
388424.500 130562.500 -11.273
388424.500 130563.500 -11.290
388424.500 130564.500 -11.345
388424.500 130565.500 -11.370
388424.500 130566.500 -11.385
388424.500 130567.500 -11.445
388424.500 130568.500 -11.497
388424.500 130569.500 -11.523
388424.500 130570.500 -11.542
388424.500 130571.500 -11.562
388424.500 130572.500 -11.575
388424.500 130573.500 -11.592
388424.500 130574.500 -11.600
388424.500 130575.500 -11.620
388424.500 130576.500 -11.630
388424.500 130577.500 -11.652
388424.500 130578.500 -11.652
388424.500 130579.500 -11.705
388424.500 130580.500 -11.748
388424.500 130581.500 -11.767
388424.500 130582.500 -11.745
388424.500 130583.500 -11.750
388424.500 130584.500 -11.755
388424.500 130585.500 -11.755
388424.500 130586.500 -11.773
388424.500 130587.500 -11.782
388424.500 130588.500 -11.810
388424.500 130589.500 -11.818
388424.500 130590.500 -11.815
388424.500 130591.500 -11.822
388425.500 130469.500 -11.400
388425.500 130470.500 -11.288
388425.500 130471.500 -11.233
388425.500 130472.500 -11.163
388425.500 130473.500 -11.072
388425.500 130474.500 -10.988
388425.500 130475.500 -10.935
388425.500 130476.500 -10.895
388425.500 130477.500 -10.840
388425.500 130478.500 -10.800
388425.500 130479.500 -10.748
388425.500 130480.500 -10.700
388425.500 130481.500 -10.655
388425.500 130482.500 -10.630
388425.500 130483.500 -10.598
388425.500 130484.500 -10.588
388425.500 130485.500 -10.585
388425.500 130486.500 -10.570
388425.500 130487.500 -10.565
388425.500 130488.500 -10.547
388425.500 130489.500 -10.545
388425.500 130490.500 -10.530
388425.500 130491.500 -10.530
388425.500 130492.500 -10.525
388425.500 130493.500 -10.502
388425.500 130494.500 -10.475
388425.500 130495.500 -10.473
388425.500 130496.500 -10.463
388425.500 130497.500 -10.402
388425.500 130498.500 -10.332
388425.500 130499.500 -10.350
388425.500 130500.500 -10.340
388425.500 130501.500 -10.312
388425.500 130502.500 -10.300
388425.500 130503.500 -10.297
388425.500 130504.500 -10.303
388425.500 130505.500 -10.287
388425.500 130506.500 -10.262
388425.500 130507.500 -10.260
388425.500 130508.500 -10.260
388425.500 130509.500 -10.308
388425.500 130510.500 -10.325
388425.500 130511.500 -10.328
388425.500 130512.500 -10.337
388425.500 130513.500 -10.360
388425.500 130514.500 -10.373
388425.500 130515.500 -10.365
388425.500 130516.500 -10.380
388425.500 130517.500 -10.418
388425.500 130518.500 -10.432
388425.500 130519.500 -10.435
388425.500 130520.500 -10.445
388425.500 130521.500 -10.445
388425.500 130522.500 -10.492
388425.500 130523.500 -10.520
388425.500 130524.500 -10.550
388425.500 130525.500 -10.553
388425.500 130526.500 -10.560
388425.500 130527.500 -10.602
388425.500 130528.500 -10.617
388425.500 130529.500 -10.633
388425.500 130530.500 -10.665
388425.500 130531.500 -10.682
388425.500 130532.500 -10.705
388425.500 130533.500 -10.748
388425.500 130534.500 -10.765
388425.500 130535.500 -10.787
388425.500 130536.500 -10.810
388425.500 130537.500 -10.815
388425.500 130538.500 -10.813
388425.500 130539.500 -10.813
388425.500 130540.500 -10.835
388425.500 130541.500 -10.902
388425.500 130542.500 -10.938
388425.500 130543.500 -10.965
388425.500 130544.500 -10.990
388425.500 130545.500 -10.992
388425.500 130546.500 -10.968
388425.500 130547.500 -10.985
388425.500 130548.500 -10.965
388425.500 130549.500 -11.025
388425.500 130550.500 -11.088
388425.500 130551.500 -11.060
388425.500 130552.500 -11.032
388425.500 130553.500 -11.055
388425.500 130554.500 -11.098
388425.500 130555.500 -11.133
388425.500 130556.500 -11.162
388425.500 130557.500 -11.162
388425.500 130558.500 -11.223
388425.500 130559.500 -11.272
388425.500 130560.500 -11.250
388425.500 130561.500 -11.213
388425.500 130562.500 -11.185
388425.500 130563.500 -11.250
388425.500 130564.500 -11.315
388425.500 130565.500 -11.332
388425.500 130566.500 -11.350
388425.500 130567.500 -11.400
388425.500 130568.500 -11.460
388425.500 130569.500 -11.500
388425.500 130570.500 -11.520
388425.500 130571.500 -11.530
388425.500 130572.500 -11.535
388425.500 130573.500 -11.550
388425.500 130574.500 -11.593
388425.500 130575.500 -11.602
388425.500 130576.500 -11.598
388425.500 130577.500 -11.625
388425.500 130578.500 -11.620
388425.500 130579.500 -11.680
388425.500 130580.500 -11.723
388425.500 130581.500 -11.745
388425.500 130582.500 -11.757
388425.500 130583.500 -11.743
388425.500 130584.500 -11.743
388425.500 130585.500 -11.720
388425.500 130586.500 -11.725
388425.500 130587.500 -11.750
388425.500 130588.500 -11.773
388425.500 130589.500 -11.795
388425.500 130590.500 -11.810
388425.500 130591.500 -11.805
388426.500 130471.500 -11.302
388426.500 130472.500 -11.225
388426.500 130473.500 -11.138
388426.500 130474.500 -11.043
388426.500 130475.500 -10.997
388426.500 130476.500 -10.932
388426.500 130477.500 -10.880
388426.500 130478.500 -10.818
388426.500 130479.500 -10.780
388426.500 130480.500 -10.750
388426.500 130481.500 -10.695
388426.500 130482.500 -10.655
388426.500 130483.500 -10.617
388426.500 130484.500 -10.590
388426.500 130485.500 -10.575
388426.500 130486.500 -10.568
388426.500 130487.500 -10.575
388426.500 130488.500 -10.558
388426.500 130489.500 -10.540
388426.500 130490.500 -10.555
388426.500 130491.500 -10.547
388426.500 130492.500 -10.527
388426.500 130493.500 -10.508
388426.500 130494.500 -10.488
388426.500 130495.500 -10.478
388426.500 130496.500 -10.460
388426.500 130497.500 -10.417
388426.500 130498.500 -10.372
388426.500 130499.500 -10.365
388426.500 130500.500 -10.348
388426.500 130501.500 -10.325
388426.500 130502.500 -10.303
388426.500 130503.500 -10.295
388426.500 130504.500 -10.287
388426.500 130505.500 -10.270
388426.500 130506.500 -10.240
388426.500 130507.500 -10.240
388426.500 130508.500 -10.268
388426.500 130509.500 -10.300
388426.500 130510.500 -10.310
388426.500 130511.500 -10.310
388426.500 130512.500 -10.318
388426.500 130513.500 -10.348
388426.500 130514.500 -10.348
388426.500 130515.500 -10.350
388426.500 130516.500 -10.370
388426.500 130517.500 -10.405
388426.500 130518.500 -10.435
388426.500 130519.500 -10.445
388426.500 130520.500 -10.447
388426.500 130521.500 -10.463
388426.500 130522.500 -10.502
388426.500 130523.500 -10.525
388426.500 130524.500 -10.520
388426.500 130525.500 -10.540
388426.500 130526.500 -10.562
388426.500 130527.500 -10.593
388426.500 130528.500 -10.598
388426.500 130529.500 -10.607
388426.500 130530.500 -10.645
388426.500 130531.500 -10.668
388426.500 130532.500 -10.682
388426.500 130533.500 -10.690
388426.500 130534.500 -10.728
388426.500 130535.500 -10.765
388426.500 130536.500 -10.792
388426.500 130537.500 -10.815
388426.500 130538.500 -10.810
388426.500 130539.500 -10.803
388426.500 130540.500 -10.833
388426.500 130541.500 -10.893
388426.500 130542.500 -10.930
388426.500 130543.500 -10.940
388426.500 130544.500 -10.965
388426.500 130545.500 -10.952
388426.500 130546.500 -10.933
388426.500 130547.500 -10.938
388426.500 130548.500 -10.925
388426.500 130549.500 -10.940
388426.500 130550.500 -10.982
388426.500 130551.500 -10.970
388426.500 130552.500 -10.995
388426.500 130553.500 -11.035
388426.500 130554.500 -11.065
388426.500 130555.500 -11.100
388426.500 130556.500 -11.140
388426.500 130557.500 -11.140
388426.500 130558.500 -11.170
388426.500 130559.500 -11.217
388426.500 130560.500 -11.200
388426.500 130561.500 -11.160
388426.500 130562.500 -11.185
388426.500 130563.500 -11.238
388426.500 130564.500 -11.293
388426.500 130565.500 -11.300
388426.500 130566.500 -11.338
388426.500 130567.500 -11.373
388426.500 130568.500 -11.410
388426.500 130569.500 -11.438
388426.500 130570.500 -11.460
388426.500 130571.500 -11.502
388426.500 130572.500 -11.530
388426.500 130573.500 -11.550
388426.500 130574.500 -11.572
388426.500 130575.500 -11.578
388426.500 130576.500 -11.575
388426.500 130577.500 -11.607
388426.500 130578.500 -11.602
388426.500 130579.500 -11.650
388426.500 130580.500 -11.703
388426.500 130581.500 -11.718
388426.500 130582.500 -11.720
388426.500 130583.500 -11.745
388426.500 130584.500 -11.730
388426.500 130585.500 -11.705
388426.500 130586.500 -11.713
388426.500 130587.500 -11.730
388426.500 130588.500 -11.733
388426.500 130589.500 -11.758
388426.500 130590.500 -11.775
388426.500 130591.500 -11.775
388427.500 130472.500 -11.292
388427.500 130473.500 -11.195
388427.500 130474.500 -11.103
388427.500 130475.500 -11.053
388427.500 130476.500 -10.985
388427.500 130477.500 -10.908
388427.500 130478.500 -10.850
388427.500 130479.500 -10.813
388427.500 130480.500 -10.788
388427.500 130481.500 -10.732
388427.500 130482.500 -10.667
388427.500 130483.500 -10.620
388427.500 130484.500 -10.600
388427.500 130485.500 -10.595
388427.500 130486.500 -10.580
388427.500 130487.500 -10.580
388427.500 130488.500 -10.568
388427.500 130489.500 -10.553
388427.500 130490.500 -10.580
388427.500 130491.500 -10.565
388427.500 130492.500 -10.547
388427.500 130493.500 -10.527
388427.500 130494.500 -10.502
388427.500 130495.500 -10.475
388427.500 130496.500 -10.442
388427.500 130497.500 -10.415
388427.500 130498.500 -10.390
388427.500 130499.500 -10.377
388427.500 130500.500 -10.362
388427.500 130501.500 -10.337
388427.500 130502.500 -10.308
388427.500 130503.500 -10.303
388427.500 130504.500 -10.287
388427.500 130505.500 -10.258
388427.500 130506.500 -10.240
388427.500 130507.500 -10.255
388427.500 130508.500 -10.290
388427.500 130509.500 -10.315
388427.500 130510.500 -10.300
388427.500 130511.500 -10.290
388427.500 130512.500 -10.315
388427.500 130513.500 -10.322
388427.500 130514.500 -10.320
388427.500 130515.500 -10.325
388427.500 130516.500 -10.352
388427.500 130517.500 -10.390
388427.500 130518.500 -10.418
388427.500 130519.500 -10.457
388427.500 130520.500 -10.432
388427.500 130521.500 -10.442
388427.500 130522.500 -10.490
388427.500 130523.500 -10.502
388427.500 130524.500 -10.522
388427.500 130525.500 -10.505
388427.500 130526.500 -10.545
388427.500 130527.500 -10.570
388427.500 130528.500 -10.595
388427.500 130529.500 -10.598
388427.500 130530.500 -10.620
388427.500 130531.500 -10.650
388427.500 130532.500 -10.658
388427.500 130533.500 -10.670
388427.500 130534.500 -10.720
388427.500 130535.500 -10.755
388427.500 130536.500 -10.780
388427.500 130537.500 -10.797
388427.500 130538.500 -10.802
388427.500 130539.500 -10.803
388427.500 130540.500 -10.828
388427.500 130541.500 -10.875
388427.500 130542.500 -10.895
388427.500 130543.500 -10.898
388427.500 130544.500 -10.922
388427.500 130545.500 -10.920
388427.500 130546.500 -10.885
388427.500 130547.500 -10.880
388427.500 130548.500 -10.877
388427.500 130549.500 -10.895
388427.500 130550.500 -10.915
388427.500 130551.500 -10.928
388427.500 130552.500 -10.962
388427.500 130553.500 -11.010
388427.500 130554.500 -11.005
388427.500 130555.500 -11.055
388427.500 130556.500 -11.107
388427.500 130557.500 -11.147
388427.500 130558.500 -11.165
388427.500 130559.500 -11.177
388427.500 130560.500 -11.155
388427.500 130561.500 -11.125
388427.500 130562.500 -11.168
388427.500 130563.500 -11.217
388427.500 130564.500 -11.262
388427.500 130565.500 -11.273
388427.500 130566.500 -11.320
388427.500 130567.500 -11.365
388427.500 130568.500 -11.370
388427.500 130569.500 -11.373
388427.500 130570.500 -11.400
388427.500 130571.500 -11.442
388427.500 130572.500 -11.490
388427.500 130573.500 -11.520
388427.500 130574.500 -11.527
388427.500 130575.500 -11.550
388427.500 130576.500 -11.562
388427.500 130577.500 -11.570
388427.500 130578.500 -11.558
388427.500 130579.500 -11.593
388427.500 130580.500 -11.668
388427.500 130581.500 -11.705
388427.500 130582.500 -11.698
388427.500 130583.500 -11.710
388427.500 130584.500 -11.712
388427.500 130585.500 -11.700
388427.500 130586.500 -11.703
388427.500 130587.500 -11.710
388427.500 130588.500 -11.710
388427.500 130589.500 -11.725
388427.500 130590.500 -11.745
388427.500 130591.500 -11.760
388428.500 130473.500 -11.270
388428.500 130474.500 -11.165
388428.500 130475.500 -11.100
388428.500 130476.500 -11.018
388428.500 130477.500 -10.957
388428.500 130478.500 -10.890
388428.500 130479.500 -10.830
388428.500 130480.500 -10.777
388428.500 130481.500 -10.735
388428.500 130482.500 -10.688
388428.500 130483.500 -10.655
388428.500 130484.500 -10.637
388428.500 130485.500 -10.630
388428.500 130486.500 -10.602
388428.500 130487.500 -10.587
388428.500 130488.500 -10.570
388428.500 130489.500 -10.558
388428.500 130490.500 -10.582
388428.500 130491.500 -10.572
388428.500 130492.500 -10.553
388428.500 130493.500 -10.527
388428.500 130494.500 -10.505
388428.500 130495.500 -10.482
388428.500 130496.500 -10.465
388428.500 130497.500 -10.457
388428.500 130498.500 -10.415
388428.500 130499.500 -10.400
388428.500 130500.500 -10.365
388428.500 130501.500 -10.335
388428.500 130502.500 -10.322
388428.500 130503.500 -10.317
388428.500 130504.500 -10.293
388428.500 130505.500 -10.270
388428.500 130506.500 -10.262
388428.500 130507.500 -10.258
388428.500 130508.500 -10.277
388428.500 130509.500 -10.295
388428.500 130510.500 -10.275
388428.500 130511.500 -10.295
388428.500 130512.500 -10.318
388428.500 130513.500 -10.308
388428.500 130514.500 -10.312
388428.500 130515.500 -10.310
388428.500 130516.500 -10.325
388428.500 130517.500 -10.355
388428.500 130518.500 -10.387
388428.500 130519.500 -10.420
388428.500 130520.500 -10.410
388428.500 130521.500 -10.422
388428.500 130522.500 -10.452
388428.500 130523.500 -10.485
388428.500 130524.500 -10.515
388428.500 130525.500 -10.540
388428.500 130526.500 -10.565
388428.500 130527.500 -10.572
388428.500 130528.500 -10.575
388428.500 130529.500 -10.580
388428.500 130530.500 -10.593
388428.500 130531.500 -10.625
388428.500 130532.500 -10.635
388428.500 130533.500 -10.657
388428.500 130534.500 -10.705
388428.500 130535.500 -10.727
388428.500 130536.500 -10.748
388428.500 130537.500 -10.770
388428.500 130538.500 -10.780
388428.500 130539.500 -10.785
388428.500 130540.500 -10.795
388428.500 130541.500 -10.832
388428.500 130542.500 -10.852
388428.500 130543.500 -10.873
388428.500 130544.500 -10.883
388428.500 130545.500 -10.888
388428.500 130546.500 -10.870
388428.500 130547.500 -10.845
388428.500 130548.500 -10.848
388428.500 130549.500 -10.867
388428.500 130550.500 -10.877
388428.500 130551.500 -10.915
388428.500 130552.500 -10.943
388428.500 130553.500 -10.980
388428.500 130554.500 -10.960
388428.500 130555.500 -10.992
388428.500 130556.500 -11.050
388428.500 130557.500 -11.107
388428.500 130558.500 -11.140
388428.500 130559.500 -11.162
388428.500 130560.500 -11.145
388428.500 130561.500 -11.117
388428.500 130562.500 -11.120
388428.500 130563.500 -11.160
388428.500 130564.500 -11.235
388428.500 130565.500 -11.262
388428.500 130566.500 -11.295
388428.500 130567.500 -11.335
388428.500 130568.500 -11.355
388428.500 130569.500 -11.342
388428.500 130570.500 -11.373
388428.500 130571.500 -11.407
388428.500 130572.500 -11.440
388428.500 130573.500 -11.477
388428.500 130574.500 -11.488
388428.500 130575.500 -11.537
388428.500 130576.500 -11.545
388428.500 130577.500 -11.545
388428.500 130578.500 -11.532
388428.500 130579.500 -11.575
388428.500 130580.500 -11.675
388428.500 130581.500 -11.685
388428.500 130582.500 -11.680
388428.500 130583.500 -11.690
388428.500 130584.500 -11.680
388428.500 130585.500 -11.680
388428.500 130586.500 -11.675
388428.500 130587.500 -11.672
388428.500 130588.500 -11.685
388428.500 130589.500 -11.720
388428.500 130590.500 -11.748
388428.500 130591.500 -11.760
388429.500 130475.500 -11.145
388429.500 130476.500 -11.075
388429.500 130477.500 -10.990
388429.500 130478.500 -10.920
388429.500 130479.500 -10.850
388429.500 130480.500 -10.782
388429.500 130481.500 -10.755
388429.500 130482.500 -10.725
388429.500 130483.500 -10.718
388429.500 130484.500 -10.680
388429.500 130485.500 -10.648
388429.500 130486.500 -10.625
388429.500 130487.500 -10.602
388429.500 130488.500 -10.578
388429.500 130489.500 -10.573
388429.500 130490.500 -10.582
388429.500 130491.500 -10.572
388429.500 130492.500 -10.555
388429.500 130493.500 -10.517
388429.500 130494.500 -10.515
388429.500 130495.500 -10.505
388429.500 130496.500 -10.490
388429.500 130497.500 -10.480
388429.500 130498.500 -10.460
388429.500 130499.500 -10.418
388429.500 130500.500 -10.372
388429.500 130501.500 -10.350
388429.500 130502.500 -10.343
388429.500 130503.500 -10.308
388429.500 130504.500 -10.285
388429.500 130505.500 -10.283
388429.500 130506.500 -10.272
388429.500 130507.500 -10.255
388429.500 130508.500 -10.248
388429.500 130509.500 -10.260
388429.500 130510.500 -10.250
388429.500 130511.500 -10.285
388429.500 130512.500 -10.303
388429.500 130513.500 -10.297
388429.500 130514.500 -10.297
388429.500 130515.500 -10.300
388429.500 130516.500 -10.318
388429.500 130517.500 -10.345
388429.500 130518.500 -10.350
388429.500 130519.500 -10.367
388429.500 130520.500 -10.400
388429.500 130521.500 -10.418
388429.500 130522.500 -10.418
388429.500 130523.500 -10.463
388429.500 130524.500 -10.500
388429.500 130525.500 -10.523
388429.500 130526.500 -10.547
388429.500 130527.500 -10.585
388429.500 130528.500 -10.572
388429.500 130529.500 -10.595
388429.500 130530.500 -10.595
388429.500 130531.500 -10.607
388429.500 130532.500 -10.617
388429.500 130533.500 -10.650
388429.500 130534.500 -10.662
388429.500 130535.500 -10.670
388429.500 130536.500 -10.728
388429.500 130537.500 -10.765
388429.500 130538.500 -10.770
388429.500 130539.500 -10.775
388429.500 130540.500 -10.793
388429.500 130541.500 -10.808
388429.500 130542.500 -10.812
388429.500 130543.500 -10.835
388429.500 130544.500 -10.850
388429.500 130545.500 -10.855
388429.500 130546.500 -10.848
388429.500 130547.500 -10.812
388429.500 130548.500 -10.830
388429.500 130549.500 -10.842
388429.500 130550.500 -10.850
388429.500 130551.500 -10.895
388429.500 130552.500 -10.950
388429.500 130553.500 -10.973
388429.500 130554.500 -10.952
388429.500 130555.500 -10.970
388429.500 130556.500 -10.997
388429.500 130557.500 -11.050
388429.500 130558.500 -11.082
388429.500 130559.500 -11.133
388429.500 130560.500 -11.150
388429.500 130561.500 -11.135
388429.500 130562.500 -11.095
388429.500 130563.500 -11.152
388429.500 130564.500 -11.213
388429.500 130565.500 -11.250
388429.500 130566.500 -11.270
388429.500 130567.500 -11.290
388429.500 130568.500 -11.300
388429.500 130569.500 -11.308
388429.500 130570.500 -11.340
388429.500 130571.500 -11.375
388429.500 130572.500 -11.373
388429.500 130573.500 -11.405
388429.500 130574.500 -11.438
388429.500 130575.500 -11.480
388429.500 130576.500 -11.510
388429.500 130577.500 -11.510
388429.500 130578.500 -11.517
388429.500 130579.500 -11.572
388429.500 130580.500 -11.670
388429.500 130581.500 -11.655
388429.500 130582.500 -11.660
388429.500 130583.500 -11.672
388429.500 130584.500 -11.657
388429.500 130585.500 -11.665
388429.500 130586.500 -11.677
388429.500 130587.500 -11.685
388429.500 130588.500 -11.692
388429.500 130589.500 -11.713
388429.500 130590.500 -11.738
388429.500 130591.500 -11.755
388430.500 130476.500 -11.120
388430.500 130477.500 -11.010
388430.500 130478.500 -10.955
388430.500 130479.500 -10.883
388430.500 130480.500 -10.828
388430.500 130481.500 -10.805
388430.500 130482.500 -10.750
388430.500 130483.500 -10.738
388430.500 130484.500 -10.725
388430.500 130485.500 -10.695
388430.500 130486.500 -10.670
388430.500 130487.500 -10.635
388430.500 130488.500 -10.602
388430.500 130489.500 -10.587
388430.500 130490.500 -10.575
388430.500 130491.500 -10.568
388430.500 130492.500 -10.560
388430.500 130493.500 -10.535
388430.500 130494.500 -10.523
388430.500 130495.500 -10.527
388430.500 130496.500 -10.522
388430.500 130497.500 -10.515
388430.500 130498.500 -10.490
388430.500 130499.500 -10.433
388430.500 130500.500 -10.402
388430.500 130501.500 -10.380
388430.500 130502.500 -10.350
388430.500 130503.500 -10.313
388430.500 130504.500 -10.300
388430.500 130505.500 -10.287
388430.500 130506.500 -10.280
388430.500 130507.500 -10.265
388430.500 130508.500 -10.250
388430.500 130509.500 -10.265
388430.500 130510.500 -10.262
388430.500 130511.500 -10.268
388430.500 130512.500 -10.295
388430.500 130513.500 -10.303
388430.500 130514.500 -10.282
388430.500 130515.500 -10.275
388430.500 130516.500 -10.310
388430.500 130517.500 -10.332
388430.500 130518.500 -10.340
388430.500 130519.500 -10.357
388430.500 130520.500 -10.402
388430.500 130521.500 -10.438
388430.500 130522.500 -10.402
388430.500 130523.500 -10.430
388430.500 130524.500 -10.497
388430.500 130525.500 -10.502
388430.500 130526.500 -10.520
388430.500 130527.500 -10.558
388430.500 130528.500 -10.568
388430.500 130529.500 -10.575
388430.500 130530.500 -10.570
388430.500 130531.500 -10.575
388430.500 130532.500 -10.590
388430.500 130533.500 -10.640
388430.500 130534.500 -10.645
388430.500 130535.500 -10.647
388430.500 130536.500 -10.698
388430.500 130537.500 -10.742
388430.500 130538.500 -10.752
388430.500 130539.500 -10.745
388430.500 130540.500 -10.783
388430.500 130541.500 -10.797
388430.500 130542.500 -10.800
388430.500 130543.500 -10.830
388430.500 130544.500 -10.860
388430.500 130545.500 -10.865
388430.500 130546.500 -10.828
388430.500 130547.500 -10.785
388430.500 130548.500 -10.818
388430.500 130549.500 -10.822
388430.500 130550.500 -10.830
388430.500 130551.500 -10.908
388430.500 130552.500 -10.963
388430.500 130553.500 -10.940
388430.500 130554.500 -10.932
388430.500 130555.500 -10.922
388430.500 130556.500 -10.950
388430.500 130557.500 -11.005
388430.500 130558.500 -11.023
388430.500 130559.500 -11.080
388430.500 130560.500 -11.105
388430.500 130561.500 -11.117
388430.500 130562.500 -11.090
388430.500 130563.500 -11.117
388430.500 130564.500 -11.155
388430.500 130565.500 -11.195
388430.500 130566.500 -11.233
388430.500 130567.500 -11.260
388430.500 130568.500 -11.267
388430.500 130569.500 -11.267
388430.500 130570.500 -11.305
388430.500 130571.500 -11.335
388430.500 130572.500 -11.332
388430.500 130573.500 -11.345
388430.500 130574.500 -11.373
388430.500 130575.500 -11.407
388430.500 130576.500 -11.455
388430.500 130577.500 -11.480
388430.500 130578.500 -11.473
388430.500 130579.500 -11.527
388430.500 130580.500 -11.628
388430.500 130581.500 -11.635
388430.500 130582.500 -11.635
388430.500 130583.500 -11.655
388430.500 130584.500 -11.663
388430.500 130585.500 -11.672
388430.500 130586.500 -11.685
388430.500 130587.500 -11.690
388430.500 130588.500 -11.690
388430.500 130589.500 -11.690
388430.500 130590.500 -11.732
388430.500 130591.500 -11.767
388431.500 130477.500 -11.058
388431.500 130478.500 -10.985
388431.500 130479.500 -10.938
388431.500 130480.500 -10.873
388431.500 130481.500 -10.857
388431.500 130482.500 -10.805
388431.500 130483.500 -10.762
388431.500 130484.500 -10.762
388431.500 130485.500 -10.730
388431.500 130486.500 -10.715
388431.500 130487.500 -10.680
388431.500 130488.500 -10.623
388431.500 130489.500 -10.610
388431.500 130490.500 -10.598
388431.500 130491.500 -10.575
388431.500 130492.500 -10.558
388431.500 130493.500 -10.540
388431.500 130494.500 -10.543
388431.500 130495.500 -10.533
388431.500 130496.500 -10.537
388431.500 130497.500 -10.527
388431.500 130498.500 -10.500
388431.500 130499.500 -10.453
388431.500 130500.500 -10.415
388431.500 130501.500 -10.390
388431.500 130502.500 -10.357
388431.500 130503.500 -10.325
388431.500 130504.500 -10.285
388431.500 130505.500 -10.282
388431.500 130506.500 -10.287
388431.500 130507.500 -10.265
388431.500 130508.500 -10.265
388431.500 130509.500 -10.275
388431.500 130510.500 -10.280
388431.500 130511.500 -10.277
388431.500 130512.500 -10.300
388431.500 130513.500 -10.275
388431.500 130514.500 -10.275
388431.500 130515.500 -10.277
388431.500 130516.500 -10.297
388431.500 130517.500 -10.323
388431.500 130518.500 -10.340
388431.500 130519.500 -10.357
388431.500 130520.500 -10.365
388431.500 130521.500 -10.407
388431.500 130522.500 -10.430
388431.500 130523.500 -10.405
388431.500 130524.500 -10.453
388431.500 130525.500 -10.478
388431.500 130526.500 -10.490
388431.500 130527.500 -10.512
388431.500 130528.500 -10.543
388431.500 130529.500 -10.547
388431.500 130530.500 -10.537
388431.500 130531.500 -10.558
388431.500 130532.500 -10.572
388431.500 130533.500 -10.618
388431.500 130534.500 -10.625
388431.500 130535.500 -10.615
388431.500 130536.500 -10.645
388431.500 130537.500 -10.695
388431.500 130538.500 -10.715
388431.500 130539.500 -10.717
388431.500 130540.500 -10.762
388431.500 130541.500 -10.795
388431.500 130542.500 -10.797
388431.500 130543.500 -10.815
388431.500 130544.500 -10.850
388431.500 130545.500 -10.855
388431.500 130546.500 -10.812
388431.500 130547.500 -10.775
388431.500 130548.500 -10.775
388431.500 130549.500 -10.805
388431.500 130550.500 -10.835
388431.500 130551.500 -10.865
388431.500 130552.500 -10.922
388431.500 130553.500 -10.903
388431.500 130554.500 -10.912
388431.500 130555.500 -10.912
388431.500 130556.500 -10.955
388431.500 130557.500 -10.978
388431.500 130558.500 -10.995
388431.500 130559.500 -11.010
388431.500 130560.500 -11.053
388431.500 130561.500 -11.078
388431.500 130562.500 -11.037
388431.500 130563.500 -11.062
388431.500 130564.500 -11.102
388431.500 130565.500 -11.157
388431.500 130566.500 -11.192
388431.500 130567.500 -11.215
388431.500 130568.500 -11.230
388431.500 130569.500 -11.255
388431.500 130570.500 -11.260
388431.500 130571.500 -11.285
388431.500 130572.500 -11.308
388431.500 130573.500 -11.300
388431.500 130574.500 -11.320
388431.500 130575.500 -11.330
388431.500 130576.500 -11.380
388431.500 130577.500 -11.432
388431.500 130578.500 -11.465
388431.500 130579.500 -11.515
388431.500 130580.500 -11.570
388431.500 130581.500 -11.612
388431.500 130582.500 -11.615
388431.500 130583.500 -11.660
388431.500 130584.500 -11.685
388431.500 130585.500 -11.670
388431.500 130586.500 -11.665
388431.500 130587.500 -11.660
388431.500 130588.500 -11.662
388431.500 130589.500 -11.668
388431.500 130590.500 -11.697
388431.500 130591.500 -11.732
388432.500 130479.500 -10.973
388432.500 130480.500 -10.938
388432.500 130481.500 -10.900
388432.500 130482.500 -10.840
388432.500 130483.500 -10.800
388432.500 130484.500 -10.795
388432.500 130485.500 -10.758
388432.500 130486.500 -10.730
388432.500 130487.500 -10.718
388432.500 130488.500 -10.680
388432.500 130489.500 -10.643
388432.500 130490.500 -10.620
388432.500 130491.500 -10.605
388432.500 130492.500 -10.590
388432.500 130493.500 -10.565
388432.500 130494.500 -10.560
388432.500 130495.500 -10.543
388432.500 130496.500 -10.537
388432.500 130497.500 -10.525
388432.500 130498.500 -10.517
388432.500 130499.500 -10.475
388432.500 130500.500 -10.433
388432.500 130501.500 -10.395
388432.500 130502.500 -10.373
388432.500 130503.500 -10.335
388432.500 130504.500 -10.285
388432.500 130505.500 -10.262
388432.500 130506.500 -10.270
388432.500 130507.500 -10.260
388432.500 130508.500 -10.260
388432.500 130509.500 -10.277
388432.500 130510.500 -10.290
388432.500 130511.500 -10.295
388432.500 130512.500 -10.300
388432.500 130513.500 -10.300
388432.500 130514.500 -10.285
388432.500 130515.500 -10.277
388432.500 130516.500 -10.290
388432.500 130517.500 -10.320
388432.500 130518.500 -10.335
388432.500 130519.500 -10.335
388432.500 130520.500 -10.350
388432.500 130521.500 -10.357
388432.500 130522.500 -10.440
388432.500 130523.500 -10.422
388432.500 130524.500 -10.408
388432.500 130525.500 -10.463
388432.500 130526.500 -10.492
388432.500 130527.500 -10.505
388432.500 130528.500 -10.518
388432.500 130529.500 -10.520
388432.500 130530.500 -10.547
388432.500 130531.500 -10.553
388432.500 130532.500 -10.568
388432.500 130533.500 -10.607
388432.500 130534.500 -10.605
388432.500 130535.500 -10.607
388432.500 130536.500 -10.630
388432.500 130537.500 -10.680
388432.500 130538.500 -10.697
388432.500 130539.500 -10.695
388432.500 130540.500 -10.725
388432.500 130541.500 -10.745
388432.500 130542.500 -10.765
388432.500 130543.500 -10.795
388432.500 130544.500 -10.835
388432.500 130545.500 -10.838
388432.500 130546.500 -10.790
388432.500 130547.500 -10.750
388432.500 130548.500 -10.760
388432.500 130549.500 -10.808
388432.500 130550.500 -10.822
388432.500 130551.500 -10.825
388432.500 130552.500 -10.857
388432.500 130553.500 -10.835
388432.500 130554.500 -10.890
388432.500 130555.500 -10.922
388432.500 130556.500 -10.932
388432.500 130557.500 -10.925
388432.500 130558.500 -10.955
388432.500 130559.500 -10.970
388432.500 130560.500 -11.013
388432.500 130561.500 -11.037
388432.500 130562.500 -10.985
388432.500 130563.500 -11.012
388432.500 130564.500 -11.070
388432.500 130565.500 -11.123
388432.500 130566.500 -11.155
388432.500 130567.500 -11.160
388432.500 130568.500 -11.200
388432.500 130569.500 -11.210
388432.500 130570.500 -11.230
388432.500 130571.500 -11.240
388432.500 130572.500 -11.240
388432.500 130573.500 -11.258
388432.500 130574.500 -11.275
388432.500 130575.500 -11.290
388432.500 130576.500 -11.308
388432.500 130577.500 -11.363
388432.500 130578.500 -11.415
388432.500 130579.500 -11.453
388432.500 130580.500 -11.500
388432.500 130581.500 -11.575
388432.500 130582.500 -11.585
388432.500 130583.500 -11.610
388432.500 130584.500 -11.660
388432.500 130585.500 -11.652
388432.500 130586.500 -11.640
388432.500 130587.500 -11.640
388432.500 130588.500 -11.635
388432.500 130589.500 -11.643
388432.500 130590.500 -11.668
388432.500 130591.500 -11.687
388433.500 130480.500 -10.975
388433.500 130481.500 -10.930
388433.500 130482.500 -10.890
388433.500 130483.500 -10.845
388433.500 130484.500 -10.820
388433.500 130485.500 -10.777
388433.500 130486.500 -10.758
388433.500 130487.500 -10.740
388433.500 130488.500 -10.710
388433.500 130489.500 -10.692
388433.500 130490.500 -10.663
388433.500 130491.500 -10.635
388433.500 130492.500 -10.612
388433.500 130493.500 -10.595
388433.500 130494.500 -10.582
388433.500 130495.500 -10.555
388433.500 130496.500 -10.535
388433.500 130497.500 -10.525
388433.500 130498.500 -10.522
388433.500 130499.500 -10.492
388433.500 130500.500 -10.445
388433.500 130501.500 -10.418
388433.500 130502.500 -10.377
388433.500 130503.500 -10.342
388433.500 130504.500 -10.305
388433.500 130505.500 -10.272
388433.500 130506.500 -10.282
388433.500 130507.500 -10.265
388433.500 130508.500 -10.273
388433.500 130509.500 -10.295
388433.500 130510.500 -10.285
388433.500 130511.500 -10.300
388433.500 130512.500 -10.315
388433.500 130513.500 -10.303
388433.500 130514.500 -10.303
388433.500 130515.500 -10.295
388433.500 130516.500 -10.277
388433.500 130517.500 -10.303
388433.500 130518.500 -10.318
388433.500 130519.500 -10.313
388433.500 130520.500 -10.315
388433.500 130521.500 -10.330
388433.500 130522.500 -10.387
388433.500 130523.500 -10.435
388433.500 130524.500 -10.405
388433.500 130525.500 -10.455
388433.500 130526.500 -10.480
388433.500 130527.500 -10.490
388433.500 130528.500 -10.488
388433.500 130529.500 -10.510
388433.500 130530.500 -10.540
388433.500 130531.500 -10.595
388433.500 130532.500 -10.598
388433.500 130533.500 -10.617
388433.500 130534.500 -10.640
388433.500 130535.500 -10.650
388433.500 130536.500 -10.645
388433.500 130537.500 -10.680
388433.500 130538.500 -10.657
388433.500 130539.500 -10.673
388433.500 130540.500 -10.718
388433.500 130541.500 -10.733
388433.500 130542.500 -10.752
388433.500 130543.500 -10.760
388433.500 130544.500 -10.793
388433.500 130545.500 -10.790
388433.500 130546.500 -10.767
388433.500 130547.500 -10.735
388433.500 130548.500 -10.735
388433.500 130549.500 -10.782
388433.500 130550.500 -10.803
388433.500 130551.500 -10.808
388433.500 130552.500 -10.825
388433.500 130553.500 -10.815
388433.500 130554.500 -10.862
388433.500 130555.500 -10.895
388433.500 130556.500 -10.862
388433.500 130557.500 -10.837
388433.500 130558.500 -10.910
388433.500 130559.500 -10.932
388433.500 130560.500 -10.953
388433.500 130561.500 -10.970
388433.500 130562.500 -10.945
388433.500 130563.500 -10.968
388433.500 130564.500 -11.023
388433.500 130565.500 -11.078
388433.500 130566.500 -11.120
388433.500 130567.500 -11.125
388433.500 130568.500 -11.152
388433.500 130569.500 -11.178
388433.500 130570.500 -11.188
388433.500 130571.500 -11.182
388433.500 130572.500 -11.200
388433.500 130573.500 -11.210
388433.500 130574.500 -11.213
388433.500 130575.500 -11.208
388433.500 130576.500 -11.215
388433.500 130577.500 -11.265
388433.500 130578.500 -11.345
388433.500 130579.500 -11.395
388433.500 130580.500 -11.447
388433.500 130581.500 -11.515
388433.500 130582.500 -11.565
388433.500 130583.500 -11.570
388433.500 130584.500 -11.617
388433.500 130585.500 -11.612
388433.500 130586.500 -11.613
388433.500 130587.500 -11.628
388433.500 130588.500 -11.630
388433.500 130589.500 -11.643
388433.500 130590.500 -11.655
388433.500 130591.500 -11.655
388434.500 130482.500 -10.925
388434.500 130483.500 -10.880
388434.500 130484.500 -10.842
388434.500 130485.500 -10.818
388434.500 130486.500 -10.787
388434.500 130487.500 -10.757
388434.500 130488.500 -10.755
388434.500 130489.500 -10.727
388434.500 130490.500 -10.683
388434.500 130491.500 -10.643
388434.500 130492.500 -10.640
388434.500 130493.500 -10.627
388434.500 130494.500 -10.605
388434.500 130495.500 -10.585
388434.500 130496.500 -10.550
388434.500 130497.500 -10.537
388434.500 130498.500 -10.522
388434.500 130499.500 -10.512
388434.500 130500.500 -10.482
388434.500 130501.500 -10.443
388434.500 130502.500 -10.395
388434.500 130503.500 -10.355
388434.500 130504.500 -10.340
388434.500 130505.500 -10.300
388434.500 130506.500 -10.303
388434.500 130507.500 -10.297
388434.500 130508.500 -10.290
388434.500 130509.500 -10.308
388434.500 130510.500 -10.295
388434.500 130511.500 -10.310
388434.500 130512.500 -10.310
388434.500 130513.500 -10.305
388434.500 130514.500 -10.295
388434.500 130515.500 -10.287
388434.500 130516.500 -10.275
388434.500 130517.500 -10.285
388434.500 130518.500 -10.297
388434.500 130519.500 -10.305
388434.500 130520.500 -10.308
388434.500 130521.500 -10.310
388434.500 130522.500 -10.332
388434.500 130523.500 -10.415
388434.500 130524.500 -10.440
388434.500 130525.500 -10.435
388434.500 130526.500 -10.442
388434.500 130527.500 -10.447
388434.500 130528.500 -10.465
388434.500 130529.500 -10.512
388434.500 130530.500 -10.547
388434.500 130531.500 -10.593
388434.500 130532.500 -10.633
388434.500 130533.500 -10.635
388434.500 130534.500 -10.617
388434.500 130535.500 -10.630
388434.500 130536.500 -10.633
388434.500 130537.500 -10.652
388434.500 130538.500 -10.643
388434.500 130539.500 -10.657
388434.500 130540.500 -10.695
388434.500 130541.500 -10.738
388434.500 130542.500 -10.745
388434.500 130543.500 -10.740
388434.500 130544.500 -10.758
388434.500 130545.500 -10.765
388434.500 130546.500 -10.775
388434.500 130547.500 -10.723
388434.500 130548.500 -10.728
388434.500 130549.500 -10.770
388434.500 130550.500 -10.780
388434.500 130551.500 -10.777
388434.500 130552.500 -10.808
388434.500 130553.500 -10.830
388434.500 130554.500 -10.857
388434.500 130555.500 -10.888
388434.500 130556.500 -10.840
388434.500 130557.500 -10.828
388434.500 130558.500 -10.890
388434.500 130559.500 -10.928
388434.500 130560.500 -10.940
388434.500 130561.500 -10.928
388434.500 130562.500 -10.920
388434.500 130563.500 -10.955
388434.500 130564.500 -11.005
388434.500 130565.500 -11.050
388434.500 130566.500 -11.072
388434.500 130567.500 -11.105
388434.500 130568.500 -11.130
388434.500 130569.500 -11.125
388434.500 130570.500 -11.135
388434.500 130571.500 -11.172
388434.500 130572.500 -11.203
388434.500 130573.500 -11.183
388434.500 130574.500 -11.153
388434.500 130575.500 -11.130
388434.500 130576.500 -11.152
388434.500 130577.500 -11.207
388434.500 130578.500 -11.295
388434.500 130579.500 -11.328
388434.500 130580.500 -11.380
388434.500 130581.500 -11.445
388434.500 130582.500 -11.517
388434.500 130583.500 -11.558
388434.500 130584.500 -11.562
388434.500 130585.500 -11.562
388434.500 130586.500 -11.575
388434.500 130587.500 -11.605
388434.500 130588.500 -11.615
388434.500 130589.500 -11.607
388434.500 130590.500 -11.640
388434.500 130591.500 -11.633
388435.500 130483.500 -10.915
388435.500 130484.500 -10.872
388435.500 130485.500 -10.845
388435.500 130486.500 -10.825
388435.500 130487.500 -10.790
388435.500 130488.500 -10.783
388435.500 130489.500 -10.752
388435.500 130490.500 -10.710
388435.500 130491.500 -10.692
388435.500 130492.500 -10.680
388435.500 130493.500 -10.665
388435.500 130494.500 -10.650
388435.500 130495.500 -10.610
388435.500 130496.500 -10.582
388435.500 130497.500 -10.560
388435.500 130498.500 -10.535
388435.500 130499.500 -10.502
388435.500 130500.500 -10.510
388435.500 130501.500 -10.473
388435.500 130502.500 -10.420
388435.500 130503.500 -10.393
388435.500 130504.500 -10.367
388435.500 130505.500 -10.345
388435.500 130506.500 -10.328
388435.500 130507.500 -10.310
388435.500 130508.500 -10.295
388435.500 130509.500 -10.308
388435.500 130510.500 -10.308
388435.500 130511.500 -10.308
388435.500 130512.500 -10.303
388435.500 130513.500 -10.300
388435.500 130514.500 -10.300
388435.500 130515.500 -10.297
388435.500 130516.500 -10.295
388435.500 130517.500 -10.305
388435.500 130518.500 -10.308
388435.500 130519.500 -10.297
388435.500 130520.500 -10.325
388435.500 130521.500 -10.338
388435.500 130522.500 -10.332
388435.500 130523.500 -10.388
388435.500 130524.500 -10.445
388435.500 130525.500 -10.412
388435.500 130526.500 -10.430
388435.500 130527.500 -10.450
388435.500 130528.500 -10.455
388435.500 130529.500 -10.500
388435.500 130530.500 -10.550
388435.500 130531.500 -10.562
388435.500 130532.500 -10.588
388435.500 130533.500 -10.607
388435.500 130534.500 -10.612
388435.500 130535.500 -10.610
388435.500 130536.500 -10.632
388435.500 130537.500 -10.643
388435.500 130538.500 -10.620
388435.500 130539.500 -10.672
388435.500 130540.500 -10.700
388435.500 130541.500 -10.707
388435.500 130542.500 -10.730
388435.500 130543.500 -10.725
388435.500 130544.500 -10.738
388435.500 130545.500 -10.740
388435.500 130546.500 -10.765
388435.500 130547.500 -10.748
388435.500 130548.500 -10.748
388435.500 130549.500 -10.770
388435.500 130550.500 -10.762
388435.500 130551.500 -10.760
388435.500 130552.500 -10.777
388435.500 130553.500 -10.818
388435.500 130554.500 -10.837
388435.500 130555.500 -10.877
388435.500 130556.500 -10.850
388435.500 130557.500 -10.822
388435.500 130558.500 -10.887
388435.500 130559.500 -10.912
388435.500 130560.500 -10.908
388435.500 130561.500 -10.918
388435.500 130562.500 -10.930
388435.500 130563.500 -10.928
388435.500 130564.500 -10.953
388435.500 130565.500 -11.017
388435.500 130566.500 -11.050
388435.500 130567.500 -11.082
388435.500 130568.500 -11.102
388435.500 130569.500 -11.093
388435.500 130570.500 -11.113
388435.500 130571.500 -11.178
388435.500 130572.500 -11.190
388435.500 130573.500 -11.157
388435.500 130574.500 -11.148
388435.500 130575.500 -11.145
388435.500 130576.500 -11.145
388435.500 130577.500 -11.200
388435.500 130578.500 -11.245
388435.500 130579.500 -11.277
388435.500 130580.500 -11.312
388435.500 130581.500 -11.353
388435.500 130582.500 -11.445
388435.500 130583.500 -11.527
388435.500 130584.500 -11.540
388435.500 130585.500 -11.520
388435.500 130586.500 -11.527
388435.500 130587.500 -11.560
388435.500 130588.500 -11.568
388435.500 130589.500 -11.590
388435.500 130590.500 -11.595
388435.500 130591.500 -11.595
388436.500 130484.500 -10.910
388436.500 130485.500 -10.883
388436.500 130486.500 -10.857
388436.500 130487.500 -10.825
388436.500 130488.500 -10.805
388436.500 130489.500 -10.773
388436.500 130490.500 -10.745
388436.500 130491.500 -10.730
388436.500 130492.500 -10.705
388436.500 130493.500 -10.685
388436.500 130494.500 -10.673
388436.500 130495.500 -10.640
388436.500 130496.500 -10.595
388436.500 130497.500 -10.568
388436.500 130498.500 -10.547
388436.500 130499.500 -10.525
388436.500 130500.500 -10.515
388436.500 130501.500 -10.498
388436.500 130502.500 -10.447
388436.500 130503.500 -10.418
388436.500 130504.500 -10.393
388436.500 130505.500 -10.365
388436.500 130506.500 -10.345
388436.500 130507.500 -10.335
388436.500 130508.500 -10.332
388436.500 130509.500 -10.297
388436.500 130510.500 -10.318
388436.500 130511.500 -10.325
388436.500 130512.500 -10.308
388436.500 130513.500 -10.318
388436.500 130514.500 -10.320
388436.500 130515.500 -10.308
388436.500 130516.500 -10.300
388436.500 130517.500 -10.312
388436.500 130518.500 -10.322
388436.500 130519.500 -10.328
388436.500 130520.500 -10.355
388436.500 130521.500 -10.360
388436.500 130522.500 -10.348
388436.500 130523.500 -10.362
388436.500 130524.500 -10.430
388436.500 130525.500 -10.408
388436.500 130526.500 -10.418
388436.500 130527.500 -10.457
388436.500 130528.500 -10.460
388436.500 130529.500 -10.473
388436.500 130530.500 -10.530
388436.500 130531.500 -10.543
388436.500 130532.500 -10.540
388436.500 130533.500 -10.555
388436.500 130534.500 -10.592
388436.500 130535.500 -10.625
388436.500 130536.500 -10.625
388436.500 130537.500 -10.620
388436.500 130538.500 -10.638
388436.500 130539.500 -10.665
388436.500 130540.500 -10.692
388436.500 130541.500 -10.703
388436.500 130542.500 -10.713
388436.500 130543.500 -10.715
388436.500 130544.500 -10.725
388436.500 130545.500 -10.725
388436.500 130546.500 -10.767
388436.500 130547.500 -10.745
388436.500 130548.500 -10.725
388436.500 130549.500 -10.733
388436.500 130550.500 -10.740
388436.500 130551.500 -10.755
388436.500 130552.500 -10.765
388436.500 130553.500 -10.812
388436.500 130554.500 -10.822
388436.500 130555.500 -10.810
388436.500 130556.500 -10.773
388436.500 130557.500 -10.790
388436.500 130558.500 -10.865
388436.500 130559.500 -10.885
388436.500 130560.500 -10.883
388436.500 130561.500 -10.895
388436.500 130562.500 -10.905
388436.500 130563.500 -10.895
388436.500 130564.500 -10.910
388436.500 130565.500 -10.967
388436.500 130566.500 -11.002
388436.500 130567.500 -11.025
388436.500 130568.500 -11.035
388436.500 130569.500 -11.047
388436.500 130570.500 -11.085
388436.500 130571.500 -11.130
388436.500 130572.500 -11.123
388436.500 130573.500 -11.120
388436.500 130574.500 -11.152
388436.500 130575.500 -11.133
388436.500 130576.500 -11.133
388436.500 130577.500 -11.168
388436.500 130578.500 -11.213
388436.500 130579.500 -11.227
388436.500 130580.500 -11.255
388436.500 130581.500 -11.330
388436.500 130582.500 -11.400
388436.500 130583.500 -11.457
388436.500 130584.500 -11.498
388436.500 130585.500 -11.482
388436.500 130586.500 -11.488
388436.500 130587.500 -11.510
388436.500 130588.500 -11.547
388436.500 130589.500 -11.555
388436.500 130590.500 -11.548
388436.500 130591.500 -11.575
388437.500 130486.500 -10.895
388437.500 130487.500 -10.863
388437.500 130488.500 -10.843
388437.500 130489.500 -10.815
388437.500 130490.500 -10.808
388437.500 130491.500 -10.765
388437.500 130492.500 -10.738
388437.500 130493.500 -10.698
388437.500 130494.500 -10.680
388437.500 130495.500 -10.655
388437.500 130496.500 -10.620
388437.500 130497.500 -10.585
388437.500 130498.500 -10.575
388437.500 130499.500 -10.532
388437.500 130500.500 -10.515
388437.500 130501.500 -10.512
388437.500 130502.500 -10.480
388437.500 130503.500 -10.453
388437.500 130504.500 -10.422
388437.500 130505.500 -10.393
388437.500 130506.500 -10.355
388437.500 130507.500 -10.353
388437.500 130508.500 -10.338
388437.500 130509.500 -10.332
388437.500 130510.500 -10.360
388437.500 130511.500 -10.360
388437.500 130512.500 -10.340
388437.500 130513.500 -10.332
388437.500 130514.500 -10.322
388437.500 130515.500 -10.318
388437.500 130516.500 -10.318
388437.500 130517.500 -10.325
388437.500 130518.500 -10.330
388437.500 130519.500 -10.355
388437.500 130520.500 -10.367
388437.500 130521.500 -10.372
388437.500 130522.500 -10.360
388437.500 130523.500 -10.362
388437.500 130524.500 -10.398
388437.500 130525.500 -10.407
388437.500 130526.500 -10.377
388437.500 130527.500 -10.422
388437.500 130528.500 -10.442
388437.500 130529.500 -10.468
388437.500 130530.500 -10.492
388437.500 130531.500 -10.508
388437.500 130532.500 -10.527
388437.500 130533.500 -10.525
388437.500 130534.500 -10.558
388437.500 130535.500 -10.603
388437.500 130536.500 -10.638
388437.500 130537.500 -10.648
388437.500 130538.500 -10.665
388437.500 130539.500 -10.675
388437.500 130540.500 -10.675
388437.500 130541.500 -10.682
388437.500 130542.500 -10.713
388437.500 130543.500 -10.715
388437.500 130544.500 -10.723
388437.500 130545.500 -10.713
388437.500 130546.500 -10.745
388437.500 130547.500 -10.735
388437.500 130548.500 -10.700
388437.500 130549.500 -10.733
388437.500 130550.500 -10.748
388437.500 130551.500 -10.748
388437.500 130552.500 -10.735
388437.500 130553.500 -10.770
388437.500 130554.500 -10.782
388437.500 130555.500 -10.735
388437.500 130556.500 -10.747
388437.500 130557.500 -10.790
388437.500 130558.500 -10.838
388437.500 130559.500 -10.863
388437.500 130560.500 -10.867
388437.500 130561.500 -10.852
388437.500 130562.500 -10.832
388437.500 130563.500 -10.867
388437.500 130564.500 -10.893
388437.500 130565.500 -10.910
388437.500 130566.500 -10.925
388437.500 130567.500 -10.948
388437.500 130568.500 -10.955
388437.500 130569.500 -11.023
388437.500 130570.500 -11.050
388437.500 130571.500 -11.070
388437.500 130572.500 -11.060
388437.500 130573.500 -11.067
388437.500 130574.500 -11.125
388437.500 130575.500 -11.135
388437.500 130576.500 -11.130
388437.500 130577.500 -11.127
388437.500 130578.500 -11.168
388437.500 130579.500 -11.213
388437.500 130580.500 -11.255
388437.500 130581.500 -11.328
388437.500 130582.500 -11.412
388437.500 130583.500 -11.447
388437.500 130584.500 -11.435
388437.500 130585.500 -11.438
388437.500 130586.500 -11.417
388437.500 130587.500 -11.445
388437.500 130588.500 -11.488
388437.500 130589.500 -11.510
388437.500 130590.500 -11.505
388437.500 130591.500 -11.523
388438.500 130487.500 -10.888
388438.500 130488.500 -10.860
388438.500 130489.500 -10.845
388438.500 130490.500 -10.840
388438.500 130491.500 -10.795
388438.500 130492.500 -10.753
388438.500 130493.500 -10.718
388438.500 130494.500 -10.693
388438.500 130495.500 -10.675
388438.500 130496.500 -10.650
388438.500 130497.500 -10.612
388438.500 130498.500 -10.588
388438.500 130499.500 -10.543
388438.500 130500.500 -10.530
388438.500 130501.500 -10.505
388438.500 130502.500 -10.505
388438.500 130503.500 -10.505
388438.500 130504.500 -10.477
388438.500 130505.500 -10.427
388438.500 130506.500 -10.390
388438.500 130507.500 -10.365
388438.500 130508.500 -10.340
388438.500 130509.500 -10.355
388438.500 130510.500 -10.420
388438.500 130511.500 -10.393
388438.500 130512.500 -10.348
388438.500 130513.500 -10.330
388438.500 130514.500 -10.315
388438.500 130515.500 -10.320
388438.500 130516.500 -10.332
388438.500 130517.500 -10.338
388438.500 130518.500 -10.343
388438.500 130519.500 -10.367
388438.500 130520.500 -10.375
388438.500 130521.500 -10.367
388438.500 130522.500 -10.365
388438.500 130523.500 -10.365
388438.500 130524.500 -10.365
388438.500 130525.500 -10.375
388438.500 130526.500 -10.345
388438.500 130527.500 -10.400
388438.500 130528.500 -10.447
388438.500 130529.500 -10.463
388438.500 130530.500 -10.480
388438.500 130531.500 -10.475
388438.500 130532.500 -10.488
388438.500 130533.500 -10.490
388438.500 130534.500 -10.547
388438.500 130535.500 -10.568
388438.500 130536.500 -10.603
388438.500 130537.500 -10.633
388438.500 130538.500 -10.655
388438.500 130539.500 -10.655
388438.500 130540.500 -10.655
388438.500 130541.500 -10.670
388438.500 130542.500 -10.693
388438.500 130543.500 -10.700
388438.500 130544.500 -10.707
388438.500 130545.500 -10.720
388438.500 130546.500 -10.742
388438.500 130547.500 -10.750
388438.500 130548.500 -10.728
388438.500 130549.500 -10.762
388438.500 130550.500 -10.762
388438.500 130551.500 -10.740
388438.500 130552.500 -10.733
388438.500 130553.500 -10.735
388438.500 130554.500 -10.765
388438.500 130555.500 -10.760
388438.500 130556.500 -10.768
388438.500 130557.500 -10.812
388438.500 130558.500 -10.812
388438.500 130559.500 -10.837
388438.500 130560.500 -10.850
388438.500 130561.500 -10.800
388438.500 130562.500 -10.793
388438.500 130563.500 -10.852
388438.500 130564.500 -10.860
388438.500 130565.500 -10.860
388438.500 130566.500 -10.893
388438.500 130567.500 -10.900
388438.500 130568.500 -10.920
388438.500 130569.500 -10.990
388438.500 130570.500 -11.005
388438.500 130571.500 -11.002
388438.500 130572.500 -11.020
388438.500 130573.500 -11.043
388438.500 130574.500 -11.082
388438.500 130575.500 -11.088
388438.500 130576.500 -11.067
388438.500 130577.500 -11.065
388438.500 130578.500 -11.103
388438.500 130579.500 -11.175
388438.500 130580.500 -11.248
388438.500 130581.500 -11.325
388438.500 130582.500 -11.400
388438.500 130583.500 -11.470
388438.500 130584.500 -11.445
388438.500 130585.500 -11.432
388438.500 130586.500 -11.405
388438.500 130587.500 -11.383
388438.500 130588.500 -11.418
388438.500 130589.500 -11.447
388438.500 130590.500 -11.432
388438.500 130591.500 -11.450
388439.500 130488.500 -10.887
388439.500 130489.500 -10.867
388439.500 130490.500 -10.855
388439.500 130491.500 -10.810
388439.500 130492.500 -10.768
388439.500 130493.500 -10.740
388439.500 130494.500 -10.715
388439.500 130495.500 -10.697
388439.500 130496.500 -10.670
388439.500 130497.500 -10.632
388439.500 130498.500 -10.590
388439.500 130499.500 -10.578
388439.500 130500.500 -10.550
388439.500 130501.500 -10.530
388439.500 130502.500 -10.530
388439.500 130503.500 -10.537
388439.500 130504.500 -10.512
388439.500 130505.500 -10.463
388439.500 130506.500 -10.433
388439.500 130507.500 -10.390
388439.500 130508.500 -10.365
388439.500 130509.500 -10.377
388439.500 130510.500 -10.420
388439.500 130511.500 -10.422
388439.500 130512.500 -10.373
388439.500 130513.500 -10.350
388439.500 130514.500 -10.332
388439.500 130515.500 -10.338
388439.500 130516.500 -10.338
388439.500 130517.500 -10.332
388439.500 130518.500 -10.335
388439.500 130519.500 -10.357
388439.500 130520.500 -10.362
388439.500 130521.500 -10.367
388439.500 130522.500 -10.375
388439.500 130523.500 -10.375
388439.500 130524.500 -10.357
388439.500 130525.500 -10.367
388439.500 130526.500 -10.380
388439.500 130527.500 -10.398
388439.500 130528.500 -10.432
388439.500 130529.500 -10.455
388439.500 130530.500 -10.460
388439.500 130531.500 -10.455
388439.500 130532.500 -10.465
388439.500 130533.500 -10.488
388439.500 130534.500 -10.515
388439.500 130535.500 -10.537
388439.500 130536.500 -10.568
388439.500 130537.500 -10.600
388439.500 130538.500 -10.633
388439.500 130539.500 -10.630
388439.500 130540.500 -10.638
388439.500 130541.500 -10.648
388439.500 130542.500 -10.680
388439.500 130543.500 -10.695
388439.500 130544.500 -10.690
388439.500 130545.500 -10.710
388439.500 130546.500 -10.735
388439.500 130547.500 -10.777
388439.500 130548.500 -10.780
388439.500 130549.500 -10.780
388439.500 130550.500 -10.770
388439.500 130551.500 -10.768
388439.500 130552.500 -10.768
388439.500 130553.500 -10.777
388439.500 130554.500 -10.787
388439.500 130555.500 -10.795
388439.500 130556.500 -10.790
388439.500 130557.500 -10.808
388439.500 130558.500 -10.790
388439.500 130559.500 -10.805
388439.500 130560.500 -10.797
388439.500 130561.500 -10.745
388439.500 130562.500 -10.730
388439.500 130563.500 -10.822
388439.500 130564.500 -10.855
388439.500 130565.500 -10.865
388439.500 130566.500 -10.907
388439.500 130567.500 -10.917
388439.500 130568.500 -10.928
388439.500 130569.500 -10.925
388439.500 130570.500 -10.947
388439.500 130571.500 -10.970
388439.500 130572.500 -10.988
388439.500 130573.500 -11.015
388439.500 130574.500 -11.030
388439.500 130575.500 -11.040
388439.500 130576.500 -11.032
388439.500 130577.500 -11.070
388439.500 130578.500 -11.098
388439.500 130579.500 -11.175
388439.500 130580.500 -11.233
388439.500 130581.500 -11.273
388439.500 130582.500 -11.338
388439.500 130583.500 -11.440
388439.500 130584.500 -11.498
388439.500 130585.500 -11.477
388439.500 130586.500 -11.462
388439.500 130587.500 -11.453
388439.500 130588.500 -11.435
388439.500 130589.500 -11.422
388439.500 130590.500 -11.428
388439.500 130591.500 -11.452
388440.500 130490.500 -10.878
388440.500 130491.500 -10.850
388440.500 130492.500 -10.800
388440.500 130493.500 -10.785
388440.500 130494.500 -10.757
388440.500 130495.500 -10.715
388440.500 130496.500 -10.692
388440.500 130497.500 -10.655
388440.500 130498.500 -10.623
388440.500 130499.500 -10.615
388440.500 130500.500 -10.587
388440.500 130501.500 -10.572
388440.500 130502.500 -10.555
388440.500 130503.500 -10.553
388440.500 130504.500 -10.527
388440.500 130505.500 -10.495
388440.500 130506.500 -10.465
388440.500 130507.500 -10.430
388440.500 130508.500 -10.402
388440.500 130509.500 -10.393
388440.500 130510.500 -10.393
388440.500 130511.500 -10.415
388440.500 130512.500 -10.412
388440.500 130513.500 -10.405
388440.500 130514.500 -10.365
388440.500 130515.500 -10.350
388440.500 130516.500 -10.330
388440.500 130517.500 -10.322
388440.500 130518.500 -10.312
388440.500 130519.500 -10.335
388440.500 130520.500 -10.360
388440.500 130521.500 -10.357
388440.500 130522.500 -10.360
388440.500 130523.500 -10.372
388440.500 130524.500 -10.370
388440.500 130525.500 -10.375
388440.500 130526.500 -10.398
388440.500 130527.500 -10.405
388440.500 130528.500 -10.420
388440.500 130529.500 -10.442
388440.500 130530.500 -10.442
388440.500 130531.500 -10.442
388440.500 130532.500 -10.463
388440.500 130533.500 -10.495
388440.500 130534.500 -10.512
388440.500 130535.500 -10.530
388440.500 130536.500 -10.553
388440.500 130537.500 -10.565
388440.500 130538.500 -10.592
388440.500 130539.500 -10.618
388440.500 130540.500 -10.623
388440.500 130541.500 -10.635
388440.500 130542.500 -10.648
388440.500 130543.500 -10.670
388440.500 130544.500 -10.692
388440.500 130545.500 -10.720
388440.500 130546.500 -10.742
388440.500 130547.500 -10.780
388440.500 130548.500 -10.785
388440.500 130549.500 -10.775
388440.500 130550.500 -10.762
388440.500 130551.500 -10.768
388440.500 130552.500 -10.760
388440.500 130553.500 -10.770
388440.500 130554.500 -10.765
388440.500 130555.500 -10.790
388440.500 130556.500 -10.822
388440.500 130557.500 -10.795
388440.500 130558.500 -10.742
388440.500 130559.500 -10.748
388440.500 130560.500 -10.750
388440.500 130561.500 -10.715
388440.500 130562.500 -10.715
388440.500 130563.500 -10.803
388440.500 130564.500 -10.832
388440.500 130565.500 -10.838
388440.500 130566.500 -10.877
388440.500 130567.500 -10.910
388440.500 130568.500 -10.863
388440.500 130569.500 -10.865
388440.500 130570.500 -10.918
388440.500 130571.500 -10.940
388440.500 130572.500 -10.950
388440.500 130573.500 -10.960
388440.500 130574.500 -10.973
388440.500 130575.500 -11.018
388440.500 130576.500 -11.047
388440.500 130577.500 -11.082
388440.500 130578.500 -11.102
388440.500 130579.500 -11.123
388440.500 130580.500 -11.183
388440.500 130581.500 -11.207
388440.500 130582.500 -11.255
388440.500 130583.500 -11.342
388440.500 130584.500 -11.432
388440.500 130585.500 -11.457
388440.500 130586.500 -11.460
388440.500 130587.500 -11.490
388440.500 130588.500 -11.480
388440.500 130589.500 -11.455
388440.500 130590.500 -11.418
388440.500 130591.500 -11.428
388441.500 130491.500 -10.883
388441.500 130492.500 -10.843
388441.500 130493.500 -10.815
388441.500 130494.500 -10.787
388441.500 130495.500 -10.753
388441.500 130496.500 -10.705
388441.500 130497.500 -10.675
388441.500 130498.500 -10.648
388441.500 130499.500 -10.645
388441.500 130500.500 -10.613
388441.500 130501.500 -10.590
388441.500 130502.500 -10.575
388441.500 130503.500 -10.563
388441.500 130504.500 -10.537
388441.500 130505.500 -10.505
388441.500 130506.500 -10.485
388441.500 130507.500 -10.453
388441.500 130508.500 -10.435
388441.500 130509.500 -10.410
388441.500 130510.500 -10.390
388441.500 130511.500 -10.397
388441.500 130512.500 -10.418
388441.500 130513.500 -10.420
388441.500 130514.500 -10.390
388441.500 130515.500 -10.355
388441.500 130516.500 -10.320
388441.500 130517.500 -10.305
388441.500 130518.500 -10.285
388441.500 130519.500 -10.332
388441.500 130520.500 -10.345
388441.500 130521.500 -10.348
388441.500 130522.500 -10.360
388441.500 130523.500 -10.367
388441.500 130524.500 -10.365
388441.500 130525.500 -10.365
388441.500 130526.500 -10.400
388441.500 130527.500 -10.425
388441.500 130528.500 -10.422
388441.500 130529.500 -10.430
388441.500 130530.500 -10.435
388441.500 130531.500 -10.428
388441.500 130532.500 -10.457
388441.500 130533.500 -10.510
388441.500 130534.500 -10.515
388441.500 130535.500 -10.523
388441.500 130536.500 -10.543
388441.500 130537.500 -10.553
388441.500 130538.500 -10.575
388441.500 130539.500 -10.585
388441.500 130540.500 -10.618
388441.500 130541.500 -10.652
388441.500 130542.500 -10.660
388441.500 130543.500 -10.662
388441.500 130544.500 -10.680
388441.500 130545.500 -10.713
388441.500 130546.500 -10.730
388441.500 130547.500 -10.775
388441.500 130548.500 -10.775
388441.500 130549.500 -10.748
388441.500 130550.500 -10.755
388441.500 130551.500 -10.750
388441.500 130552.500 -10.750
388441.500 130553.500 -10.757
388441.500 130554.500 -10.740
388441.500 130555.500 -10.760
388441.500 130556.500 -10.805
388441.500 130557.500 -10.777
388441.500 130558.500 -10.735
388441.500 130559.500 -10.705
388441.500 130560.500 -10.707
388441.500 130561.500 -10.690
388441.500 130562.500 -10.688
388441.500 130563.500 -10.750
388441.500 130564.500 -10.815
388441.500 130565.500 -10.825
388441.500 130566.500 -10.848
388441.500 130567.500 -10.857
388441.500 130568.500 -10.840
388441.500 130569.500 -10.807
388441.500 130570.500 -10.845
388441.500 130571.500 -10.875
388441.500 130572.500 -10.888
388441.500 130573.500 -10.922
388441.500 130574.500 -10.957
388441.500 130575.500 -11.023
388441.500 130576.500 -11.055
388441.500 130577.500 -11.075
388441.500 130578.500 -11.068
388441.500 130579.500 -11.080
388441.500 130580.500 -11.125
388441.500 130581.500 -11.182
388441.500 130582.500 -11.208
388441.500 130583.500 -11.260
388441.500 130584.500 -11.335
388441.500 130585.500 -11.405
388441.500 130586.500 -11.420
388441.500 130587.500 -11.427
388441.500 130588.500 -11.452
388441.500 130589.500 -11.433
388441.500 130590.500 -11.400
388441.500 130591.500 -11.377
388442.500 130493.500 -10.865
388442.500 130494.500 -10.818
388442.500 130495.500 -10.777
388442.500 130496.500 -10.742
388442.500 130497.500 -10.720
388442.500 130498.500 -10.692
388442.500 130499.500 -10.670
388442.500 130500.500 -10.633
388442.500 130501.500 -10.610
388442.500 130502.500 -10.595
388442.500 130503.500 -10.572
388442.500 130504.500 -10.558
388442.500 130505.500 -10.545
388442.500 130506.500 -10.523
388442.500 130507.500 -10.490
388442.500 130508.500 -10.460
388442.500 130509.500 -10.435
388442.500 130510.500 -10.405
388442.500 130511.500 -10.400
388442.500 130512.500 -10.398
388442.500 130513.500 -10.393
388442.500 130514.500 -10.388
388442.500 130515.500 -10.385
388442.500 130516.500 -10.343
388442.500 130517.500 -10.312
388442.500 130518.500 -10.300
388442.500 130519.500 -10.325
388442.500 130520.500 -10.335
388442.500 130521.500 -10.355
388442.500 130522.500 -10.367
388442.500 130523.500 -10.367
388442.500 130524.500 -10.360
388442.500 130525.500 -10.355
388442.500 130526.500 -10.388
388442.500 130527.500 -10.418
388442.500 130528.500 -10.415
388442.500 130529.500 -10.438
388442.500 130530.500 -10.442
388442.500 130531.500 -10.435
388442.500 130532.500 -10.470
388442.500 130533.500 -10.508
388442.500 130534.500 -10.508
388442.500 130535.500 -10.512
388442.500 130536.500 -10.535
388442.500 130537.500 -10.550
388442.500 130538.500 -10.585
388442.500 130539.500 -10.600
388442.500 130540.500 -10.627
388442.500 130541.500 -10.663
388442.500 130542.500 -10.687
388442.500 130543.500 -10.688
388442.500 130544.500 -10.713
388442.500 130545.500 -10.715
388442.500 130546.500 -10.723
388442.500 130547.500 -10.752
388442.500 130548.500 -10.780
388442.500 130549.500 -10.735
388442.500 130550.500 -10.748
388442.500 130551.500 -10.752
388442.500 130552.500 -10.742
388442.500 130553.500 -10.748
388442.500 130554.500 -10.732
388442.500 130555.500 -10.693
388442.500 130556.500 -10.703
388442.500 130557.500 -10.698
388442.500 130558.500 -10.675
388442.500 130559.500 -10.662
388442.500 130560.500 -10.652
388442.500 130561.500 -10.663
388442.500 130562.500 -10.655
388442.500 130563.500 -10.705
388442.500 130564.500 -10.760
388442.500 130565.500 -10.785
388442.500 130566.500 -10.800
388442.500 130567.500 -10.787
388442.500 130568.500 -10.762
388442.500 130569.500 -10.738
388442.500 130570.500 -10.747
388442.500 130571.500 -10.815
388442.500 130572.500 -10.893
388442.500 130573.500 -10.930
388442.500 130574.500 -10.953
388442.500 130575.500 -11.008
388442.500 130576.500 -11.000
388442.500 130577.500 -11.008
388442.500 130578.500 -11.030
388442.500 130579.500 -11.070
388442.500 130580.500 -11.115
388442.500 130581.500 -11.145
388442.500 130582.500 -11.188
388442.500 130583.500 -11.235
388442.500 130584.500 -11.268
388442.500 130585.500 -11.332
388442.500 130586.500 -11.340
388442.500 130587.500 -11.357
388442.500 130588.500 -11.390
388442.500 130589.500 -11.388
388442.500 130590.500 -11.395
388442.500 130591.500 -11.390
388443.500 130494.500 -10.843
388443.500 130495.500 -10.810
388443.500 130496.500 -10.795
388443.500 130497.500 -10.770
388443.500 130498.500 -10.735
388443.500 130499.500 -10.705
388443.500 130500.500 -10.660
388443.500 130501.500 -10.633
388443.500 130502.500 -10.610
388443.500 130503.500 -10.580
388443.500 130504.500 -10.568
388443.500 130505.500 -10.565
388443.500 130506.500 -10.560
388443.500 130507.500 -10.540
388443.500 130508.500 -10.498
388443.500 130509.500 -10.460
388443.500 130510.500 -10.425
388443.500 130511.500 -10.407
388443.500 130512.500 -10.398
388443.500 130513.500 -10.385
388443.500 130514.500 -10.380
388443.500 130515.500 -10.388
388443.500 130516.500 -10.363
388443.500 130517.500 -10.348
388443.500 130518.500 -10.345
388443.500 130519.500 -10.342
388443.500 130520.500 -10.352
388443.500 130521.500 -10.375
388443.500 130522.500 -10.380
388443.500 130523.500 -10.380
388443.500 130524.500 -10.380
388443.500 130525.500 -10.370
388443.500 130526.500 -10.383
388443.500 130527.500 -10.407
388443.500 130528.500 -10.418
388443.500 130529.500 -10.442
388443.500 130530.500 -10.440
388443.500 130531.500 -10.435
388443.500 130532.500 -10.465
388443.500 130533.500 -10.482
388443.500 130534.500 -10.482
388443.500 130535.500 -10.505
388443.500 130536.500 -10.527
388443.500 130537.500 -10.560
388443.500 130538.500 -10.580
388443.500 130539.500 -10.607
388443.500 130540.500 -10.630
388443.500 130541.500 -10.637
388443.500 130542.500 -10.680
388443.500 130543.500 -10.698
388443.500 130544.500 -10.715
388443.500 130545.500 -10.723
388443.500 130546.500 -10.732
388443.500 130547.500 -10.750
388443.500 130548.500 -10.777
388443.500 130549.500 -10.748
388443.500 130550.500 -10.758
388443.500 130551.500 -10.748
388443.500 130552.500 -10.718
388443.500 130553.500 -10.740
388443.500 130554.500 -10.735
388443.500 130555.500 -10.683
388443.500 130556.500 -10.648
388443.500 130557.500 -10.633
388443.500 130558.500 -10.630
388443.500 130559.500 -10.625
388443.500 130560.500 -10.635
388443.500 130561.500 -10.648
388443.500 130562.500 -10.600
388443.500 130563.500 -10.635
388443.500 130564.500 -10.710
388443.500 130565.500 -10.742
388443.500 130566.500 -10.755
388443.500 130567.500 -10.738
388443.500 130568.500 -10.695
388443.500 130569.500 -10.688
388443.500 130570.500 -10.720
388443.500 130571.500 -10.803
388443.500 130572.500 -10.870
388443.500 130573.500 -10.903
388443.500 130574.500 -10.895
388443.500 130575.500 -10.915
388443.500 130576.500 -10.925
388443.500 130577.500 -10.942
388443.500 130578.500 -11.002
388443.500 130579.500 -11.052
388443.500 130580.500 -11.080
388443.500 130581.500 -11.100
388443.500 130582.500 -11.138
388443.500 130583.500 -11.182
388443.500 130584.500 -11.230
388443.500 130585.500 -11.300
388443.500 130586.500 -11.315
388443.500 130587.500 -11.325
388443.500 130588.500 -11.345
388443.500 130589.500 -11.362
388443.500 130590.500 -11.373
388443.500 130591.500 -11.380
388444.500 130495.500 -10.840
388444.500 130496.500 -10.820
388444.500 130497.500 -10.793
388444.500 130498.500 -10.760
388444.500 130499.500 -10.710
388444.500 130500.500 -10.678
388444.500 130501.500 -10.668
388444.500 130502.500 -10.643
388444.500 130503.500 -10.610
388444.500 130504.500 -10.582
388444.500 130505.500 -10.562
388444.500 130506.500 -10.582
388444.500 130507.500 -10.588
388444.500 130508.500 -10.553
388444.500 130509.500 -10.488
388444.500 130510.500 -10.450
388444.500 130511.500 -10.432
388444.500 130512.500 -10.407
388444.500 130513.500 -10.400
388444.500 130514.500 -10.388
388444.500 130515.500 -10.383
388444.500 130516.500 -10.370
388444.500 130517.500 -10.380
388444.500 130518.500 -10.375
388444.500 130519.500 -10.380
388444.500 130520.500 -10.367
388444.500 130521.500 -10.370
388444.500 130522.500 -10.388
388444.500 130523.500 -10.395
388444.500 130524.500 -10.410
388444.500 130525.500 -10.405
388444.500 130526.500 -10.393
388444.500 130527.500 -10.410
388444.500 130528.500 -10.430
388444.500 130529.500 -10.447
388444.500 130530.500 -10.445
388444.500 130531.500 -10.430
388444.500 130532.500 -10.450
388444.500 130533.500 -10.473
388444.500 130534.500 -10.470
388444.500 130535.500 -10.500
388444.500 130536.500 -10.518
388444.500 130537.500 -10.545
388444.500 130538.500 -10.578
388444.500 130539.500 -10.612
388444.500 130540.500 -10.623
388444.500 130541.500 -10.650
388444.500 130542.500 -10.668
388444.500 130543.500 -10.703
388444.500 130544.500 -10.733
388444.500 130545.500 -10.740
388444.500 130546.500 -10.745
388444.500 130547.500 -10.762
388444.500 130548.500 -10.772
388444.500 130549.500 -10.748
388444.500 130550.500 -10.758
388444.500 130551.500 -10.762
388444.500 130552.500 -10.745
388444.500 130553.500 -10.733
388444.500 130554.500 -10.730
388444.500 130555.500 -10.718
388444.500 130556.500 -10.685
388444.500 130557.500 -10.652
388444.500 130558.500 -10.655
388444.500 130559.500 -10.638
388444.500 130560.500 -10.620
388444.500 130561.500 -10.595
388444.500 130562.500 -10.555
388444.500 130563.500 -10.600
388444.500 130564.500 -10.690
388444.500 130565.500 -10.717
388444.500 130566.500 -10.738
388444.500 130567.500 -10.710
388444.500 130568.500 -10.673
388444.500 130569.500 -10.680
388444.500 130570.500 -10.703
388444.500 130571.500 -10.753
388444.500 130572.500 -10.797
388444.500 130573.500 -10.810
388444.500 130574.500 -10.853
388444.500 130575.500 -10.877
388444.500 130576.500 -10.880
388444.500 130577.500 -10.910
388444.500 130578.500 -10.970
388444.500 130579.500 -11.010
388444.500 130580.500 -11.043
388444.500 130581.500 -11.057
388444.500 130582.500 -11.082
388444.500 130583.500 -11.140
388444.500 130584.500 -11.190
388444.500 130585.500 -11.235
388444.500 130586.500 -11.287
388444.500 130587.500 -11.303
388444.500 130588.500 -11.318
388444.500 130589.500 -11.335
388444.500 130590.500 -11.340
388444.500 130591.500 -11.348
388445.500 130497.500 -10.800
388445.500 130498.500 -10.790
388445.500 130499.500 -10.748
388445.500 130500.500 -10.718
388445.500 130501.500 -10.690
388445.500 130502.500 -10.675
388445.500 130503.500 -10.645
388445.500 130504.500 -10.600
388445.500 130505.500 -10.587
388445.500 130506.500 -10.610
388445.500 130507.500 -10.620
388445.500 130508.500 -10.582
388445.500 130509.500 -10.512
388445.500 130510.500 -10.480
388445.500 130511.500 -10.453
388445.500 130512.500 -10.430
388445.500 130513.500 -10.420
388445.500 130514.500 -10.390
388445.500 130515.500 -10.390
388445.500 130516.500 -10.370
388445.500 130517.500 -10.370
388445.500 130518.500 -10.370
388445.500 130519.500 -10.380
388445.500 130520.500 -10.380
388445.500 130521.500 -10.388
388445.500 130522.500 -10.402
388445.500 130523.500 -10.418
388445.500 130524.500 -10.422
388445.500 130525.500 -10.430
388445.500 130526.500 -10.415
388445.500 130527.500 -10.425
388445.500 130528.500 -10.432
388445.500 130529.500 -10.430
388445.500 130530.500 -10.438
388445.500 130531.500 -10.435
388445.500 130532.500 -10.440
388445.500 130533.500 -10.463
388445.500 130534.500 -10.477
388445.500 130535.500 -10.495
388445.500 130536.500 -10.520
388445.500 130537.500 -10.537
388445.500 130538.500 -10.580
388445.500 130539.500 -10.630
388445.500 130540.500 -10.637
388445.500 130541.500 -10.655
388445.500 130542.500 -10.670
388445.500 130543.500 -10.697
388445.500 130544.500 -10.715
388445.500 130545.500 -10.727
388445.500 130546.500 -10.740
388445.500 130547.500 -10.735
388445.500 130548.500 -10.777
388445.500 130549.500 -10.767
388445.500 130550.500 -10.760
388445.500 130551.500 -10.765
388445.500 130552.500 -10.748
388445.500 130553.500 -10.738
388445.500 130554.500 -10.748
388445.500 130555.500 -10.738
388445.500 130556.500 -10.700
388445.500 130557.500 -10.662
388445.500 130558.500 -10.662
388445.500 130559.500 -10.637
388445.500 130560.500 -10.602
388445.500 130561.500 -10.570
388445.500 130562.500 -10.558
388445.500 130563.500 -10.590
388445.500 130564.500 -10.680
388445.500 130565.500 -10.707
388445.500 130566.500 -10.723
388445.500 130567.500 -10.697
388445.500 130568.500 -10.687
388445.500 130569.500 -10.688
388445.500 130570.500 -10.688
388445.500 130571.500 -10.742
388445.500 130572.500 -10.768
388445.500 130573.500 -10.785
388445.500 130574.500 -10.812
388445.500 130575.500 -10.835
388445.500 130576.500 -10.840
388445.500 130577.500 -10.860
388445.500 130578.500 -10.928
388445.500 130579.500 -10.955
388445.500 130580.500 -11.000
388445.500 130581.500 -11.018
388445.500 130582.500 -11.027
388445.500 130583.500 -11.098
388445.500 130584.500 -11.150
388445.500 130585.500 -11.193
388445.500 130586.500 -11.248
388445.500 130587.500 -11.268
388445.500 130588.500 -11.277
388445.500 130589.500 -11.308
388445.500 130590.500 -11.322
388445.500 130591.500 -11.322
388446.500 130498.500 -10.815
388446.500 130499.500 -10.782
388446.500 130500.500 -10.752
388446.500 130501.500 -10.725
388446.500 130502.500 -10.703
388446.500 130503.500 -10.672
388446.500 130504.500 -10.630
388446.500 130505.500 -10.610
388446.500 130506.500 -10.627
388446.500 130507.500 -10.640
388446.500 130508.500 -10.598
388446.500 130509.500 -10.545
388446.500 130510.500 -10.508
388446.500 130511.500 -10.485
388446.500 130512.500 -10.482
388446.500 130513.500 -10.447
388446.500 130514.500 -10.418
388446.500 130515.500 -10.398
388446.500 130516.500 -10.383
388446.500 130517.500 -10.385
388446.500 130518.500 -10.380
388446.500 130519.500 -10.370
388446.500 130520.500 -10.390
388446.500 130521.500 -10.402
388446.500 130522.500 -10.433
388446.500 130523.500 -10.435
388446.500 130524.500 -10.445
388446.500 130525.500 -10.453
388446.500 130526.500 -10.435
388446.500 130527.500 -10.445
388446.500 130528.500 -10.418
388446.500 130529.500 -10.410
388446.500 130530.500 -10.440
388446.500 130531.500 -10.455
388446.500 130532.500 -10.450
388446.500 130533.500 -10.457
388446.500 130534.500 -10.492
388446.500 130535.500 -10.505
388446.500 130536.500 -10.540
388446.500 130537.500 -10.540
388446.500 130538.500 -10.582
388446.500 130539.500 -10.633
388446.500 130540.500 -10.633
388446.500 130541.500 -10.643
388446.500 130542.500 -10.672
388446.500 130543.500 -10.720
388446.500 130544.500 -10.742
388446.500 130545.500 -10.720
388446.500 130546.500 -10.707
388446.500 130547.500 -10.707
388446.500 130548.500 -10.760
388446.500 130549.500 -10.755
388446.500 130550.500 -10.740
388446.500 130551.500 -10.740
388446.500 130552.500 -10.748
388446.500 130553.500 -10.745
388446.500 130554.500 -10.758
388446.500 130555.500 -10.732
388446.500 130556.500 -10.695
388446.500 130557.500 -10.663
388446.500 130558.500 -10.633
388446.500 130559.500 -10.607
388446.500 130560.500 -10.572
388446.500 130561.500 -10.590
388446.500 130562.500 -10.578
388446.500 130563.500 -10.600
388446.500 130564.500 -10.663
388446.500 130565.500 -10.678
388446.500 130566.500 -10.688
388446.500 130567.500 -10.697
388446.500 130568.500 -10.713
388446.500 130569.500 -10.723
388446.500 130570.500 -10.735
388446.500 130571.500 -10.762
388446.500 130572.500 -10.765
388446.500 130573.500 -10.782
388446.500 130574.500 -10.785
388446.500 130575.500 -10.795
388446.500 130576.500 -10.803
388446.500 130577.500 -10.803
388446.500 130578.500 -10.837
388446.500 130579.500 -10.890
388446.500 130580.500 -10.947
388446.500 130581.500 -10.988
388446.500 130582.500 -10.998
388446.500 130583.500 -11.065
388446.500 130584.500 -11.113
388446.500 130585.500 -11.157
388446.500 130586.500 -11.207
388446.500 130587.500 -11.230
388446.500 130588.500 -11.245
388446.500 130589.500 -11.270
388446.500 130590.500 -11.303
388446.500 130591.500 -11.295
388447.500 130499.500 -10.793
388447.500 130500.500 -10.783
388447.500 130501.500 -10.762
388447.500 130502.500 -10.727
388447.500 130503.500 -10.678
388447.500 130504.500 -10.660
388447.500 130505.500 -10.627
388447.500 130506.500 -10.640
388447.500 130507.500 -10.657
388447.500 130508.500 -10.620
388447.500 130509.500 -10.565
388447.500 130510.500 -10.532
388447.500 130511.500 -10.517
388447.500 130512.500 -10.500
388447.500 130513.500 -10.480
388447.500 130514.500 -10.453
388447.500 130515.500 -10.420
388447.500 130516.500 -10.408
388447.500 130517.500 -10.405
388447.500 130518.500 -10.410
388447.500 130519.500 -10.402
388447.500 130520.500 -10.395
388447.500 130521.500 -10.420
388447.500 130522.500 -10.447
388447.500 130523.500 -10.475
388447.500 130524.500 -10.482
388447.500 130525.500 -10.463
388447.500 130526.500 -10.445
388447.500 130527.500 -10.465
388447.500 130528.500 -10.450
388447.500 130529.500 -10.428
388447.500 130530.500 -10.447
388447.500 130531.500 -10.473
388447.500 130532.500 -10.468
388447.500 130533.500 -10.457
388447.500 130534.500 -10.505
388447.500 130535.500 -10.523
388447.500 130536.500 -10.553
388447.500 130537.500 -10.555
388447.500 130538.500 -10.588
388447.500 130539.500 -10.620
388447.500 130540.500 -10.617
388447.500 130541.500 -10.627
388447.500 130542.500 -10.668
388447.500 130543.500 -10.713
388447.500 130544.500 -10.748
388447.500 130545.500 -10.775
388447.500 130546.500 -10.755
388447.500 130547.500 -10.738
388447.500 130548.500 -10.770
388447.500 130549.500 -10.755
388447.500 130550.500 -10.743
388447.500 130551.500 -10.748
388447.500 130552.500 -10.752
388447.500 130553.500 -10.750
388447.500 130554.500 -10.748
388447.500 130555.500 -10.735
388447.500 130556.500 -10.725
388447.500 130557.500 -10.700
388447.500 130558.500 -10.640
388447.500 130559.500 -10.598
388447.500 130560.500 -10.582
388447.500 130561.500 -10.590
388447.500 130562.500 -10.587
388447.500 130563.500 -10.590
388447.500 130564.500 -10.617
388447.500 130565.500 -10.650
388447.500 130566.500 -10.672
388447.500 130567.500 -10.700
388447.500 130568.500 -10.723
388447.500 130569.500 -10.730
388447.500 130570.500 -10.720
388447.500 130571.500 -10.715
388447.500 130572.500 -10.728
388447.500 130573.500 -10.763
388447.500 130574.500 -10.797
388447.500 130575.500 -10.808
388447.500 130576.500 -10.795
388447.500 130577.500 -10.780
388447.500 130578.500 -10.793
388447.500 130579.500 -10.835
388447.500 130580.500 -10.910
388447.500 130581.500 -10.947
388447.500 130582.500 -10.965
388447.500 130583.500 -11.008
388447.500 130584.500 -11.037
388447.500 130585.500 -11.123
388447.500 130586.500 -11.188
388447.500 130587.500 -11.208
388447.500 130588.500 -11.225
388447.500 130589.500 -11.243
388447.500 130590.500 -11.270
388447.500 130591.500 -11.252
388448.500 130501.500 -10.800
388448.500 130502.500 -10.755
388448.500 130503.500 -10.715
388448.500 130504.500 -10.678
388448.500 130505.500 -10.650
388448.500 130506.500 -10.638
388448.500 130507.500 -10.645
388448.500 130508.500 -10.617
388448.500 130509.500 -10.568
388448.500 130510.500 -10.547
388448.500 130511.500 -10.540
388448.500 130512.500 -10.530
388448.500 130513.500 -10.535
388448.500 130514.500 -10.512
388448.500 130515.500 -10.468
388448.500 130516.500 -10.428
388448.500 130517.500 -10.418
388448.500 130518.500 -10.435
388448.500 130519.500 -10.447
388448.500 130520.500 -10.425
388448.500 130521.500 -10.430
388448.500 130522.500 -10.455
388448.500 130523.500 -10.485
388448.500 130524.500 -10.500
388448.500 130525.500 -10.495
388448.500 130526.500 -10.480
388448.500 130527.500 -10.488
388448.500 130528.500 -10.495
388448.500 130529.500 -10.473
388448.500 130530.500 -10.465
388448.500 130531.500 -10.480
388448.500 130532.500 -10.475
388448.500 130533.500 -10.483
388448.500 130534.500 -10.520
388448.500 130535.500 -10.547
388448.500 130536.500 -10.560
388448.500 130537.500 -10.570
388448.500 130538.500 -10.598
388448.500 130539.500 -10.628
388448.500 130540.500 -10.643
388448.500 130541.500 -10.660
388448.500 130542.500 -10.677
388448.500 130543.500 -10.745
388448.500 130544.500 -10.802
388448.500 130545.500 -10.820
388448.500 130546.500 -10.828
388448.500 130547.500 -10.768
388448.500 130548.500 -10.752
388448.500 130549.500 -10.750
388448.500 130550.500 -10.742
388448.500 130551.500 -10.748
388448.500 130552.500 -10.748
388448.500 130553.500 -10.748
388448.500 130554.500 -10.738
388448.500 130555.500 -10.743
388448.500 130556.500 -10.727
388448.500 130557.500 -10.700
388448.500 130558.500 -10.665
388448.500 130559.500 -10.630
388448.500 130560.500 -10.615
388448.500 130561.500 -10.625
388448.500 130562.500 -10.610
388448.500 130563.500 -10.590
388448.500 130564.500 -10.605
388448.500 130565.500 -10.637
388448.500 130566.500 -10.658
388448.500 130567.500 -10.680
388448.500 130568.500 -10.700
388448.500 130569.500 -10.707
388448.500 130570.500 -10.700
388448.500 130571.500 -10.690
388448.500 130572.500 -10.698
388448.500 130573.500 -10.725
388448.500 130574.500 -10.787
388448.500 130575.500 -10.810
388448.500 130576.500 -10.808
388448.500 130577.500 -10.785
388448.500 130578.500 -10.780
388448.500 130579.500 -10.805
388448.500 130580.500 -10.845
388448.500 130581.500 -10.880
388448.500 130582.500 -10.925
388448.500 130583.500 -10.977
388448.500 130584.500 -11.005
388448.500 130585.500 -11.055
388448.500 130586.500 -11.145
388448.500 130587.500 -11.175
388448.500 130588.500 -11.175
388448.500 130589.500 -11.192
388448.500 130590.500 -11.210
388448.500 130591.500 -11.210
388449.500 130502.500 -10.775
388449.500 130503.500 -10.747
388449.500 130504.500 -10.707
388449.500 130505.500 -10.670
388449.500 130506.500 -10.648
388449.500 130507.500 -10.650
388449.500 130508.500 -10.643
388449.500 130509.500 -10.595
388449.500 130510.500 -10.562
388449.500 130511.500 -10.555
388449.500 130512.500 -10.540
388449.500 130513.500 -10.555
388449.500 130514.500 -10.543
388449.500 130515.500 -10.495
388449.500 130516.500 -10.460
388449.500 130517.500 -10.443
388449.500 130518.500 -10.460
388449.500 130519.500 -10.473
388449.500 130520.500 -10.465
388449.500 130521.500 -10.460
388449.500 130522.500 -10.470
388449.500 130523.500 -10.480
388449.500 130524.500 -10.478
388449.500 130525.500 -10.490
388449.500 130526.500 -10.490
388449.500 130527.500 -10.495
388449.500 130528.500 -10.543
388449.500 130529.500 -10.537
388449.500 130530.500 -10.508
388449.500 130531.500 -10.473
388449.500 130532.500 -10.480
388449.500 130533.500 -10.508
388449.500 130534.500 -10.537
388449.500 130535.500 -10.555
388449.500 130536.500 -10.568
388449.500 130537.500 -10.587
388449.500 130538.500 -10.633
388449.500 130539.500 -10.640
388449.500 130540.500 -10.677
388449.500 130541.500 -10.685
388449.500 130542.500 -10.692
388449.500 130543.500 -10.750
388449.500 130544.500 -10.837
388449.500 130545.500 -10.865
388449.500 130546.500 -10.890
388449.500 130547.500 -10.818
388449.500 130548.500 -10.765
388449.500 130549.500 -10.747
388449.500 130550.500 -10.733
388449.500 130551.500 -10.752
388449.500 130552.500 -10.757
388449.500 130553.500 -10.753
388449.500 130554.500 -10.760
388449.500 130555.500 -10.752
388449.500 130556.500 -10.738
388449.500 130557.500 -10.710
388449.500 130558.500 -10.678
388449.500 130559.500 -10.652
388449.500 130560.500 -10.625
388449.500 130561.500 -10.638
388449.500 130562.500 -10.648
388449.500 130563.500 -10.627
388449.500 130564.500 -10.612
388449.500 130565.500 -10.630
388449.500 130566.500 -10.670
388449.500 130567.500 -10.633
388449.500 130568.500 -10.665
388449.500 130569.500 -10.672
388449.500 130570.500 -10.680
388449.500 130571.500 -10.675
388449.500 130572.500 -10.670
388449.500 130573.500 -10.680
388449.500 130574.500 -10.720
388449.500 130575.500 -10.760
388449.500 130576.500 -10.783
388449.500 130577.500 -10.805
388449.500 130578.500 -10.805
388449.500 130579.500 -10.818
388449.500 130580.500 -10.845
388449.500 130581.500 -10.862
388449.500 130582.500 -10.890
388449.500 130583.500 -10.915
388449.500 130584.500 -10.960
388449.500 130585.500 -10.998
388449.500 130586.500 -11.075
388449.500 130587.500 -11.113
388449.500 130588.500 -11.120
388449.500 130589.500 -11.130
388449.500 130590.500 -11.145
388449.500 130591.500 -11.170
388450.500 130504.500 -10.730
388450.500 130505.500 -10.718
388450.500 130506.500 -10.685
388450.500 130507.500 -10.670
388450.500 130508.500 -10.655
388450.500 130509.500 -10.637
388450.500 130510.500 -10.590
388450.500 130511.500 -10.555
388450.500 130512.500 -10.540
388450.500 130513.500 -10.562
388450.500 130514.500 -10.565
388450.500 130515.500 -10.525
388450.500 130516.500 -10.500
388450.500 130517.500 -10.498
388450.500 130518.500 -10.498
388450.500 130519.500 -10.492
388450.500 130520.500 -10.493
388450.500 130521.500 -10.498
388450.500 130522.500 -10.498
388450.500 130523.500 -10.502
388450.500 130524.500 -10.485
388450.500 130525.500 -10.488
388450.500 130526.500 -10.515
388450.500 130527.500 -10.522
388450.500 130528.500 -10.573
388450.500 130529.500 -10.600
388450.500 130530.500 -10.558
388450.500 130531.500 -10.522
388450.500 130532.500 -10.535
388450.500 130533.500 -10.553
388450.500 130534.500 -10.555
388450.500 130535.500 -10.578
388450.500 130536.500 -10.595
388450.500 130537.500 -10.620
388450.500 130538.500 -10.647
388450.500 130539.500 -10.652
388450.500 130540.500 -10.672
388450.500 130541.500 -10.680
388450.500 130542.500 -10.715
388450.500 130543.500 -10.752
388450.500 130544.500 -10.777
388450.500 130545.500 -10.803
388450.500 130546.500 -10.840
388450.500 130547.500 -10.838
388450.500 130548.500 -10.788
388450.500 130549.500 -10.758
388450.500 130550.500 -10.732
388450.500 130551.500 -10.730
388450.500 130552.500 -10.743
388450.500 130553.500 -10.750
388450.500 130554.500 -10.762
388450.500 130555.500 -10.752
388450.500 130556.500 -10.740
388450.500 130557.500 -10.718
388450.500 130558.500 -10.685
388450.500 130559.500 -10.675
388450.500 130560.500 -10.650
388450.500 130561.500 -10.672
388450.500 130562.500 -10.672
388450.500 130563.500 -10.640
388450.500 130564.500 -10.627
388450.500 130565.500 -10.657
388450.500 130566.500 -10.690
388450.500 130567.500 -10.675
388450.500 130568.500 -10.662
388450.500 130569.500 -10.660
388450.500 130570.500 -10.672
388450.500 130571.500 -10.675
388450.500 130572.500 -10.662
388450.500 130573.500 -10.660
388450.500 130574.500 -10.670
388450.500 130575.500 -10.695
388450.500 130576.500 -10.747
388450.500 130577.500 -10.782
388450.500 130578.500 -10.810
388450.500 130579.500 -10.813
388450.500 130580.500 -10.807
388450.500 130581.500 -10.830
388450.500 130582.500 -10.887
388450.500 130583.500 -10.913
388450.500 130584.500 -10.930
388450.500 130585.500 -10.945
388450.500 130586.500 -10.993
388450.500 130587.500 -11.035
388450.500 130588.500 -11.053
388450.500 130589.500 -11.077
388450.500 130590.500 -11.107
388450.500 130591.500 -11.135
388451.500 130505.500 -10.740
388451.500 130506.500 -10.725
388451.500 130507.500 -10.697
388451.500 130508.500 -10.692
388451.500 130509.500 -10.645
388451.500 130510.500 -10.615
388451.500 130511.500 -10.587
388451.500 130512.500 -10.585
388451.500 130513.500 -10.588
388451.500 130514.500 -10.580
388451.500 130515.500 -10.562
388451.500 130516.500 -10.553
388451.500 130517.500 -10.545
388451.500 130518.500 -10.540
388451.500 130519.500 -10.532
388451.500 130520.500 -10.532
388451.500 130521.500 -10.550
388451.500 130522.500 -10.553
388451.500 130523.500 -10.543
388451.500 130524.500 -10.525
388451.500 130525.500 -10.530
388451.500 130526.500 -10.543
388451.500 130527.500 -10.543
388451.500 130528.500 -10.578
388451.500 130529.500 -10.635
388451.500 130530.500 -10.595
388451.500 130531.500 -10.582
388451.500 130532.500 -10.582
388451.500 130533.500 -10.587
388451.500 130534.500 -10.585
388451.500 130535.500 -10.605
388451.500 130536.500 -10.620
388451.500 130537.500 -10.642
388451.500 130538.500 -10.660
388451.500 130539.500 -10.663
388451.500 130540.500 -10.690
388451.500 130541.500 -10.705
388451.500 130542.500 -10.723
388451.500 130543.500 -10.752
388451.500 130544.500 -10.732
388451.500 130545.500 -10.713
388451.500 130546.500 -10.712
388451.500 130547.500 -10.770
388451.500 130548.500 -10.780
388451.500 130549.500 -10.755
388451.500 130550.500 -10.743
388451.500 130551.500 -10.733
388451.500 130552.500 -10.742
388451.500 130553.500 -10.735
388451.500 130554.500 -10.733
388451.500 130555.500 -10.750
388451.500 130556.500 -10.760
388451.500 130557.500 -10.735
388451.500 130558.500 -10.705
388451.500 130559.500 -10.692
388451.500 130560.500 -10.682
388451.500 130561.500 -10.682
388451.500 130562.500 -10.675
388451.500 130563.500 -10.648
388451.500 130564.500 -10.658
388451.500 130565.500 -10.685
388451.500 130566.500 -10.700
388451.500 130567.500 -10.692
388451.500 130568.500 -10.685
388451.500 130569.500 -10.660
388451.500 130570.500 -10.675
388451.500 130571.500 -10.675
388451.500 130572.500 -10.662
388451.500 130573.500 -10.643
388451.500 130574.500 -10.663
388451.500 130575.500 -10.660
388451.500 130576.500 -10.692
388451.500 130577.500 -10.710
388451.500 130578.500 -10.752
388451.500 130579.500 -10.797
388451.500 130580.500 -10.798
388451.500 130581.500 -10.805
388451.500 130582.500 -10.845
388451.500 130583.500 -10.880
388451.500 130584.500 -10.930
388451.500 130585.500 -10.947
388451.500 130586.500 -10.967
388451.500 130587.500 -10.988
388451.500 130588.500 -11.005
388451.500 130589.500 -11.027
388451.500 130590.500 -11.053
388451.500 130591.500 -11.075
388452.500 130506.500 -10.752
388452.500 130507.500 -10.732
388452.500 130508.500 -10.725
388452.500 130509.500 -10.695
388452.500 130510.500 -10.662
388452.500 130511.500 -10.637
388452.500 130512.500 -10.625
388452.500 130513.500 -10.630
388452.500 130514.500 -10.615
388452.500 130515.500 -10.602
388452.500 130516.500 -10.582
388452.500 130517.500 -10.580
388452.500 130518.500 -10.565
388452.500 130519.500 -10.555
388452.500 130520.500 -10.558
388452.500 130521.500 -10.585
388452.500 130522.500 -10.588
388452.500 130523.500 -10.590
388452.500 130524.500 -10.572
388452.500 130525.500 -10.555
388452.500 130526.500 -10.565
388452.500 130527.500 -10.585
388452.500 130528.500 -10.620
388452.500 130529.500 -10.690
388452.500 130530.500 -10.670
388452.500 130531.500 -10.625
388452.500 130532.500 -10.630
388452.500 130533.500 -10.623
388452.500 130534.500 -10.635
388452.500 130535.500 -10.650
388452.500 130536.500 -10.648
388452.500 130537.500 -10.677
388452.500 130538.500 -10.685
388452.500 130539.500 -10.688
388452.500 130540.500 -10.707
388452.500 130541.500 -10.710
388452.500 130542.500 -10.720
388452.500 130543.500 -10.745
388452.500 130544.500 -10.742
388452.500 130545.500 -10.690
388452.500 130546.500 -10.652
388452.500 130547.500 -10.695
388452.500 130548.500 -10.738
388452.500 130549.500 -10.755
388452.500 130550.500 -10.748
388452.500 130551.500 -10.733
388452.500 130552.500 -10.725
388452.500 130553.500 -10.715
388452.500 130554.500 -10.727
388452.500 130555.500 -10.715
388452.500 130556.500 -10.755
388452.500 130557.500 -10.735
388452.500 130558.500 -10.715
388452.500 130559.500 -10.697
388452.500 130560.500 -10.692
388452.500 130561.500 -10.705
388452.500 130562.500 -10.688
388452.500 130563.500 -10.678
388452.500 130564.500 -10.668
388452.500 130565.500 -10.672
388452.500 130566.500 -10.695
388452.500 130567.500 -10.708
388452.500 130568.500 -10.680
388452.500 130569.500 -10.670
388452.500 130570.500 -10.670
388452.500 130571.500 -10.665
388452.500 130572.500 -10.662
388452.500 130573.500 -10.660
388452.500 130574.500 -10.658
388452.500 130575.500 -10.640
388452.500 130576.500 -10.643
388452.500 130577.500 -10.657
388452.500 130578.500 -10.697
388452.500 130579.500 -10.727
388452.500 130580.500 -10.768
388452.500 130581.500 -10.803
388452.500 130582.500 -10.838
388452.500 130583.500 -10.853
388452.500 130584.500 -10.873
388452.500 130585.500 -10.905
388452.500 130586.500 -10.960
388452.500 130587.500 -10.980
388452.500 130588.500 -10.993
388452.500 130589.500 -11.005
388452.500 130590.500 -10.995
388452.500 130591.500 -11.012
388453.500 130508.500 -10.752
388453.500 130509.500 -10.730
388453.500 130510.500 -10.703
388453.500 130511.500 -10.675
388453.500 130512.500 -10.662
388453.500 130513.500 -10.660
388453.500 130514.500 -10.655
388453.500 130515.500 -10.648
388453.500 130516.500 -10.638
388453.500 130517.500 -10.625
388453.500 130518.500 -10.607
388453.500 130519.500 -10.580
388453.500 130520.500 -10.595
388453.500 130521.500 -10.620
388453.500 130522.500 -10.628
388453.500 130523.500 -10.635
388453.500 130524.500 -10.618
388453.500 130525.500 -10.600
388453.500 130526.500 -10.600
388453.500 130527.500 -10.650
388453.500 130528.500 -10.675
388453.500 130529.500 -10.745
388453.500 130530.500 -10.713
388453.500 130531.500 -10.652
388453.500 130532.500 -10.665
388453.500 130533.500 -10.672
388453.500 130534.500 -10.688
388453.500 130535.500 -10.668
388453.500 130536.500 -10.685
388453.500 130537.500 -10.697
388453.500 130538.500 -10.707
388453.500 130539.500 -10.712
388453.500 130540.500 -10.728
388453.500 130541.500 -10.723
388453.500 130542.500 -10.753
388453.500 130543.500 -10.770
388453.500 130544.500 -10.755
388453.500 130545.500 -10.707
388453.500 130546.500 -10.728
388453.500 130547.500 -10.740
388453.500 130548.500 -10.770
388453.500 130549.500 -10.767
388453.500 130550.500 -10.748
388453.500 130551.500 -10.733
388453.500 130552.500 -10.718
388453.500 130553.500 -10.723
388453.500 130554.500 -10.715
388453.500 130555.500 -10.712
388453.500 130556.500 -10.745
388453.500 130557.500 -10.748
388453.500 130558.500 -10.740
388453.500 130559.500 -10.728
388453.500 130560.500 -10.715
388453.500 130561.500 -10.715
388453.500 130562.500 -10.698
388453.500 130563.500 -10.682
388453.500 130564.500 -10.678
388453.500 130565.500 -10.677
388453.500 130566.500 -10.682
388453.500 130567.500 -10.698
388453.500 130568.500 -10.683
388453.500 130569.500 -10.650
388453.500 130570.500 -10.635
388453.500 130571.500 -10.635
388453.500 130572.500 -10.658
388453.500 130573.500 -10.650
388453.500 130574.500 -10.643
388453.500 130575.500 -10.627
388453.500 130576.500 -10.622
388453.500 130577.500 -10.638
388453.500 130578.500 -10.663
388453.500 130579.500 -10.695
388453.500 130580.500 -10.733
388453.500 130581.500 -10.777
388453.500 130582.500 -10.822
388453.500 130583.500 -10.860
388453.500 130584.500 -10.857
388453.500 130585.500 -10.867
388453.500 130586.500 -10.910
388453.500 130587.500 -10.940
388453.500 130588.500 -10.970
388453.500 130589.500 -10.962
388453.500 130590.500 -10.970
388453.500 130591.500 -11.000
388454.500 130509.500 -10.750
388454.500 130510.500 -10.730
388454.500 130511.500 -10.710
388454.500 130512.500 -10.690
388454.500 130513.500 -10.678
388454.500 130514.500 -10.673
388454.500 130515.500 -10.682
388454.500 130516.500 -10.670
388454.500 130517.500 -10.645
388454.500 130518.500 -10.633
388454.500 130519.500 -10.625
388454.500 130520.500 -10.650
388454.500 130521.500 -10.665
388454.500 130522.500 -10.675
388454.500 130523.500 -10.680
388454.500 130524.500 -10.670
388454.500 130525.500 -10.658
388454.500 130526.500 -10.652
388454.500 130527.500 -10.680
388454.500 130528.500 -10.688
388454.500 130529.500 -10.725
388454.500 130530.500 -10.738
388454.500 130531.500 -10.700
388454.500 130532.500 -10.707
388454.500 130533.500 -10.718
388454.500 130534.500 -10.712
388454.500 130535.500 -10.692
388454.500 130536.500 -10.705
388454.500 130537.500 -10.725
388454.500 130538.500 -10.757
388454.500 130539.500 -10.750
388454.500 130540.500 -10.752
388454.500 130541.500 -10.768
388454.500 130542.500 -10.780
388454.500 130543.500 -10.788
388454.500 130544.500 -10.760
388454.500 130545.500 -10.745
388454.500 130546.500 -10.775
388454.500 130547.500 -10.785
388454.500 130548.500 -10.835
388454.500 130549.500 -10.833
388454.500 130550.500 -10.793
388454.500 130551.500 -10.760
388454.500 130552.500 -10.732
388454.500 130553.500 -10.760
388454.500 130554.500 -10.742
388454.500 130555.500 -10.730
388454.500 130556.500 -10.753
388454.500 130557.500 -10.758
388454.500 130558.500 -10.750
388454.500 130559.500 -10.750
388454.500 130560.500 -10.735
388454.500 130561.500 -10.718
388454.500 130562.500 -10.707
388454.500 130563.500 -10.692
388454.500 130564.500 -10.695
388454.500 130565.500 -10.690
388454.500 130566.500 -10.695
388454.500 130567.500 -10.710
388454.500 130568.500 -10.683
388454.500 130569.500 -10.648
388454.500 130570.500 -10.623
388454.500 130571.500 -10.620
388454.500 130572.500 -10.638
388454.500 130573.500 -10.658
388454.500 130574.500 -10.643
388454.500 130575.500 -10.648
388454.500 130576.500 -10.623
388454.500 130577.500 -10.617
388454.500 130578.500 -10.653
388454.500 130579.500 -10.695
388454.500 130580.500 -10.715
388454.500 130581.500 -10.750
388454.500 130582.500 -10.775
388454.500 130583.500 -10.823
388454.500 130584.500 -10.848
388454.500 130585.500 -10.872
388454.500 130586.500 -10.872
388454.500 130587.500 -10.895
388454.500 130588.500 -10.912
388454.500 130589.500 -10.902
388454.500 130590.500 -10.928
388454.500 130591.500 -10.970
388455.500 130510.500 -10.782
388455.500 130511.500 -10.755
388455.500 130512.500 -10.717
388455.500 130513.500 -10.700
388455.500 130514.500 -10.705
388455.500 130515.500 -10.708
388455.500 130516.500 -10.713
388455.500 130517.500 -10.705
388455.500 130518.500 -10.693
388455.500 130519.500 -10.680
388455.500 130520.500 -10.692
388455.500 130521.500 -10.728
388455.500 130522.500 -10.725
388455.500 130523.500 -10.732
388455.500 130524.500 -10.723
388455.500 130525.500 -10.715
388455.500 130526.500 -10.700
388455.500 130527.500 -10.680
388455.500 130528.500 -10.673
388455.500 130529.500 -10.692
388455.500 130530.500 -10.727
388455.500 130531.500 -10.695
388455.500 130532.500 -10.702
388455.500 130533.500 -10.750
388455.500 130534.500 -10.758
388455.500 130535.500 -10.730
388455.500 130536.500 -10.725
388455.500 130537.500 -10.755
388455.500 130538.500 -10.785
388455.500 130539.500 -10.765
388455.500 130540.500 -10.790
388455.500 130541.500 -10.805
388455.500 130542.500 -10.818
388455.500 130543.500 -10.822
388455.500 130544.500 -10.785
388455.500 130545.500 -10.785
388455.500 130546.500 -10.807
388455.500 130547.500 -10.828
388455.500 130548.500 -10.893
388455.500 130549.500 -10.900
388455.500 130550.500 -10.883
388455.500 130551.500 -10.838
388455.500 130552.500 -10.777
388455.500 130553.500 -10.775
388455.500 130554.500 -10.752
388455.500 130555.500 -10.738
388455.500 130556.500 -10.738
388455.500 130557.500 -10.732
388455.500 130558.500 -10.748
388455.500 130559.500 -10.730
388455.500 130560.500 -10.740
388455.500 130561.500 -10.735
388455.500 130562.500 -10.720
388455.500 130563.500 -10.697
388455.500 130564.500 -10.713
388455.500 130565.500 -10.713
388455.500 130566.500 -10.723
388455.500 130567.500 -10.710
388455.500 130568.500 -10.695
388455.500 130569.500 -10.670
388455.500 130570.500 -10.643
388455.500 130571.500 -10.623
388455.500 130572.500 -10.630
388455.500 130573.500 -10.652
388455.500 130574.500 -10.643
388455.500 130575.500 -10.640
388455.500 130576.500 -10.628
388455.500 130577.500 -10.625
388455.500 130578.500 -10.652
388455.500 130579.500 -10.682
388455.500 130580.500 -10.698
388455.500 130581.500 -10.727
388455.500 130582.500 -10.742
388455.500 130583.500 -10.762
388455.500 130584.500 -10.808
388455.500 130585.500 -10.825
388455.500 130586.500 -10.830
388455.500 130587.500 -10.865
388455.500 130588.500 -10.865
388455.500 130589.500 -10.870
388455.500 130590.500 -10.915
388455.500 130591.500 -10.945
388456.500 130512.500 -10.765
388456.500 130513.500 -10.755
388456.500 130514.500 -10.762
388456.500 130515.500 -10.760
388456.500 130516.500 -10.770
388456.500 130517.500 -10.770
388456.500 130518.500 -10.762
388456.500 130519.500 -10.758
388456.500 130520.500 -10.762
388456.500 130521.500 -10.770
388456.500 130522.500 -10.765
388456.500 130523.500 -10.755
388456.500 130524.500 -10.755
388456.500 130525.500 -10.762
388456.500 130526.500 -10.760
388456.500 130527.500 -10.740
388456.500 130528.500 -10.710
388456.500 130529.500 -10.707
388456.500 130530.500 -10.727
388456.500 130531.500 -10.705
388456.500 130532.500 -10.720
388456.500 130533.500 -10.748
388456.500 130534.500 -10.755
388456.500 130535.500 -10.755
388456.500 130536.500 -10.762
388456.500 130537.500 -10.803
388456.500 130538.500 -10.820
388456.500 130539.500 -10.842
388456.500 130540.500 -10.832
388456.500 130541.500 -10.827
388456.500 130542.500 -10.835
388456.500 130543.500 -10.852
388456.500 130544.500 -10.822
388456.500 130545.500 -10.835
388456.500 130546.500 -10.838
388456.500 130547.500 -10.902
388456.500 130548.500 -10.947
388456.500 130549.500 -10.955
388456.500 130550.500 -10.938
388456.500 130551.500 -10.898
388456.500 130552.500 -10.850
388456.500 130553.500 -10.815
388456.500 130554.500 -10.795
388456.500 130555.500 -10.753
388456.500 130556.500 -10.725
388456.500 130557.500 -10.742
388456.500 130558.500 -10.765
388456.500 130559.500 -10.768
388456.500 130560.500 -10.770
388456.500 130561.500 -10.773
388456.500 130562.500 -10.775
388456.500 130563.500 -10.752
388456.500 130564.500 -10.745
388456.500 130565.500 -10.752
388456.500 130566.500 -10.750
388456.500 130567.500 -10.725
388456.500 130568.500 -10.707
388456.500 130569.500 -10.678
388456.500 130570.500 -10.645
388456.500 130571.500 -10.617
388456.500 130572.500 -10.620
388456.500 130573.500 -10.633
388456.500 130574.500 -10.633
388456.500 130575.500 -10.633
388456.500 130576.500 -10.638
388456.500 130577.500 -10.635
388456.500 130578.500 -10.645
388456.500 130579.500 -10.660
388456.500 130580.500 -10.685
388456.500 130581.500 -10.705
388456.500 130582.500 -10.717
388456.500 130583.500 -10.740
388456.500 130584.500 -10.765
388456.500 130585.500 -10.787
388456.500 130586.500 -10.805
388456.500 130587.500 -10.837
388456.500 130588.500 -10.853
388456.500 130589.500 -10.850
388456.500 130590.500 -10.875
388456.500 130591.500 -10.898
388457.500 130513.500 -10.825
388457.500 130514.500 -10.828
388457.500 130515.500 -10.828
388457.500 130516.500 -10.815
388457.500 130517.500 -10.820
388457.500 130518.500 -10.822
388457.500 130519.500 -10.828
388457.500 130520.500 -10.812
388457.500 130521.500 -10.800
388457.500 130522.500 -10.797
388457.500 130523.500 -10.787
388457.500 130524.500 -10.795
388457.500 130525.500 -10.815
388457.500 130526.500 -10.812
388457.500 130527.500 -10.800
388457.500 130528.500 -10.795
388457.500 130529.500 -10.762
388457.500 130530.500 -10.747
388457.500 130531.500 -10.755
388457.500 130532.500 -10.765
388457.500 130533.500 -10.787
388457.500 130534.500 -10.797
388457.500 130535.500 -10.808
388457.500 130536.500 -10.825
388457.500 130537.500 -10.870
388457.500 130538.500 -10.893
388457.500 130539.500 -10.905
388457.500 130540.500 -10.890
388457.500 130541.500 -10.857
388457.500 130542.500 -10.855
388457.500 130543.500 -10.843
388457.500 130544.500 -10.852
388457.500 130545.500 -10.845
388457.500 130546.500 -10.883
388457.500 130547.500 -10.947
388457.500 130548.500 -10.973
388457.500 130549.500 -10.983
388457.500 130550.500 -10.957
388457.500 130551.500 -10.938
388457.500 130552.500 -10.910
388457.500 130553.500 -10.877
388457.500 130554.500 -10.857
388457.500 130555.500 -10.825
388457.500 130556.500 -10.765
388457.500 130557.500 -10.775
388457.500 130558.500 -10.800
388457.500 130559.500 -10.810
388457.500 130560.500 -10.815
388457.500 130561.500 -10.808
388457.500 130562.500 -10.782
388457.500 130563.500 -10.768
388457.500 130564.500 -10.777
388457.500 130565.500 -10.790
388457.500 130566.500 -10.770
388457.500 130567.500 -10.738
388457.500 130568.500 -10.728
388457.500 130569.500 -10.700
388457.500 130570.500 -10.655
388457.500 130571.500 -10.640
388457.500 130572.500 -10.643
388457.500 130573.500 -10.648
388457.500 130574.500 -10.643
388457.500 130575.500 -10.645
388457.500 130576.500 -10.640
388457.500 130577.500 -10.635
388457.500 130578.500 -10.652
388457.500 130579.500 -10.650
388457.500 130580.500 -10.677
388457.500 130581.500 -10.700
388457.500 130582.500 -10.697
388457.500 130583.500 -10.718
388457.500 130584.500 -10.745
388457.500 130585.500 -10.785
388457.500 130586.500 -10.820
388457.500 130587.500 -10.835
388457.500 130588.500 -10.835
388457.500 130589.500 -10.845
388457.500 130590.500 -10.865
388457.500 130591.500 -10.875
388458.500 130515.500 -10.877
388458.500 130516.500 -10.885
388458.500 130517.500 -10.882
388458.500 130518.500 -10.873
388458.500 130519.500 -10.883
388458.500 130520.500 -10.883
388458.500 130521.500 -10.875
388458.500 130522.500 -10.865
388458.500 130523.500 -10.845
388458.500 130524.500 -10.857
388458.500 130525.500 -10.870
388458.500 130526.500 -10.870
388458.500 130527.500 -10.850
388458.500 130528.500 -10.852
388458.500 130529.500 -10.835
388458.500 130530.500 -10.820
388458.500 130531.500 -10.812
388458.500 130532.500 -10.803
388458.500 130533.500 -10.845
388458.500 130534.500 -10.877
388458.500 130535.500 -10.895
388458.500 130536.500 -10.922
388458.500 130537.500 -10.947
388458.500 130538.500 -10.952
388458.500 130539.500 -10.947
388458.500 130540.500 -10.910
388458.500 130541.500 -10.862
388458.500 130542.500 -10.868
388458.500 130543.500 -10.873
388458.500 130544.500 -10.895
388458.500 130545.500 -10.885
388458.500 130546.500 -10.925
388458.500 130547.500 -10.980
388458.500 130548.500 -10.992
388458.500 130549.500 -10.997
388458.500 130550.500 -10.998
388458.500 130551.500 -11.002
388458.500 130552.500 -10.975
388458.500 130553.500 -10.947
388458.500 130554.500 -10.922
388458.500 130555.500 -10.890
388458.500 130556.500 -10.837
388458.500 130557.500 -10.830
388458.500 130558.500 -10.833
388458.500 130559.500 -10.835
388458.500 130560.500 -10.845
388458.500 130561.500 -10.828
388458.500 130562.500 -10.800
388458.500 130563.500 -10.788
388458.500 130564.500 -10.815
388458.500 130565.500 -10.790
388458.500 130566.500 -10.783
388458.500 130567.500 -10.770
388458.500 130568.500 -10.743
388458.500 130569.500 -10.707
388458.500 130570.500 -10.692
388458.500 130571.500 -10.675
388458.500 130572.500 -10.680
388458.500 130573.500 -10.665
388458.500 130574.500 -10.643
388458.500 130575.500 -10.637
388458.500 130576.500 -10.643
388458.500 130577.500 -10.633
388458.500 130578.500 -10.643
388458.500 130579.500 -10.668
388458.500 130580.500 -10.682
388458.500 130581.500 -10.685
388458.500 130582.500 -10.685
388458.500 130583.500 -10.690
388458.500 130584.500 -10.715
388458.500 130585.500 -10.773
388458.500 130586.500 -10.808
388458.500 130587.500 -10.820
388458.500 130588.500 -10.818
388458.500 130589.500 -10.830
388458.500 130590.500 -10.828
388458.500 130591.500 -10.848
388459.500 130516.500 -10.973
388459.500 130517.500 -10.957
388459.500 130518.500 -10.957
388459.500 130519.500 -10.950
388459.500 130520.500 -10.938
388459.500 130521.500 -10.942
388459.500 130522.500 -10.958
388459.500 130523.500 -10.960
388459.500 130524.500 -10.940
388459.500 130525.500 -10.925
388459.500 130526.500 -10.928
388459.500 130527.500 -10.915
388459.500 130528.500 -10.898
388459.500 130529.500 -10.893
388459.500 130530.500 -10.880
388459.500 130531.500 -10.880
388459.500 130532.500 -10.870
388459.500 130533.500 -10.922
388459.500 130534.500 -10.945
388459.500 130535.500 -10.957
388459.500 130536.500 -10.982
388459.500 130537.500 -11.008
388459.500 130538.500 -11.015
388459.500 130539.500 -11.008
388459.500 130540.500 -10.980
388459.500 130541.500 -10.953
388459.500 130542.500 -10.953
388459.500 130543.500 -10.960
388459.500 130544.500 -10.968
388459.500 130545.500 -10.943
388459.500 130546.500 -10.988
388459.500 130547.500 -11.025
388459.500 130548.500 -11.030
388459.500 130549.500 -11.047
388459.500 130550.500 -11.065
388459.500 130551.500 -11.045
388459.500 130552.500 -11.033
388459.500 130553.500 -10.997
388459.500 130554.500 -10.968
388459.500 130555.500 -10.945
388459.500 130556.500 -10.893
388459.500 130557.500 -10.877
388459.500 130558.500 -10.875
388459.500 130559.500 -10.860
388459.500 130560.500 -10.865
388459.500 130561.500 -10.845
388459.500 130562.500 -10.820
388459.500 130563.500 -10.830
388459.500 130564.500 -10.850
388459.500 130565.500 -10.815
388459.500 130566.500 -10.800
388459.500 130567.500 -10.775
388459.500 130568.500 -10.752
388459.500 130569.500 -10.725
388459.500 130570.500 -10.715
388459.500 130571.500 -10.695
388459.500 130572.500 -10.692
388459.500 130573.500 -10.690
388459.500 130574.500 -10.665
388459.500 130575.500 -10.655
388459.500 130576.500 -10.645
388459.500 130577.500 -10.638
388459.500 130578.500 -10.640
388459.500 130579.500 -10.652
388459.500 130580.500 -10.655
388459.500 130581.500 -10.658
388459.500 130582.500 -10.665
388459.500 130583.500 -10.685
388459.500 130584.500 -10.715
388459.500 130585.500 -10.755
388459.500 130586.500 -10.777
388459.500 130587.500 -10.800
388459.500 130588.500 -10.815
388459.500 130589.500 -10.840
388459.500 130590.500 -10.845
388459.500 130591.500 -10.832
388460.500 130517.500 -11.022
388460.500 130518.500 -11.022
388460.500 130519.500 -11.008
388460.500 130520.500 -11.003
388460.500 130521.500 -11.015
388460.500 130522.500 -11.043
388460.500 130523.500 -11.050
388460.500 130524.500 -11.032
388460.500 130525.500 -11.005
388460.500 130526.500 -10.988
388460.500 130527.500 -10.980
388460.500 130528.500 -10.973
388460.500 130529.500 -10.955
388460.500 130530.500 -10.925
388460.500 130531.500 -10.950
388460.500 130532.500 -10.950
388460.500 130533.500 -10.980
388460.500 130534.500 -11.015
388460.500 130535.500 -11.030
388460.500 130536.500 -11.053
388460.500 130537.500 -11.075
388460.500 130538.500 -11.105
388460.500 130539.500 -11.127
388460.500 130540.500 -11.098
388460.500 130541.500 -11.045
388460.500 130542.500 -11.040
388460.500 130543.500 -11.060
388460.500 130544.500 -11.035
388460.500 130545.500 -11.018
388460.500 130546.500 -11.062
388460.500 130547.500 -11.080
388460.500 130548.500 -11.068
388460.500 130549.500 -11.083
388460.500 130550.500 -11.120
388460.500 130551.500 -11.102
388460.500 130552.500 -11.078
388460.500 130553.500 -11.037
388460.500 130554.500 -11.015
388460.500 130555.500 -10.995
388460.500 130556.500 -10.965
388460.500 130557.500 -10.932
388460.500 130558.500 -10.910
388460.500 130559.500 -10.905
388460.500 130560.500 -10.900
388460.500 130561.500 -10.890
388460.500 130562.500 -10.862
388460.500 130563.500 -10.875
388460.500 130564.500 -10.880
388460.500 130565.500 -10.850
388460.500 130566.500 -10.837
388460.500 130567.500 -10.818
388460.500 130568.500 -10.777
388460.500 130569.500 -10.748
388460.500 130570.500 -10.740
388460.500 130571.500 -10.720
388460.500 130572.500 -10.700
388460.500 130573.500 -10.692
388460.500 130574.500 -10.668
388460.500 130575.500 -10.662
388460.500 130576.500 -10.648
388460.500 130577.500 -10.638
388460.500 130578.500 -10.627
388460.500 130579.500 -10.630
388460.500 130580.500 -10.620
388460.500 130581.500 -10.630
388460.500 130582.500 -10.655
388460.500 130583.500 -10.675
388460.500 130584.500 -10.697
388460.500 130585.500 -10.725
388460.500 130586.500 -10.755
388460.500 130587.500 -10.785
388460.500 130588.500 -10.790
388460.500 130589.500 -10.808
388460.500 130590.500 -10.822
388460.500 130591.500 -10.835
388461.500 130519.500 -11.095
388461.500 130520.500 -11.097
388461.500 130521.500 -11.098
388461.500 130522.500 -11.113
388461.500 130523.500 -11.120
388461.500 130524.500 -11.117
388461.500 130525.500 -11.110
388461.500 130526.500 -11.075
388461.500 130527.500 -11.060
388461.500 130528.500 -11.050
388461.500 130529.500 -11.040
388461.500 130530.500 -11.033
388461.500 130531.500 -11.058
388461.500 130532.500 -11.065
388461.500 130533.500 -11.085
388461.500 130534.500 -11.095
388461.500 130535.500 -11.085
388461.500 130536.500 -11.100
388461.500 130537.500 -11.135
388461.500 130538.500 -11.183
388461.500 130539.500 -11.190
388461.500 130540.500 -11.152
388461.500 130541.500 -11.117
388461.500 130542.500 -11.143
388461.500 130543.500 -11.145
388461.500 130544.500 -11.110
388461.500 130545.500 -11.108
388461.500 130546.500 -11.150
388461.500 130547.500 -11.140
388461.500 130548.500 -11.110
388461.500 130549.500 -11.115
388461.500 130550.500 -11.155
388461.500 130551.500 -11.148
388461.500 130552.500 -11.120
388461.500 130553.500 -11.098
388461.500 130554.500 -11.082
388461.500 130555.500 -11.050
388461.500 130556.500 -11.023
388461.500 130557.500 -10.990
388461.500 130558.500 -10.960
388461.500 130559.500 -10.938
388461.500 130560.500 -10.942
388461.500 130561.500 -10.928
388461.500 130562.500 -10.895
388461.500 130563.500 -10.893
388461.500 130564.500 -10.888
388461.500 130565.500 -10.875
388461.500 130566.500 -10.867
388461.500 130567.500 -10.848
388461.500 130568.500 -10.797
388461.500 130569.500 -10.767
388461.500 130570.500 -10.733
388461.500 130571.500 -10.725
388461.500 130572.500 -10.710
388461.500 130573.500 -10.703
388461.500 130574.500 -10.673
388461.500 130575.500 -10.680
388461.500 130576.500 -10.662
388461.500 130577.500 -10.645
388461.500 130578.500 -10.607
388461.500 130579.500 -10.607
388461.500 130580.500 -10.607
388461.500 130581.500 -10.625
388461.500 130582.500 -10.652
388461.500 130583.500 -10.665
388461.500 130584.500 -10.678
388461.500 130585.500 -10.703
388461.500 130586.500 -10.748
388461.500 130587.500 -10.775
388461.500 130588.500 -10.787
388461.500 130589.500 -10.785
388461.500 130590.500 -10.810
388461.500 130591.500 -10.828
388462.500 130520.500 -11.170
388462.500 130521.500 -11.168
388462.500 130522.500 -11.185
388462.500 130523.500 -11.200
388462.500 130524.500 -11.197
388462.500 130525.500 -11.190
388462.500 130526.500 -11.180
388462.500 130527.500 -11.160
388462.500 130528.500 -11.127
388462.500 130529.500 -11.133
388462.500 130530.500 -11.130
388462.500 130531.500 -11.152
388462.500 130532.500 -11.180
388462.500 130533.500 -11.180
388462.500 130534.500 -11.165
388462.500 130535.500 -11.155
388462.500 130536.500 -11.162
388462.500 130537.500 -11.195
388462.500 130538.500 -11.227
388462.500 130539.500 -11.245
388462.500 130540.500 -11.230
388462.500 130541.500 -11.240
388462.500 130542.500 -11.252
388462.500 130543.500 -11.250
388462.500 130544.500 -11.227
388462.500 130545.500 -11.220
388462.500 130546.500 -11.232
388462.500 130547.500 -11.212
388462.500 130548.500 -11.178
388462.500 130549.500 -11.168
388462.500 130550.500 -11.197
388462.500 130551.500 -11.193
388462.500 130552.500 -11.165
388462.500 130553.500 -11.125
388462.500 130554.500 -11.122
388462.500 130555.500 -11.098
388462.500 130556.500 -11.068
388462.500 130557.500 -11.043
388462.500 130558.500 -11.008
388462.500 130559.500 -10.988
388462.500 130560.500 -10.985
388462.500 130561.500 -10.955
388462.500 130562.500 -10.938
388462.500 130563.500 -10.922
388462.500 130564.500 -10.918
388462.500 130565.500 -10.907
388462.500 130566.500 -10.893
388462.500 130567.500 -10.873
388462.500 130568.500 -10.815
388462.500 130569.500 -10.782
388462.500 130570.500 -10.752
388462.500 130571.500 -10.740
388462.500 130572.500 -10.707
388462.500 130573.500 -10.682
388462.500 130574.500 -10.673
388462.500 130575.500 -10.678
388462.500 130576.500 -10.675
388462.500 130577.500 -10.635
388462.500 130578.500 -10.605
388462.500 130579.500 -10.585
388462.500 130580.500 -10.602
388462.500 130581.500 -10.625
388462.500 130582.500 -10.650
388462.500 130583.500 -10.665
388462.500 130584.500 -10.673
388462.500 130585.500 -10.675
388462.500 130586.500 -10.718
388462.500 130587.500 -10.745
388462.500 130588.500 -10.765
388462.500 130589.500 -10.770
388462.500 130590.500 -10.797
388462.500 130591.500 -10.815
388463.500 130521.500 -11.245
388463.500 130522.500 -11.258
388463.500 130523.500 -11.258
388463.500 130524.500 -11.260
388463.500 130525.500 -11.250
388463.500 130526.500 -11.260
388463.500 130527.500 -11.265
388463.500 130528.500 -11.242
388463.500 130529.500 -11.232
388463.500 130530.500 -11.232
388463.500 130531.500 -11.253
388463.500 130532.500 -11.292
388463.500 130533.500 -11.288
388463.500 130534.500 -11.250
388463.500 130535.500 -11.230
388463.500 130536.500 -11.232
388463.500 130537.500 -11.258
388463.500 130538.500 -11.317
388463.500 130539.500 -11.360
388463.500 130540.500 -11.385
388463.500 130541.500 -11.393
388463.500 130542.500 -11.380
388463.500 130543.500 -11.360
388463.500 130544.500 -11.360
388463.500 130545.500 -11.362
388463.500 130546.500 -11.342
388463.500 130547.500 -11.310
388463.500 130548.500 -11.283
388463.500 130549.500 -11.255
388463.500 130550.500 -11.290
388463.500 130551.500 -11.283
388463.500 130552.500 -11.240
388463.500 130553.500 -11.198
388463.500 130554.500 -11.165
388463.500 130555.500 -11.133
388463.500 130556.500 -11.112
388463.500 130557.500 -11.095
388463.500 130558.500 -11.047
388463.500 130559.500 -11.022
388463.500 130560.500 -11.015
388463.500 130561.500 -10.992
388463.500 130562.500 -10.992
388463.500 130563.500 -10.975
388463.500 130564.500 -10.952
388463.500 130565.500 -10.928
388463.500 130566.500 -10.898
388463.500 130567.500 -10.873
388463.500 130568.500 -10.843
388463.500 130569.500 -10.785
388463.500 130570.500 -10.748
388463.500 130571.500 -10.743
388463.500 130572.500 -10.703
388463.500 130573.500 -10.682
388463.500 130574.500 -10.688
388463.500 130575.500 -10.685
388463.500 130576.500 -10.670
388463.500 130577.500 -10.625
388463.500 130578.500 -10.595
388463.500 130579.500 -10.572
388463.500 130580.500 -10.585
388463.500 130581.500 -10.605
388463.500 130582.500 -10.622
388463.500 130583.500 -10.640
388463.500 130584.500 -10.675
388463.500 130585.500 -10.678
388463.500 130586.500 -10.705
388463.500 130587.500 -10.728
388463.500 130588.500 -10.758
388463.500 130589.500 -10.755
388463.500 130590.500 -10.770
388463.500 130591.500 -10.777
388464.500 130523.500 -11.332
388464.500 130524.500 -11.325
388464.500 130525.500 -11.325
388464.500 130526.500 -11.355
388464.500 130527.500 -11.365
388464.500 130528.500 -11.345
388464.500 130529.500 -11.343
388464.500 130530.500 -11.343
388464.500 130531.500 -11.363
388464.500 130532.500 -11.393
388464.500 130533.500 -11.400
388464.500 130534.500 -11.382
388464.500 130535.500 -11.370
388464.500 130536.500 -11.390
388464.500 130537.500 -11.407
388464.500 130538.500 -11.455
388464.500 130539.500 -11.518
388464.500 130540.500 -11.542
388464.500 130541.500 -11.547
388464.500 130542.500 -11.545
388464.500 130543.500 -11.487
388464.500 130544.500 -11.492
388464.500 130545.500 -11.495
388464.500 130546.500 -11.485
388464.500 130547.500 -11.453
388464.500 130548.500 -11.395
388464.500 130549.500 -11.370
388464.500 130550.500 -11.387
388464.500 130551.500 -11.370
388464.500 130552.500 -11.322
388464.500 130553.500 -11.267
388464.500 130554.500 -11.210
388464.500 130555.500 -11.182
388464.500 130556.500 -11.160
388464.500 130557.500 -11.135
388464.500 130558.500 -11.105
388464.500 130559.500 -11.080
388464.500 130560.500 -11.047
388464.500 130561.500 -11.030
388464.500 130562.500 -11.015
388464.500 130563.500 -10.995
388464.500 130564.500 -10.965
388464.500 130565.500 -10.955
388464.500 130566.500 -10.930
388464.500 130567.500 -10.893
388464.500 130568.500 -10.860
388464.500 130569.500 -10.800
388464.500 130570.500 -10.770
388464.500 130571.500 -10.748
388464.500 130572.500 -10.720
388464.500 130573.500 -10.690
388464.500 130574.500 -10.680
388464.500 130575.500 -10.682
388464.500 130576.500 -10.665
388464.500 130577.500 -10.630
388464.500 130578.500 -10.612
388464.500 130579.500 -10.585
388464.500 130580.500 -10.570
388464.500 130581.500 -10.588
388464.500 130582.500 -10.598
388464.500 130583.500 -10.625
388464.500 130584.500 -10.668
388464.500 130585.500 -10.668
388464.500 130586.500 -10.692
388464.500 130587.500 -10.715
388464.500 130588.500 -10.730
388464.500 130589.500 -10.750
388464.500 130590.500 -10.762
388464.500 130591.500 -10.775
388465.500 130524.500 -11.387
388465.500 130525.500 -11.400
388465.500 130526.500 -11.402
388465.500 130527.500 -11.443
388465.500 130528.500 -11.455
388465.500 130529.500 -11.447
388465.500 130530.500 -11.470
388465.500 130531.500 -11.477
388465.500 130532.500 -11.485
388465.500 130533.500 -11.523
388465.500 130534.500 -11.508
388465.500 130535.500 -11.473
388465.500 130536.500 -11.508
388465.500 130537.500 -11.590
388465.500 130538.500 -11.680
388465.500 130539.500 -11.725
388465.500 130540.500 -11.742
388465.500 130541.500 -11.703
388465.500 130542.500 -11.648
388465.500 130543.500 -11.572
388465.500 130544.500 -11.605
388465.500 130545.500 -11.597
388465.500 130546.500 -11.592
388465.500 130547.500 -11.570
388465.500 130548.500 -11.533
388465.500 130549.500 -11.503
388465.500 130550.500 -11.482
388465.500 130551.500 -11.453
388465.500 130552.500 -11.408
388465.500 130553.500 -11.333
388465.500 130554.500 -11.262
388465.500 130555.500 -11.213
388465.500 130556.500 -11.190
388465.500 130557.500 -11.180
388465.500 130558.500 -11.150
388465.500 130559.500 -11.120
388465.500 130560.500 -11.093
388465.500 130561.500 -11.052
388465.500 130562.500 -11.027
388465.500 130563.500 -11.015
388465.500 130564.500 -10.993
388465.500 130565.500 -10.970
388465.500 130566.500 -10.935
388465.500 130567.500 -10.915
388465.500 130568.500 -10.888
388465.500 130569.500 -10.817
388465.500 130570.500 -10.763
388465.500 130571.500 -10.748
388465.500 130572.500 -10.723
388465.500 130573.500 -10.688
388465.500 130574.500 -10.670
388465.500 130575.500 -10.665
388465.500 130576.500 -10.660
388465.500 130577.500 -10.635
388465.500 130578.500 -10.602
388465.500 130579.500 -10.578
388465.500 130580.500 -10.578
388465.500 130581.500 -10.588
388465.500 130582.500 -10.607
388465.500 130583.500 -10.633
388465.500 130584.500 -10.658
388465.500 130585.500 -10.670
388465.500 130586.500 -10.692
388465.500 130587.500 -10.710
388465.500 130588.500 -10.733
388465.500 130589.500 -10.743
388465.500 130590.500 -10.765
388465.500 130591.500 -10.775
388466.500 130526.500 -11.453
388466.500 130527.500 -11.478
388466.500 130528.500 -11.492
388466.500 130529.500 -11.502
388466.500 130530.500 -11.530
388466.500 130531.500 -11.568
388466.500 130532.500 -11.560
388466.500 130533.500 -11.565
388466.500 130534.500 -11.572
388466.500 130535.500 -11.568
388466.500 130536.500 -11.590
388466.500 130537.500 -11.695
388466.500 130538.500 -11.773
388466.500 130539.500 -11.855
388466.500 130540.500 -11.927
388466.500 130541.500 -11.883
388466.500 130542.500 -11.765
388466.500 130543.500 -11.708
388466.500 130544.500 -11.717
388466.500 130545.500 -11.705
388466.500 130546.500 -11.683
388466.500 130547.500 -11.662
388466.500 130548.500 -11.640
388466.500 130549.500 -11.618
388466.500 130550.500 -11.603
388466.500 130551.500 -11.570
388466.500 130552.500 -11.493
388466.500 130553.500 -11.402
388466.500 130554.500 -11.332
388466.500 130555.500 -11.255
388466.500 130556.500 -11.240
388466.500 130557.500 -11.215
388466.500 130558.500 -11.185
388466.500 130559.500 -11.150
388466.500 130560.500 -11.110
388466.500 130561.500 -11.072
388466.500 130562.500 -11.060
388466.500 130563.500 -11.027
388466.500 130564.500 -11.000
388466.500 130565.500 -10.977
388466.500 130566.500 -10.962
388466.500 130567.500 -10.935
388466.500 130568.500 -10.902
388466.500 130569.500 -10.832
388466.500 130570.500 -10.775
388466.500 130571.500 -10.748
388466.500 130572.500 -10.733
388466.500 130573.500 -10.700
388466.500 130574.500 -10.688
388466.500 130575.500 -10.685
388466.500 130576.500 -10.650
388466.500 130577.500 -10.617
388466.500 130578.500 -10.590
388466.500 130579.500 -10.582
388466.500 130580.500 -10.580
388466.500 130581.500 -10.592
388466.500 130582.500 -10.605
388466.500 130583.500 -10.635
388466.500 130584.500 -10.670
388466.500 130585.500 -10.678
388466.500 130586.500 -10.695
388466.500 130587.500 -10.707
388466.500 130588.500 -10.732
388466.500 130589.500 -10.738
388466.500 130590.500 -10.750
388466.500 130591.500 -10.765
388467.500 130527.500 -11.490
388467.500 130528.500 -11.522
388467.500 130529.500 -11.558
388467.500 130530.500 -11.588
388467.500 130531.500 -11.617
388467.500 130532.500 -11.640
388467.500 130533.500 -11.623
388467.500 130534.500 -11.627
388467.500 130535.500 -11.650
388467.500 130536.500 -11.700
388467.500 130537.500 -11.762
388467.500 130538.500 -11.777
388467.500 130539.500 -11.870
388467.500 130540.500 -11.965
388467.500 130541.500 -11.928
388467.500 130542.500 -11.848
388467.500 130543.500 -11.825
388467.500 130544.500 -11.810
388467.500 130545.500 -11.798
388467.500 130546.500 -11.770
388467.500 130547.500 -11.760
388467.500 130548.500 -11.730
388467.500 130549.500 -11.700
388467.500 130550.500 -11.690
388467.500 130551.500 -11.635
388467.500 130552.500 -11.543
388467.500 130553.500 -11.477
388467.500 130554.500 -11.407
388467.500 130555.500 -11.322
388467.500 130556.500 -11.273
388467.500 130557.500 -11.243
388467.500 130558.500 -11.195
388467.500 130559.500 -11.152
388467.500 130560.500 -11.132
388467.500 130561.500 -11.100
388467.500 130562.500 -11.092
388467.500 130563.500 -11.053
388467.500 130564.500 -11.017
388467.500 130565.500 -10.988
388467.500 130566.500 -10.978
388467.500 130567.500 -10.955
388467.500 130568.500 -10.915
388467.500 130569.500 -10.860
388467.500 130570.500 -10.797
388467.500 130571.500 -10.757
388467.500 130572.500 -10.750
388467.500 130573.500 -10.713
388467.500 130574.500 -10.700
388467.500 130575.500 -10.675
388467.500 130576.500 -10.640
388467.500 130577.500 -10.602
388467.500 130578.500 -10.572
388467.500 130579.500 -10.555
388467.500 130580.500 -10.572
388467.500 130581.500 -10.610
388467.500 130582.500 -10.623
388467.500 130583.500 -10.650
388467.500 130584.500 -10.678
388467.500 130585.500 -10.660
388467.500 130586.500 -10.680
388467.500 130587.500 -10.700
388467.500 130588.500 -10.710
388467.500 130589.500 -10.735
388467.500 130590.500 -10.735
388467.500 130591.500 -10.752
388468.500 130528.500 -11.573
388468.500 130529.500 -11.602
388468.500 130530.500 -11.625
388468.500 130531.500 -11.660
388468.500 130532.500 -11.692
388468.500 130533.500 -11.685
388468.500 130534.500 -11.693
388468.500 130535.500 -11.753
388468.500 130536.500 -11.817
388468.500 130537.500 -11.822
388468.500 130538.500 -11.805
388468.500 130539.500 -11.867
388468.500 130540.500 -11.910
388468.500 130541.500 -11.905
388468.500 130542.500 -11.893
388468.500 130543.500 -11.893
388468.500 130544.500 -11.873
388468.500 130545.500 -11.867
388468.500 130546.500 -11.847
388468.500 130547.500 -11.840
388468.500 130548.500 -11.812
388468.500 130549.500 -11.787
388468.500 130550.500 -11.752
388468.500 130551.500 -11.703
388468.500 130552.500 -11.625
388468.500 130553.500 -11.545
388468.500 130554.500 -11.477
388468.500 130555.500 -11.388
388468.500 130556.500 -11.320
388468.500 130557.500 -11.265
388468.500 130558.500 -11.197
388468.500 130559.500 -11.168
388468.500 130560.500 -11.150
388468.500 130561.500 -11.120
388468.500 130562.500 -11.112
388468.500 130563.500 -11.075
388468.500 130564.500 -11.043
388468.500 130565.500 -11.012
388468.500 130566.500 -11.000
388468.500 130567.500 -10.968
388468.500 130568.500 -10.920
388468.500 130569.500 -10.865
388468.500 130570.500 -10.797
388468.500 130571.500 -10.770
388468.500 130572.500 -10.752
388468.500 130573.500 -10.720
388468.500 130574.500 -10.685
388468.500 130575.500 -10.678
388468.500 130576.500 -10.673
388468.500 130577.500 -10.615
388468.500 130578.500 -10.570
388468.500 130579.500 -10.520
388468.500 130580.500 -10.535
388468.500 130581.500 -10.607
388468.500 130582.500 -10.632
388468.500 130583.500 -10.625
388468.500 130584.500 -10.623
388468.500 130585.500 -10.627
388468.500 130586.500 -10.640
388468.500 130587.500 -10.672
388468.500 130588.500 -10.703
388468.500 130589.500 -10.728
388468.500 130590.500 -10.728
388468.500 130591.500 -10.748
388469.500 130530.500 -11.627
388469.500 130531.500 -11.672
388469.500 130532.500 -11.697
388469.500 130533.500 -11.745
388469.500 130534.500 -11.790
388469.500 130535.500 -11.840
388469.500 130536.500 -11.860
388469.500 130537.500 -11.822
388469.500 130538.500 -11.838
388469.500 130539.500 -11.888
388469.500 130540.500 -11.900
388469.500 130541.500 -11.920
388469.500 130542.500 -11.928
388469.500 130543.500 -11.920
388469.500 130544.500 -11.918
388469.500 130545.500 -11.898
388469.500 130546.500 -11.883
388469.500 130547.500 -11.873
388469.500 130548.500 -11.867
388469.500 130549.500 -11.832
388469.500 130550.500 -11.785
388469.500 130551.500 -11.755
388469.500 130552.500 -11.688
388469.500 130553.500 -11.600
388469.500 130554.500 -11.518
388469.500 130555.500 -11.427
388469.500 130556.500 -11.350
388469.500 130557.500 -11.298
388469.500 130558.500 -11.225
388469.500 130559.500 -11.185
388469.500 130560.500 -11.160
388469.500 130561.500 -11.138
388469.500 130562.500 -11.128
388469.500 130563.500 -11.110
388469.500 130564.500 -11.050
388469.500 130565.500 -11.030
388469.500 130566.500 -11.010
388469.500 130567.500 -10.970
388469.500 130568.500 -10.935
388469.500 130569.500 -10.893
388469.500 130570.500 -10.832
388469.500 130571.500 -10.785
388469.500 130572.500 -10.752
388469.500 130573.500 -10.738
388469.500 130574.500 -10.703
388469.500 130575.500 -10.682
388469.500 130576.500 -10.678
388469.500 130577.500 -10.637
388469.500 130578.500 -10.615
388469.500 130579.500 -10.555
388469.500 130580.500 -10.545
388469.500 130581.500 -10.590
388469.500 130582.500 -10.580
388469.500 130583.500 -10.562
388469.500 130584.500 -10.578
388469.500 130585.500 -10.575
388469.500 130586.500 -10.585
388469.500 130587.500 -10.620
388469.500 130588.500 -10.672
388469.500 130589.500 -10.695
388469.500 130590.500 -10.710
388469.500 130591.500 -10.738
388470.500 130531.500 -11.645
388470.500 130532.500 -11.710
388470.500 130533.500 -11.787
388470.500 130534.500 -11.810
388470.500 130535.500 -11.815
388470.500 130536.500 -11.830
388470.500 130537.500 -11.838
388470.500 130538.500 -11.840
388470.500 130539.500 -11.885
388470.500 130540.500 -11.897
388470.500 130541.500 -11.922
388470.500 130542.500 -11.938
388470.500 130543.500 -11.935
388470.500 130544.500 -11.937
388470.500 130545.500 -11.922
388470.500 130546.500 -11.910
388470.500 130547.500 -11.893
388470.500 130548.500 -11.885
388470.500 130549.500 -11.857
388470.500 130550.500 -11.805
388470.500 130551.500 -11.807
388470.500 130552.500 -11.750
388470.500 130553.500 -11.652
388470.500 130554.500 -11.557
388470.500 130555.500 -11.440
388470.500 130556.500 -11.367
388470.500 130557.500 -11.318
388470.500 130558.500 -11.258
388470.500 130559.500 -11.207
388470.500 130560.500 -11.133
388470.500 130561.500 -11.145
388470.500 130562.500 -11.123
388470.500 130563.500 -11.110
388470.500 130564.500 -11.065
388470.500 130565.500 -11.047
388470.500 130566.500 -11.027
388470.500 130567.500 -10.993
388470.500 130568.500 -10.965
388470.500 130569.500 -10.915
388470.500 130570.500 -10.860
388470.500 130571.500 -10.797
388470.500 130572.500 -10.765
388470.500 130573.500 -10.750
388470.500 130574.500 -10.720
388470.500 130575.500 -10.685
388470.500 130576.500 -10.662
388470.500 130577.500 -10.650
388470.500 130578.500 -10.617
388470.500 130579.500 -10.580
388470.500 130580.500 -10.563
388470.500 130581.500 -10.570
388470.500 130582.500 -10.560
388470.500 130583.500 -10.535
388470.500 130584.500 -10.543
388470.500 130585.500 -10.530
388470.500 130586.500 -10.530
388470.500 130587.500 -10.590
388470.500 130588.500 -10.630
388470.500 130589.500 -10.652
388470.500 130590.500 -10.695
388470.500 130591.500 -10.727
388471.500 130532.500 -11.708
388471.500 130533.500 -11.745
388471.500 130534.500 -11.738
388471.500 130535.500 -11.738
388471.500 130536.500 -11.770
388471.500 130537.500 -11.825
388471.500 130538.500 -11.852
388471.500 130539.500 -11.865
388471.500 130540.500 -11.873
388471.500 130541.500 -11.902
388471.500 130542.500 -11.930
388471.500 130543.500 -11.942
388471.500 130544.500 -11.938
388471.500 130545.500 -11.942
388471.500 130546.500 -11.940
388471.500 130547.500 -11.910
388471.500 130548.500 -11.905
388471.500 130549.500 -11.870
388471.500 130550.500 -11.830
388471.500 130551.500 -11.842
388471.500 130552.500 -11.808
388471.500 130553.500 -11.710
388471.500 130554.500 -11.603
388471.500 130555.500 -11.495
388471.500 130556.500 -11.408
388471.500 130557.500 -11.345
388471.500 130558.500 -11.300
388471.500 130559.500 -11.235
388471.500 130560.500 -11.145
388471.500 130561.500 -11.145
388471.500 130562.500 -11.125
388471.500 130563.500 -11.098
388471.500 130564.500 -11.087
388471.500 130565.500 -11.055
388471.500 130566.500 -11.032
388471.500 130567.500 -11.000
388471.500 130568.500 -10.970
388471.500 130569.500 -10.935
388471.500 130570.500 -10.885
388471.500 130571.500 -10.832
388471.500 130572.500 -10.790
388471.500 130573.500 -10.755
388471.500 130574.500 -10.715
388471.500 130575.500 -10.675
388471.500 130576.500 -10.660
388471.500 130577.500 -10.655
388471.500 130578.500 -10.630
388471.500 130579.500 -10.595
388471.500 130580.500 -10.585
388471.500 130581.500 -10.578
388471.500 130582.500 -10.550
388471.500 130583.500 -10.510
388471.500 130584.500 -10.508
388471.500 130585.500 -10.512
388471.500 130586.500 -10.523
388471.500 130587.500 -10.553
388471.500 130588.500 -10.590
388471.500 130589.500 -10.637
388471.500 130590.500 -10.680
388471.500 130591.500 -10.708
388472.500 130534.500 -11.707
388472.500 130535.500 -11.720
388472.500 130536.500 -11.762
388472.500 130537.500 -11.800
388472.500 130538.500 -11.830
388472.500 130539.500 -11.840
388472.500 130540.500 -11.855
388472.500 130541.500 -11.895
388472.500 130542.500 -11.913
388472.500 130543.500 -11.930
388472.500 130544.500 -11.935
388472.500 130545.500 -11.950
388472.500 130546.500 -11.938
388472.500 130547.500 -11.918
388472.500 130548.500 -11.918
388472.500 130549.500 -11.877
388472.500 130550.500 -11.857
388472.500 130551.500 -11.855
388472.500 130552.500 -11.830
388472.500 130553.500 -11.742
388472.500 130554.500 -11.648
388472.500 130555.500 -11.555
388472.500 130556.500 -11.445
388472.500 130557.500 -11.375
388472.500 130558.500 -11.315
388472.500 130559.500 -11.255
388472.500 130560.500 -11.185
388472.500 130561.500 -11.130
388472.500 130562.500 -11.123
388472.500 130563.500 -11.082
388472.500 130564.500 -11.085
388472.500 130565.500 -11.060
388472.500 130566.500 -11.043
388472.500 130567.500 -11.000
388472.500 130568.500 -10.977
388472.500 130569.500 -10.938
388472.500 130570.500 -10.905
388472.500 130571.500 -10.848
388472.500 130572.500 -10.802
388472.500 130573.500 -10.765
388472.500 130574.500 -10.730
388472.500 130575.500 -10.700
388472.500 130576.500 -10.678
388472.500 130577.500 -10.657
388472.500 130578.500 -10.643
388472.500 130579.500 -10.617
388472.500 130580.500 -10.595
388472.500 130581.500 -10.585
388472.500 130582.500 -10.555
388472.500 130583.500 -10.522
388472.500 130584.500 -10.492
388472.500 130585.500 -10.468
388472.500 130586.500 -10.475
388472.500 130587.500 -10.490
388472.500 130588.500 -10.543
388472.500 130589.500 -10.615
388472.500 130590.500 -10.643
388472.500 130591.500 -10.695
388473.500 130535.500 -11.713
388473.500 130536.500 -11.718
388473.500 130537.500 -11.750
388473.500 130538.500 -11.790
388473.500 130539.500 -11.820
388473.500 130540.500 -11.855
388473.500 130541.500 -11.880
388473.500 130542.500 -11.900
388473.500 130543.500 -11.910
388473.500 130544.500 -11.925
388473.500 130545.500 -11.932
388473.500 130546.500 -11.925
388473.500 130547.500 -11.918
388473.500 130548.500 -11.912
388473.500 130549.500 -11.883
388473.500 130550.500 -11.870
388473.500 130551.500 -11.870
388473.500 130552.500 -11.842
388473.500 130553.500 -11.765
388473.500 130554.500 -11.670
388473.500 130555.500 -11.575
388473.500 130556.500 -11.488
388473.500 130557.500 -11.405
388473.500 130558.500 -11.330
388473.500 130559.500 -11.270
388473.500 130560.500 -11.217
388473.500 130561.500 -11.147
388473.500 130562.500 -11.127
388473.500 130563.500 -11.087
388473.500 130564.500 -11.085
388473.500 130565.500 -11.068
388473.500 130566.500 -11.070
388473.500 130567.500 -11.020
388473.500 130568.500 -10.985
388473.500 130569.500 -10.960
388473.500 130570.500 -10.935
388473.500 130571.500 -10.888
388473.500 130572.500 -10.845
388473.500 130573.500 -10.800
388473.500 130574.500 -10.758
388473.500 130575.500 -10.717
388473.500 130576.500 -10.682
388473.500 130577.500 -10.655
388473.500 130578.500 -10.645
388473.500 130579.500 -10.625
388473.500 130580.500 -10.600
388473.500 130581.500 -10.587
388473.500 130582.500 -10.563
388473.500 130583.500 -10.540
388473.500 130584.500 -10.518
388473.500 130585.500 -10.502
388473.500 130586.500 -10.470
388473.500 130587.500 -10.483
388473.500 130588.500 -10.535
388473.500 130589.500 -10.600
388473.500 130590.500 -10.640
388473.500 130591.500 -10.665
388474.500 130537.500 -11.715
388474.500 130538.500 -11.760
388474.500 130539.500 -11.800
388474.500 130540.500 -11.832
388474.500 130541.500 -11.855
388474.500 130542.500 -11.875
388474.500 130543.500 -11.893
388474.500 130544.500 -11.905
388474.500 130545.500 -11.918
388474.500 130546.500 -11.910
388474.500 130547.500 -11.918
388474.500 130548.500 -11.895
388474.500 130549.500 -11.883
388474.500 130550.500 -11.867
388474.500 130551.500 -11.850
388474.500 130552.500 -11.822
388474.500 130553.500 -11.762
388474.500 130554.500 -11.695
388474.500 130555.500 -11.613
388474.500 130556.500 -11.518
388474.500 130557.500 -11.428
388474.500 130558.500 -11.350
388474.500 130559.500 -11.277
388474.500 130560.500 -11.232
388474.500 130561.500 -11.175
388474.500 130562.500 -11.133
388474.500 130563.500 -11.110
388474.500 130564.500 -11.078
388474.500 130565.500 -11.068
388474.500 130566.500 -11.078
388474.500 130567.500 -11.040
388474.500 130568.500 -11.002
388474.500 130569.500 -10.975
388474.500 130570.500 -10.945
388474.500 130571.500 -10.898
388474.500 130572.500 -10.862
388474.500 130573.500 -10.832
388474.500 130574.500 -10.777
388474.500 130575.500 -10.730
388474.500 130576.500 -10.697
388474.500 130577.500 -10.668
388474.500 130578.500 -10.668
388474.500 130579.500 -10.640
388474.500 130580.500 -10.610
388474.500 130581.500 -10.598
388474.500 130582.500 -10.560
388474.500 130583.500 -10.515
388474.500 130584.500 -10.500
388474.500 130585.500 -10.502
388474.500 130586.500 -10.510
388474.500 130587.500 -10.530
388474.500 130588.500 -10.568
388474.500 130589.500 -10.575
388474.500 130590.500 -10.592
388474.500 130591.500 -10.623
388475.500 130538.500 -11.742
388475.500 130539.500 -11.762
388475.500 130540.500 -11.782
388475.500 130541.500 -11.825
388475.500 130542.500 -11.862
388475.500 130543.500 -11.880
388475.500 130544.500 -11.890
388475.500 130545.500 -11.893
388475.500 130546.500 -11.890
388475.500 130547.500 -11.905
388475.500 130548.500 -11.898
388475.500 130549.500 -11.883
388475.500 130550.500 -11.860
388475.500 130551.500 -11.828
388475.500 130552.500 -11.810
388475.500 130553.500 -11.768
388475.500 130554.500 -11.697
388475.500 130555.500 -11.627
388475.500 130556.500 -11.545
388475.500 130557.500 -11.450
388475.500 130558.500 -11.360
388475.500 130559.500 -11.290
388475.500 130560.500 -11.232
388475.500 130561.500 -11.180
388475.500 130562.500 -11.125
388475.500 130563.500 -11.095
388475.500 130564.500 -11.085
388475.500 130565.500 -11.075
388475.500 130566.500 -11.085
388475.500 130567.500 -11.045
388475.500 130568.500 -11.002
388475.500 130569.500 -10.990
388475.500 130570.500 -10.960
388475.500 130571.500 -10.930
388475.500 130572.500 -10.890
388475.500 130573.500 -10.848
388475.500 130574.500 -10.807
388475.500 130575.500 -10.742
388475.500 130576.500 -10.715
388475.500 130577.500 -10.692
388475.500 130578.500 -10.675
388475.500 130579.500 -10.650
388475.500 130580.500 -10.617
388475.500 130581.500 -10.590
388475.500 130582.500 -10.548
388475.500 130583.500 -10.488
388475.500 130584.500 -10.460
388475.500 130585.500 -10.470
388475.500 130586.500 -10.495
388475.500 130587.500 -10.530
388475.500 130588.500 -10.537
388475.500 130589.500 -10.522
388475.500 130590.500 -10.515
388475.500 130591.500 -10.562
388476.500 130539.500 -11.735
388476.500 130540.500 -11.758
388476.500 130541.500 -11.808
388476.500 130542.500 -11.843
388476.500 130543.500 -11.855
388476.500 130544.500 -11.862
388476.500 130545.500 -11.855
388476.500 130546.500 -11.870
388476.500 130547.500 -11.888
388476.500 130548.500 -11.883
388476.500 130549.500 -11.880
388476.500 130550.500 -11.865
388476.500 130551.500 -11.810
388476.500 130552.500 -11.782
388476.500 130553.500 -11.755
388476.500 130554.500 -11.700
388476.500 130555.500 -11.650
388476.500 130556.500 -11.573
388476.500 130557.500 -11.482
388476.500 130558.500 -11.400
388476.500 130559.500 -11.320
388476.500 130560.500 -11.260
388476.500 130561.500 -11.190
388476.500 130562.500 -11.105
388476.500 130563.500 -11.075
388476.500 130564.500 -11.070
388476.500 130565.500 -11.072
388476.500 130566.500 -11.080
388476.500 130567.500 -11.055
388476.500 130568.500 -11.012
388476.500 130569.500 -10.985
388476.500 130570.500 -10.967
388476.500 130571.500 -10.950
388476.500 130572.500 -10.900
388476.500 130573.500 -10.855
388476.500 130574.500 -10.800
388476.500 130575.500 -10.752
388476.500 130576.500 -10.735
388476.500 130577.500 -10.690
388476.500 130578.500 -10.655
388476.500 130579.500 -10.640
388476.500 130580.500 -10.615
388476.500 130581.500 -10.593
388476.500 130582.500 -10.560
388476.500 130583.500 -10.488
388476.500 130584.500 -10.445
388476.500 130585.500 -10.475
388476.500 130586.500 -10.498
388476.500 130587.500 -10.510
388476.500 130588.500 -10.495
388476.500 130589.500 -10.495
388476.500 130590.500 -10.482
388476.500 130591.500 -10.520
388477.500 130541.500 -11.773
388477.500 130542.500 -11.810
388477.500 130543.500 -11.825
388477.500 130544.500 -11.840
388477.500 130545.500 -11.842
388477.500 130546.500 -11.867
388477.500 130547.500 -11.875
388477.500 130548.500 -11.867
388477.500 130549.500 -11.865
388477.500 130550.500 -11.840
388477.500 130551.500 -11.797
388477.500 130552.500 -11.767
388477.500 130553.500 -11.750
388477.500 130554.500 -11.715
388477.500 130555.500 -11.653
388477.500 130556.500 -11.585
388477.500 130557.500 -11.510
388477.500 130558.500 -11.422
388477.500 130559.500 -11.355
388477.500 130560.500 -11.282
388477.500 130561.500 -11.212
388477.500 130562.500 -11.133
388477.500 130563.500 -11.082
388477.500 130564.500 -11.065
388477.500 130565.500 -11.077
388477.500 130566.500 -11.078
388477.500 130567.500 -11.058
388477.500 130568.500 -11.027
388477.500 130569.500 -10.995
388477.500 130570.500 -10.978
388477.500 130571.500 -10.960
388477.500 130572.500 -10.913
388477.500 130573.500 -10.857
388477.500 130574.500 -10.805
388477.500 130575.500 -10.765
388477.500 130576.500 -10.738
388477.500 130577.500 -10.695
388477.500 130578.500 -10.668
388477.500 130579.500 -10.655
388477.500 130580.500 -10.617
388477.500 130581.500 -10.600
388477.500 130582.500 -10.565
388477.500 130583.500 -10.512
388477.500 130584.500 -10.473
388477.500 130585.500 -10.497
388477.500 130586.500 -10.515
388477.500 130587.500 -10.508
388477.500 130588.500 -10.482
388477.500 130589.500 -10.492
388477.500 130590.500 -10.498
388477.500 130591.500 -10.525
388478.500 130542.500 -11.790
388478.500 130543.500 -11.800
388478.500 130544.500 -11.812
388478.500 130545.500 -11.822
388478.500 130546.500 -11.855
388478.500 130547.500 -11.875
388478.500 130548.500 -11.875
388478.500 130549.500 -11.860
388478.500 130550.500 -11.837
388478.500 130551.500 -11.795
388478.500 130552.500 -11.758
388478.500 130553.500 -11.757
388478.500 130554.500 -11.723
388478.500 130555.500 -11.662
388478.500 130556.500 -11.607
388478.500 130557.500 -11.535
388478.500 130558.500 -11.453
388478.500 130559.500 -11.370
388478.500 130560.500 -11.300
388478.500 130561.500 -11.232
388478.500 130562.500 -11.155
388478.500 130563.500 -11.090
388478.500 130564.500 -11.065
388478.500 130565.500 -11.075
388478.500 130566.500 -11.082
388478.500 130567.500 -11.078
388478.500 130568.500 -11.043
388478.500 130569.500 -11.015
388478.500 130570.500 -10.988
388478.500 130571.500 -10.957
388478.500 130572.500 -10.922
388478.500 130573.500 -10.873
388478.500 130574.500 -10.828
388478.500 130575.500 -10.783
388478.500 130576.500 -10.755
388478.500 130577.500 -10.712
388478.500 130578.500 -10.687
388478.500 130579.500 -10.675
388478.500 130580.500 -10.635
388478.500 130581.500 -10.602
388478.500 130582.500 -10.578
388478.500 130583.500 -10.553
388478.500 130584.500 -10.505
388478.500 130585.500 -10.500
388478.500 130586.500 -10.520
388478.500 130587.500 -10.523
388478.500 130588.500 -10.505
388478.500 130589.500 -10.498
388478.500 130590.500 -10.510
388478.500 130591.500 -10.525
388479.500 130543.500 -11.760
388479.500 130544.500 -11.785
388479.500 130545.500 -11.815
388479.500 130546.500 -11.860
388479.500 130547.500 -11.890
388479.500 130548.500 -11.875
388479.500 130549.500 -11.855
388479.500 130550.500 -11.830
388479.500 130551.500 -11.793
388479.500 130552.500 -11.762
388479.500 130553.500 -11.745
388479.500 130554.500 -11.738
388479.500 130555.500 -11.688
388479.500 130556.500 -11.632
388479.500 130557.500 -11.555
388479.500 130558.500 -11.465
388479.500 130559.500 -11.385
388479.500 130560.500 -11.315
388479.500 130561.500 -11.235
388479.500 130562.500 -11.153
388479.500 130563.500 -11.110
388479.500 130564.500 -11.085
388479.500 130565.500 -11.075
388479.500 130566.500 -11.072
388479.500 130567.500 -11.075
388479.500 130568.500 -11.050
388479.500 130569.500 -11.023
388479.500 130570.500 -10.995
388479.500 130571.500 -10.973
388479.500 130572.500 -10.930
388479.500 130573.500 -10.890
388479.500 130574.500 -10.853
388479.500 130575.500 -10.808
388479.500 130576.500 -10.763
388479.500 130577.500 -10.693
388479.500 130578.500 -10.668
388479.500 130579.500 -10.673
388479.500 130580.500 -10.632
388479.500 130581.500 -10.605
388479.500 130582.500 -10.585
388479.500 130583.500 -10.568
388479.500 130584.500 -10.535
388479.500 130585.500 -10.512
388479.500 130586.500 -10.523
388479.500 130587.500 -10.525
388479.500 130588.500 -10.520
388479.500 130589.500 -10.522
388479.500 130590.500 -10.533
388479.500 130591.500 -10.520
388480.500 130545.500 -11.798
388480.500 130546.500 -11.843
388480.500 130547.500 -11.862
388480.500 130548.500 -11.860
388480.500 130549.500 -11.843
388480.500 130550.500 -11.832
388480.500 130551.500 -11.805
388480.500 130552.500 -11.770
388480.500 130553.500 -11.747
388480.500 130554.500 -11.752
388480.500 130555.500 -11.705
388480.500 130556.500 -11.650
388480.500 130557.500 -11.562
388480.500 130558.500 -11.478
388480.500 130559.500 -11.400
388480.500 130560.500 -11.325
388480.500 130561.500 -11.260
388480.500 130562.500 -11.155
388480.500 130563.500 -11.110
388480.500 130564.500 -11.098
388480.500 130565.500 -11.055
388480.500 130566.500 -11.052
388480.500 130567.500 -11.058
388480.500 130568.500 -11.042
388480.500 130569.500 -11.033
388480.500 130570.500 -11.015
388480.500 130571.500 -10.980
388480.500 130572.500 -10.938
388480.500 130573.500 -10.898
388480.500 130574.500 -10.860
388480.500 130575.500 -10.828
388480.500 130576.500 -10.780
388480.500 130577.500 -10.720
388480.500 130578.500 -10.675
388480.500 130579.500 -10.657
388480.500 130580.500 -10.635
388480.500 130581.500 -10.612
388480.500 130582.500 -10.595
388480.500 130583.500 -10.575
388480.500 130584.500 -10.545
388480.500 130585.500 -10.520
388480.500 130586.500 -10.520
388480.500 130587.500 -10.518
388480.500 130588.500 -10.515
388480.500 130589.500 -10.545
388480.500 130590.500 -10.540
388480.500 130591.500 -10.520
388481.500 130546.500 -11.795
388481.500 130547.500 -11.830
388481.500 130548.500 -11.835
388481.500 130549.500 -11.825
388481.500 130550.500 -11.815
388481.500 130551.500 -11.803
388481.500 130552.500 -11.777
388481.500 130553.500 -11.768
388481.500 130554.500 -11.745
388481.500 130555.500 -11.707
388481.500 130556.500 -11.658
388481.500 130557.500 -11.590
388481.500 130558.500 -11.505
388481.500 130559.500 -11.435
388481.500 130560.500 -11.355
388481.500 130561.500 -11.270
388481.500 130562.500 -11.190
388481.500 130563.500 -11.110
388481.500 130564.500 -11.075
388481.500 130565.500 -11.062
388481.500 130566.500 -11.022
388481.500 130567.500 -11.025
388481.500 130568.500 -11.040
388481.500 130569.500 -11.032
388481.500 130570.500 -11.007
388481.500 130571.500 -10.983
388481.500 130572.500 -10.948
388481.500 130573.500 -10.905
388481.500 130574.500 -10.890
388481.500 130575.500 -10.857
388481.500 130576.500 -10.808
388481.500 130577.500 -10.765
388481.500 130578.500 -10.723
388481.500 130579.500 -10.677
388481.500 130580.500 -10.648
388481.500 130581.500 -10.620
388481.500 130582.500 -10.595
388481.500 130583.500 -10.565
388481.500 130584.500 -10.553
388481.500 130585.500 -10.537
388481.500 130586.500 -10.525
388481.500 130587.500 -10.515
388481.500 130588.500 -10.522
388481.500 130589.500 -10.525
388481.500 130590.500 -10.508
388481.500 130591.500 -10.473
388482.500 130548.500 -11.792
388482.500 130549.500 -11.797
388482.500 130550.500 -11.803
388482.500 130551.500 -11.793
388482.500 130552.500 -11.768
388482.500 130553.500 -11.765
388482.500 130554.500 -11.750
388482.500 130555.500 -11.710
388482.500 130556.500 -11.670
388482.500 130557.500 -11.613
388482.500 130558.500 -11.535
388482.500 130559.500 -11.473
388482.500 130560.500 -11.377
388482.500 130561.500 -11.295
388482.500 130562.500 -11.203
388482.500 130563.500 -11.120
388482.500 130564.500 -11.082
388482.500 130565.500 -11.065
388482.500 130566.500 -11.025
388482.500 130567.500 -11.008
388482.500 130568.500 -11.035
388482.500 130569.500 -11.025
388482.500 130570.500 -11.020
388482.500 130571.500 -10.995
388482.500 130572.500 -10.968
388482.500 130573.500 -10.930
388482.500 130574.500 -10.893
388482.500 130575.500 -10.857
388482.500 130576.500 -10.830
388482.500 130577.500 -10.790
388482.500 130578.500 -10.738
388482.500 130579.500 -10.695
388482.500 130580.500 -10.655
388482.500 130581.500 -10.625
388482.500 130582.500 -10.585
388482.500 130583.500 -10.580
388482.500 130584.500 -10.572
388482.500 130585.500 -10.545
388482.500 130586.500 -10.535
388482.500 130587.500 -10.522
388482.500 130588.500 -10.522
388482.500 130589.500 -10.518
388482.500 130590.500 -10.498
388482.500 130591.500 -10.457
388483.500 130549.500 -11.773
388483.500 130550.500 -11.787
388483.500 130551.500 -11.793
388483.500 130552.500 -11.785
388483.500 130553.500 -11.765
388483.500 130554.500 -11.752
388483.500 130555.500 -11.730
388483.500 130556.500 -11.690
388483.500 130557.500 -11.638
388483.500 130558.500 -11.575
388483.500 130559.500 -11.490
388483.500 130560.500 -11.393
388483.500 130561.500 -11.308
388483.500 130562.500 -11.230
388483.500 130563.500 -11.145
388483.500 130564.500 -11.090
388483.500 130565.500 -11.072
388483.500 130566.500 -11.032
388483.500 130567.500 -10.998
388483.500 130568.500 -11.015
388483.500 130569.500 -11.020
388483.500 130570.500 -11.008
388483.500 130571.500 -10.998
388483.500 130572.500 -10.975
388483.500 130573.500 -10.940
388483.500 130574.500 -10.893
388483.500 130575.500 -10.865
388483.500 130576.500 -10.832
388483.500 130577.500 -10.795
388483.500 130578.500 -10.743
388483.500 130579.500 -10.715
388483.500 130580.500 -10.670
388483.500 130581.500 -10.650
388483.500 130582.500 -10.625
388483.500 130583.500 -10.610
388483.500 130584.500 -10.585
388483.500 130585.500 -10.555
388483.500 130586.500 -10.543
388483.500 130587.500 -10.520
388483.500 130588.500 -10.512
388483.500 130589.500 -10.510
388483.500 130590.500 -10.498
388483.500 130591.500 -10.475
388484.500 130550.500 -11.777
388484.500 130551.500 -11.775
388484.500 130552.500 -11.777
388484.500 130553.500 -11.758
388484.500 130554.500 -11.743
388484.500 130555.500 -11.733
388484.500 130556.500 -11.702
388484.500 130557.500 -11.643
388484.500 130558.500 -11.592
388484.500 130559.500 -11.510
388484.500 130560.500 -11.410
388484.500 130561.500 -11.335
388484.500 130562.500 -11.260
388484.500 130563.500 -11.170
388484.500 130564.500 -11.125
388484.500 130565.500 -11.085
388484.500 130566.500 -11.035
388484.500 130567.500 -11.000
388484.500 130568.500 -11.000
388484.500 130569.500 -11.002
388484.500 130570.500 -11.010
388484.500 130571.500 -10.995
388484.500 130572.500 -10.960
388484.500 130573.500 -10.930
388484.500 130574.500 -10.893
388484.500 130575.500 -10.875
388484.500 130576.500 -10.850
388484.500 130577.500 -10.807
388484.500 130578.500 -10.765
388484.500 130579.500 -10.730
388484.500 130580.500 -10.688
388484.500 130581.500 -10.662
388484.500 130582.500 -10.645
388484.500 130583.500 -10.610
388484.500 130584.500 -10.587
388484.500 130585.500 -10.577
388484.500 130586.500 -10.553
388484.500 130587.500 -10.537
388484.500 130588.500 -10.538
388484.500 130589.500 -10.527
388484.500 130590.500 -10.512
388484.500 130591.500 -10.505
388485.500 130552.500 -11.780
388485.500 130553.500 -11.770
388485.500 130554.500 -11.762
388485.500 130555.500 -11.735
388485.500 130556.500 -11.705
388485.500 130557.500 -11.663
388485.500 130558.500 -11.610
388485.500 130559.500 -11.540
388485.500 130560.500 -11.445
388485.500 130561.500 -11.360
388485.500 130562.500 -11.272
388485.500 130563.500 -11.205
388485.500 130564.500 -11.160
388485.500 130565.500 -11.110
388485.500 130566.500 -11.058
388485.500 130567.500 -10.997
388485.500 130568.500 -10.968
388485.500 130569.500 -10.970
388485.500 130570.500 -10.980
388485.500 130571.500 -10.968
388485.500 130572.500 -10.953
388485.500 130573.500 -10.930
388485.500 130574.500 -10.885
388485.500 130575.500 -10.880
388485.500 130576.500 -10.867
388485.500 130577.500 -10.823
388485.500 130578.500 -10.777
388485.500 130579.500 -10.735
388485.500 130580.500 -10.695
388485.500 130581.500 -10.678
388485.500 130582.500 -10.633
388485.500 130583.500 -10.620
388485.500 130584.500 -10.607
388485.500 130585.500 -10.602
388485.500 130586.500 -10.585
388485.500 130587.500 -10.562
388485.500 130588.500 -10.558
388485.500 130589.500 -10.540
388485.500 130590.500 -10.543
388485.500 130591.500 -10.530
388486.500 130553.500 -11.775
388486.500 130554.500 -11.770
388486.500 130555.500 -11.760
388486.500 130556.500 -11.730
388486.500 130557.500 -11.695
388486.500 130558.500 -11.650
388486.500 130559.500 -11.585
388486.500 130560.500 -11.488
388486.500 130561.500 -11.385
388486.500 130562.500 -11.295
388486.500 130563.500 -11.227
388486.500 130564.500 -11.168
388486.500 130565.500 -11.130
388486.500 130566.500 -11.067
388486.500 130567.500 -10.992
388486.500 130568.500 -10.945
388486.500 130569.500 -10.938
388486.500 130570.500 -10.942
388486.500 130571.500 -10.955
388486.500 130572.500 -10.933
388486.500 130573.500 -10.910
388486.500 130574.500 -10.885
388486.500 130575.500 -10.872
388486.500 130576.500 -10.842
388486.500 130577.500 -10.815
388486.500 130578.500 -10.782
388486.500 130579.500 -10.745
388486.500 130580.500 -10.705
388486.500 130581.500 -10.692
388486.500 130582.500 -10.648
388486.500 130583.500 -10.625
388486.500 130584.500 -10.605
388486.500 130585.500 -10.620
388486.500 130586.500 -10.607
388486.500 130587.500 -10.582
388486.500 130588.500 -10.555
388486.500 130589.500 -10.535
388486.500 130590.500 -10.530
388486.500 130591.500 -10.543
388487.500 130554.500 -11.783
388487.500 130555.500 -11.772
388487.500 130556.500 -11.735
388487.500 130557.500 -11.697
388487.500 130558.500 -11.652
388487.500 130559.500 -11.600
388487.500 130560.500 -11.497
388487.500 130561.500 -11.405
388487.500 130562.500 -11.320
388487.500 130563.500 -11.250
388487.500 130564.500 -11.170
388487.500 130565.500 -11.127
388487.500 130566.500 -11.080
388487.500 130567.500 -11.015
388487.500 130568.500 -10.948
388487.500 130569.500 -10.912
388487.500 130570.500 -10.932
388487.500 130571.500 -10.927
388487.500 130572.500 -10.902
388487.500 130573.500 -10.898
388487.500 130574.500 -10.888
388487.500 130575.500 -10.850
388487.500 130576.500 -10.830
388487.500 130577.500 -10.802
388487.500 130578.500 -10.785
388487.500 130579.500 -10.750
388487.500 130580.500 -10.707
388487.500 130581.500 -10.672
388487.500 130582.500 -10.648
388487.500 130583.500 -10.627
388487.500 130584.500 -10.603
388487.500 130585.500 -10.600
388487.500 130586.500 -10.600
388487.500 130587.500 -10.582
388487.500 130588.500 -10.555
388487.500 130589.500 -10.535
388487.500 130590.500 -10.532
388487.500 130591.500 -10.527
388488.500 130556.500 -11.743
388488.500 130557.500 -11.710
388488.500 130558.500 -11.680
388488.500 130559.500 -11.600
388488.500 130560.500 -11.518
388488.500 130561.500 -11.422
388488.500 130562.500 -11.328
388488.500 130563.500 -11.248
388488.500 130564.500 -11.155
388488.500 130565.500 -11.115
388488.500 130566.500 -11.082
388488.500 130567.500 -11.027
388488.500 130568.500 -10.977
388488.500 130569.500 -10.922
388488.500 130570.500 -10.897
388488.500 130571.500 -10.902
388488.500 130572.500 -10.893
388488.500 130573.500 -10.900
388488.500 130574.500 -10.888
388488.500 130575.500 -10.855
388488.500 130576.500 -10.828
388488.500 130577.500 -10.810
388488.500 130578.500 -10.777
388488.500 130579.500 -10.748
388488.500 130580.500 -10.728
388488.500 130581.500 -10.705
388488.500 130582.500 -10.655
388488.500 130583.500 -10.617
388488.500 130584.500 -10.603
388488.500 130585.500 -10.600
388488.500 130586.500 -10.570
388488.500 130587.500 -10.570
388488.500 130588.500 -10.550
388488.500 130589.500 -10.533
388488.500 130590.500 -10.505
388488.500 130591.500 -10.508
388489.500 130557.500 -11.745
388489.500 130558.500 -11.700
388489.500 130559.500 -11.607
388489.500 130560.500 -11.545
388489.500 130561.500 -11.450
388489.500 130562.500 -11.355
388489.500 130563.500 -11.258
388489.500 130564.500 -11.155
388489.500 130565.500 -11.105
388489.500 130566.500 -11.078
388489.500 130567.500 -11.035
388489.500 130568.500 -10.980
388489.500 130569.500 -10.925
388489.500 130570.500 -10.870
388489.500 130571.500 -10.880
388489.500 130572.500 -10.875
388489.500 130573.500 -10.883
388489.500 130574.500 -10.872
388489.500 130575.500 -10.862
388489.500 130576.500 -10.825
388489.500 130577.500 -10.815
388489.500 130578.500 -10.782
388489.500 130579.500 -10.752
388489.500 130580.500 -10.738
388489.500 130581.500 -10.713
388489.500 130582.500 -10.665
388489.500 130583.500 -10.630
388489.500 130584.500 -10.620
388489.500 130585.500 -10.603
388489.500 130586.500 -10.587
388489.500 130587.500 -10.572
388489.500 130588.500 -10.558
388489.500 130589.500 -10.537
388489.500 130590.500 -10.495
388489.500 130591.500 -10.500
388490.500 130559.500 -11.650
388490.500 130560.500 -11.605
388490.500 130561.500 -11.510
388490.500 130562.500 -11.395
388490.500 130563.500 -11.262
388490.500 130564.500 -11.168
388490.500 130565.500 -11.105
388490.500 130566.500 -11.070
388490.500 130567.500 -11.032
388490.500 130568.500 -10.980
388490.500 130569.500 -10.925
388490.500 130570.500 -10.857
388490.500 130571.500 -10.893
388490.500 130572.500 -10.890
388490.500 130573.500 -10.885
388490.500 130574.500 -10.880
388490.500 130575.500 -10.870
388490.500 130576.500 -10.828
388490.500 130577.500 -10.805
388490.500 130578.500 -10.780
388490.500 130579.500 -10.758
388490.500 130580.500 -10.742
388490.500 130581.500 -10.730
388490.500 130582.500 -10.703
388490.500 130583.500 -10.663
388490.500 130584.500 -10.633
388490.500 130585.500 -10.610
388490.500 130586.500 -10.580
388490.500 130587.500 -10.550
388490.500 130588.500 -10.537
388490.500 130589.500 -10.525
388490.500 130590.500 -10.502
388490.500 130591.500 -10.510
388491.500 130560.500 -11.618
388491.500 130561.500 -11.525
388491.500 130562.500 -11.425
388491.500 130563.500 -11.300
388491.500 130564.500 -11.200
388491.500 130565.500 -11.127
388491.500 130566.500 -11.075
388491.500 130567.500 -11.040
388491.500 130568.500 -11.002
388491.500 130569.500 -10.950
388491.500 130570.500 -10.850
388491.500 130571.500 -10.840
388491.500 130572.500 -10.877
388491.500 130573.500 -10.888
388491.500 130574.500 -10.875
388491.500 130575.500 -10.862
388491.500 130576.500 -10.825
388491.500 130577.500 -10.793
388491.500 130578.500 -10.770
388491.500 130579.500 -10.750
388491.500 130580.500 -10.762
388491.500 130581.500 -10.765
388491.500 130582.500 -10.745
388491.500 130583.500 -10.683
388491.500 130584.500 -10.633
388491.500 130585.500 -10.605
388491.500 130586.500 -10.575
388491.500 130587.500 -10.540
388491.500 130588.500 -10.533
388491.500 130589.500 -10.517
388491.500 130590.500 -10.520
388491.500 130591.500 -10.522
388492.500 130561.500 -11.572
388492.500 130562.500 -11.465
388492.500 130563.500 -11.340
388492.500 130564.500 -11.235
388492.500 130565.500 -11.148
388492.500 130566.500 -11.087
388492.500 130567.500 -11.045
388492.500 130568.500 -11.010
388492.500 130569.500 -10.950
388492.500 130570.500 -10.867
388492.500 130571.500 -10.800
388492.500 130572.500 -10.852
388492.500 130573.500 -10.885
388492.500 130574.500 -10.885
388492.500 130575.500 -10.865
388492.500 130576.500 -10.845
388492.500 130577.500 -10.803
388492.500 130578.500 -10.767
388492.500 130579.500 -10.767
388492.500 130580.500 -10.767
388492.500 130581.500 -10.765
388492.500 130582.500 -10.742
388492.500 130583.500 -10.705
388492.500 130584.500 -10.630
388492.500 130585.500 -10.602
388492.500 130586.500 -10.575
388492.500 130587.500 -10.547
388492.500 130588.500 -10.530
388492.500 130589.500 -10.512
388492.500 130590.500 -10.543
388492.500 130591.500 -10.547
388493.500 130563.500 -11.375
388493.500 130564.500 -11.265
388493.500 130565.500 -11.172
388493.500 130566.500 -11.130
388493.500 130567.500 -11.060
388493.500 130568.500 -11.020
388493.500 130569.500 -10.970
388493.500 130570.500 -10.898
388493.500 130571.500 -10.838
388493.500 130572.500 -10.867
388493.500 130573.500 -10.895
388493.500 130574.500 -10.900
388493.500 130575.500 -10.895
388493.500 130576.500 -10.867
388493.500 130577.500 -10.820
388493.500 130578.500 -10.780
388493.500 130579.500 -10.790
388493.500 130580.500 -10.777
388493.500 130581.500 -10.760
388493.500 130582.500 -10.730
388493.500 130583.500 -10.688
388493.500 130584.500 -10.630
388493.500 130585.500 -10.587
388493.500 130586.500 -10.545
388493.500 130587.500 -10.527
388493.500 130588.500 -10.517
388493.500 130589.500 -10.512
388493.500 130590.500 -10.527
388493.500 130591.500 -10.540
388494.500 130564.500 -11.290
388494.500 130565.500 -11.210
388494.500 130566.500 -11.155
388494.500 130567.500 -11.082
388494.500 130568.500 -11.043
388494.500 130569.500 -11.000
388494.500 130570.500 -10.928
388494.500 130571.500 -10.865
388494.500 130572.500 -10.873
388494.500 130573.500 -10.880
388494.500 130574.500 -10.900
388494.500 130575.500 -10.918
388494.500 130576.500 -10.882
388494.500 130577.500 -10.828
388494.500 130578.500 -10.808
388494.500 130579.500 -10.813
388494.500 130580.500 -10.780
388494.500 130581.500 -10.742
388494.500 130582.500 -10.715
388494.500 130583.500 -10.665
388494.500 130584.500 -10.632
388494.500 130585.500 -10.588
388494.500 130586.500 -10.530
388494.500 130587.500 -10.527
388494.500 130588.500 -10.527
388494.500 130589.500 -10.525
388494.500 130590.500 -10.515
388494.500 130591.500 -10.520
388367.500 130592.500 -11.932
388367.500 130593.500 -11.965
388367.500 130594.500 -12.005
388367.500 130595.500 -12.030
388367.500 130596.500 -12.045
388367.500 130597.500 -12.067
388367.500 130598.500 -12.088
388367.500 130599.500 -12.107
388367.500 130600.500 -12.140
388367.500 130601.500 -12.180
388367.500 130602.500 -12.198
388367.500 130603.500 -12.197
388367.500 130604.500 -12.192
388367.500 130605.500 -12.200
388367.500 130606.500 -12.187
388367.500 130607.500 -12.208
388367.500 130608.500 -12.220
388367.500 130609.500 -12.230
388367.500 130610.500 -12.245
388367.500 130611.500 -12.267
388367.500 130612.500 -12.303
388367.500 130613.500 -12.330
388367.500 130614.500 -12.330
388367.500 130615.500 -12.365
388368.500 130592.500 -11.935
388368.500 130593.500 -11.962
388368.500 130594.500 -12.002
388368.500 130595.500 -12.035
388368.500 130596.500 -12.043
388368.500 130597.500 -12.065
388368.500 130598.500 -12.080
388368.500 130599.500 -12.105
388368.500 130600.500 -12.140
388368.500 130601.500 -12.178
388368.500 130602.500 -12.200
388368.500 130603.500 -12.200
388368.500 130604.500 -12.187
388368.500 130605.500 -12.180
388368.500 130606.500 -12.177
388368.500 130607.500 -12.198
388368.500 130608.500 -12.210
388368.500 130609.500 -12.228
388368.500 130610.500 -12.235
388368.500 130611.500 -12.250
388368.500 130612.500 -12.295
388368.500 130613.500 -12.322
388368.500 130614.500 -12.322
388368.500 130615.500 -12.353
388368.500 130616.500 -12.357
388369.500 130592.500 -11.940
388369.500 130593.500 -11.973
388369.500 130594.500 -12.000
388369.500 130595.500 -12.032
388369.500 130596.500 -12.050
388369.500 130597.500 -12.060
388369.500 130598.500 -12.082
388369.500 130599.500 -12.107
388369.500 130600.500 -12.135
388369.500 130601.500 -12.160
388369.500 130602.500 -12.188
388369.500 130603.500 -12.190
388369.500 130604.500 -12.185
388369.500 130605.500 -12.182
388369.500 130606.500 -12.182
388369.500 130607.500 -12.188
388369.500 130608.500 -12.205
388369.500 130609.500 -12.225
388369.500 130610.500 -12.230
388369.500 130611.500 -12.233
388369.500 130612.500 -12.287
388369.500 130613.500 -12.305
388369.500 130614.500 -12.308
388369.500 130615.500 -12.340
388369.500 130616.500 -12.353
388369.500 130617.500 -12.367
388369.500 130618.500 -12.373
388370.500 130592.500 -11.950
388370.500 130593.500 -11.975
388370.500 130594.500 -12.010
388370.500 130595.500 -12.032
388370.500 130596.500 -12.053
388370.500 130597.500 -12.065
388370.500 130598.500 -12.088
388370.500 130599.500 -12.102
388370.500 130600.500 -12.127
388370.500 130601.500 -12.140
388370.500 130602.500 -12.163
388370.500 130603.500 -12.180
388370.500 130604.500 -12.178
388370.500 130605.500 -12.187
388370.500 130606.500 -12.187
388370.500 130607.500 -12.187
388370.500 130608.500 -12.210
388370.500 130609.500 -12.228
388370.500 130610.500 -12.223
388370.500 130611.500 -12.217
388370.500 130612.500 -12.272
388370.500 130613.500 -12.308
388370.500 130614.500 -12.303
388370.500 130615.500 -12.328
388370.500 130616.500 -12.342
388370.500 130617.500 -12.362
388370.500 130618.500 -12.362
388370.500 130619.500 -12.372
388371.500 130592.500 -11.945
388371.500 130593.500 -11.978
388371.500 130594.500 -12.020
388371.500 130595.500 -12.043
388371.500 130596.500 -12.060
388371.500 130597.500 -12.078
388371.500 130598.500 -12.095
388371.500 130599.500 -12.102
388371.500 130600.500 -12.123
388371.500 130601.500 -12.145
388371.500 130602.500 -12.155
388371.500 130603.500 -12.168
388371.500 130604.500 -12.185
388371.500 130605.500 -12.192
388371.500 130606.500 -12.190
388371.500 130607.500 -12.185
388371.500 130608.500 -12.200
388371.500 130609.500 -12.225
388371.500 130610.500 -12.225
388371.500 130611.500 -12.238
388371.500 130612.500 -12.258
388371.500 130613.500 -12.297
388371.500 130614.500 -12.305
388371.500 130615.500 -12.320
388371.500 130616.500 -12.355
388371.500 130617.500 -12.362
388371.500 130618.500 -12.367
388371.500 130619.500 -12.357
388371.500 130620.500 -12.352
388371.500 130621.500 -12.365
388372.500 130592.500 -11.927
388372.500 130593.500 -11.968
388372.500 130594.500 -12.012
388372.500 130595.500 -12.045
388372.500 130596.500 -12.065
388372.500 130597.500 -12.085
388372.500 130598.500 -12.100
388372.500 130599.500 -12.098
388372.500 130600.500 -12.120
388372.500 130601.500 -12.138
388372.500 130602.500 -12.152
388372.500 130603.500 -12.165
388372.500 130604.500 -12.180
388372.500 130605.500 -12.200
388372.500 130606.500 -12.203
388372.500 130607.500 -12.180
388372.500 130608.500 -12.190
388372.500 130609.500 -12.210
388372.500 130610.500 -12.228
388372.500 130611.500 -12.240
388372.500 130612.500 -12.252
388372.500 130613.500 -12.277
388372.500 130614.500 -12.297
388372.500 130615.500 -12.310
388372.500 130616.500 -12.340
388372.500 130617.500 -12.352
388372.500 130618.500 -12.350
388372.500 130619.500 -12.343
388372.500 130620.500 -12.328
388372.500 130621.500 -12.330
388372.500 130622.500 -12.350
388373.500 130592.500 -11.910
388373.500 130593.500 -11.942
388373.500 130594.500 -11.985
388373.500 130595.500 -12.025
388373.500 130596.500 -12.062
388373.500 130597.500 -12.085
388373.500 130598.500 -12.090
388373.500 130599.500 -12.100
388373.500 130600.500 -12.110
388373.500 130601.500 -12.120
388373.500 130602.500 -12.138
388373.500 130603.500 -12.157
388373.500 130604.500 -12.175
388373.500 130605.500 -12.192
388373.500 130606.500 -12.192
388373.500 130607.500 -12.170
388373.500 130608.500 -12.178
388373.500 130609.500 -12.195
388373.500 130610.500 -12.215
388373.500 130611.500 -12.242
388373.500 130612.500 -12.258
388373.500 130613.500 -12.260
388373.500 130614.500 -12.270
388373.500 130615.500 -12.285
388373.500 130616.500 -12.300
388373.500 130617.500 -12.315
388373.500 130618.500 -12.322
388373.500 130619.500 -12.315
388373.500 130620.500 -12.318
388373.500 130621.500 -12.318
388373.500 130622.500 -12.335
388373.500 130623.500 -12.357
388374.500 130592.500 -11.910
388374.500 130593.500 -11.938
388374.500 130594.500 -11.980
388374.500 130595.500 -12.015
388374.500 130596.500 -12.050
388374.500 130597.500 -12.075
388374.500 130598.500 -12.080
388374.500 130599.500 -12.090
388374.500 130600.500 -12.095
388374.500 130601.500 -12.105
388374.500 130602.500 -12.123
388374.500 130603.500 -12.140
388374.500 130604.500 -12.165
388374.500 130605.500 -12.178
388374.500 130606.500 -12.185
388374.500 130607.500 -12.165
388374.500 130608.500 -12.160
388374.500 130609.500 -12.185
388374.500 130610.500 -12.203
388374.500 130611.500 -12.238
388374.500 130612.500 -12.260
388374.500 130613.500 -12.240
388374.500 130614.500 -12.257
388374.500 130615.500 -12.262
388374.500 130616.500 -12.280
388374.500 130617.500 -12.288
388374.500 130618.500 -12.282
388374.500 130619.500 -12.292
388374.500 130620.500 -12.315
388374.500 130621.500 -12.310
388374.500 130622.500 -12.315
388374.500 130623.500 -12.327
388374.500 130624.500 -12.355
388374.500 130625.500 -12.367
388375.500 130592.500 -11.907
388375.500 130593.500 -11.940
388375.500 130594.500 -11.975
388375.500 130595.500 -12.000
388375.500 130596.500 -12.030
388375.500 130597.500 -12.062
388375.500 130598.500 -12.072
388375.500 130599.500 -12.075
388375.500 130600.500 -12.075
388375.500 130601.500 -12.080
388375.500 130602.500 -12.103
388375.500 130603.500 -12.125
388375.500 130604.500 -12.155
388375.500 130605.500 -12.160
388375.500 130606.500 -12.162
388375.500 130607.500 -12.155
388375.500 130608.500 -12.148
388375.500 130609.500 -12.165
388375.500 130610.500 -12.187
388375.500 130611.500 -12.232
388375.500 130612.500 -12.257
388375.500 130613.500 -12.225
388375.500 130614.500 -12.223
388375.500 130615.500 -12.230
388375.500 130616.500 -12.252
388375.500 130617.500 -12.258
388375.500 130618.500 -12.243
388375.500 130619.500 -12.265
388375.500 130620.500 -12.292
388375.500 130621.500 -12.298
388375.500 130622.500 -12.295
388375.500 130623.500 -12.297
388375.500 130624.500 -12.322
388375.500 130625.500 -12.355
388375.500 130626.500 -12.367
388376.500 130592.500 -11.893
388376.500 130593.500 -11.927
388376.500 130594.500 -11.960
388376.500 130595.500 -11.990
388376.500 130596.500 -12.005
388376.500 130597.500 -12.023
388376.500 130598.500 -12.057
388376.500 130599.500 -12.088
388376.500 130600.500 -12.087
388376.500 130601.500 -12.080
388376.500 130602.500 -12.085
388376.500 130603.500 -12.112
388376.500 130604.500 -12.143
388376.500 130605.500 -12.140
388376.500 130606.500 -12.147
388376.500 130607.500 -12.145
388376.500 130608.500 -12.133
388376.500 130609.500 -12.145
388376.500 130610.500 -12.175
388376.500 130611.500 -12.210
388376.500 130612.500 -12.243
388376.500 130613.500 -12.220
388376.500 130614.500 -12.195
388376.500 130615.500 -12.210
388376.500 130616.500 -12.243
388376.500 130617.500 -12.233
388376.500 130618.500 -12.230
388376.500 130619.500 -12.245
388376.500 130620.500 -12.260
388376.500 130621.500 -12.275
388376.500 130622.500 -12.262
388376.500 130623.500 -12.273
388376.500 130624.500 -12.320
388376.500 130625.500 -12.352
388376.500 130626.500 -12.340
388376.500 130627.500 -12.345
388376.500 130628.500 -12.380
388377.500 130592.500 -11.870
388377.500 130593.500 -11.907
388377.500 130594.500 -11.942
388377.500 130595.500 -11.970
388377.500 130596.500 -11.983
388377.500 130597.500 -11.998
388377.500 130598.500 -12.037
388377.500 130599.500 -12.068
388377.500 130600.500 -12.095
388377.500 130601.500 -12.100
388377.500 130602.500 -12.107
388377.500 130603.500 -12.107
388377.500 130604.500 -12.125
388377.500 130605.500 -12.125
388377.500 130606.500 -12.133
388377.500 130607.500 -12.140
388377.500 130608.500 -12.135
388377.500 130609.500 -12.145
388377.500 130610.500 -12.180
388377.500 130611.500 -12.213
388377.500 130612.500 -12.230
388377.500 130613.500 -12.225
388377.500 130614.500 -12.195
388377.500 130615.500 -12.217
388377.500 130616.500 -12.232
388377.500 130617.500 -12.235
388377.500 130618.500 -12.230
388377.500 130619.500 -12.235
388377.500 130620.500 -12.240
388377.500 130621.500 -12.235
388377.500 130622.500 -12.245
388377.500 130623.500 -12.257
388377.500 130624.500 -12.310
388377.500 130625.500 -12.320
388377.500 130626.500 -12.312
388377.500 130627.500 -12.325
388377.500 130628.500 -12.360
388377.500 130629.500 -12.357
388378.500 130592.500 -11.845
388378.500 130593.500 -11.890
388378.500 130594.500 -11.928
388378.500 130595.500 -11.950
388378.500 130596.500 -11.955
388378.500 130597.500 -11.978
388378.500 130598.500 -12.012
388378.500 130599.500 -12.052
388378.500 130600.500 -12.082
388378.500 130601.500 -12.110
388378.500 130602.500 -12.125
388378.500 130603.500 -12.122
388378.500 130604.500 -12.115
388378.500 130605.500 -12.115
388378.500 130606.500 -12.133
388378.500 130607.500 -12.152
388378.500 130608.500 -12.145
388378.500 130609.500 -12.160
388378.500 130610.500 -12.188
388378.500 130611.500 -12.200
388378.500 130612.500 -12.210
388378.500 130613.500 -12.223
388378.500 130614.500 -12.200
388378.500 130615.500 -12.215
388378.500 130616.500 -12.215
388378.500 130617.500 -12.240
388378.500 130618.500 -12.240
388378.500 130619.500 -12.228
388378.500 130620.500 -12.225
388378.500 130621.500 -12.225
388378.500 130622.500 -12.242
388378.500 130623.500 -12.265
388378.500 130624.500 -12.260
388378.500 130625.500 -12.260
388378.500 130626.500 -12.235
388378.500 130627.500 -12.310
388378.500 130628.500 -12.337
388378.500 130629.500 -12.330
388378.500 130630.500 -12.300
388378.500 130631.500 -12.318
388379.500 130592.500 -11.832
388379.500 130593.500 -11.870
388379.500 130594.500 -11.907
388379.500 130595.500 -11.928
388379.500 130596.500 -11.937
388379.500 130597.500 -11.968
388379.500 130598.500 -11.995
388379.500 130599.500 -12.030
388379.500 130600.500 -12.070
388379.500 130601.500 -12.105
388379.500 130602.500 -12.122
388379.500 130603.500 -12.130
388379.500 130604.500 -12.125
388379.500 130605.500 -12.125
388379.500 130606.500 -12.133
388379.500 130607.500 -12.140
388379.500 130608.500 -12.145
388379.500 130609.500 -12.155
388379.500 130610.500 -12.178
388379.500 130611.500 -12.190
388379.500 130612.500 -12.203
388379.500 130613.500 -12.220
388379.500 130614.500 -12.207
388379.500 130615.500 -12.200
388379.500 130616.500 -12.223
388379.500 130617.500 -12.215
388379.500 130618.500 -12.230
388379.500 130619.500 -12.213
388379.500 130620.500 -12.220
388379.500 130621.500 -12.217
388379.500 130622.500 -12.235
388379.500 130623.500 -12.260
388379.500 130624.500 -12.268
388379.500 130625.500 -12.258
388379.500 130626.500 -12.255
388379.500 130627.500 -12.295
388379.500 130628.500 -12.293
388379.500 130629.500 -12.280
388379.500 130630.500 -12.258
388379.500 130631.500 -12.280
388379.500 130632.500 -12.302
388380.500 130592.500 -11.805
388380.500 130593.500 -11.845
388380.500 130594.500 -11.880
388380.500 130595.500 -11.902
388380.500 130596.500 -11.920
388380.500 130597.500 -11.942
388380.500 130598.500 -11.975
388380.500 130599.500 -12.007
388380.500 130600.500 -12.053
388380.500 130601.500 -12.090
388380.500 130602.500 -12.125
388380.500 130603.500 -12.127
388380.500 130604.500 -12.130
388380.500 130605.500 -12.133
388380.500 130606.500 -12.138
388380.500 130607.500 -12.143
388380.500 130608.500 -12.147
388380.500 130609.500 -12.155
388380.500 130610.500 -12.160
388380.500 130611.500 -12.178
388380.500 130612.500 -12.192
388380.500 130613.500 -12.210
388380.500 130614.500 -12.207
388380.500 130615.500 -12.182
388380.500 130616.500 -12.192
388380.500 130617.500 -12.197
388380.500 130618.500 -12.193
388380.500 130619.500 -12.193
388380.500 130620.500 -12.190
388380.500 130621.500 -12.185
388380.500 130622.500 -12.190
388380.500 130623.500 -12.248
388380.500 130624.500 -12.250
388380.500 130625.500 -12.235
388380.500 130626.500 -12.232
388380.500 130627.500 -12.248
388380.500 130628.500 -12.242
388380.500 130629.500 -12.242
388380.500 130630.500 -12.235
388380.500 130631.500 -12.238
388380.500 130632.500 -12.252
388380.500 130633.500 -12.285
388380.500 130634.500 -12.292
388381.500 130592.500 -11.780
388381.500 130593.500 -11.812
388381.500 130594.500 -11.848
388381.500 130595.500 -11.875
388381.500 130596.500 -11.900
388381.500 130597.500 -11.915
388381.500 130598.500 -11.938
388381.500 130599.500 -11.978
388381.500 130600.500 -12.030
388381.500 130601.500 -12.070
388381.500 130602.500 -12.100
388381.500 130603.500 -12.115
388381.500 130604.500 -12.112
388381.500 130605.500 -12.125
388381.500 130606.500 -12.147
388381.500 130607.500 -12.143
388381.500 130608.500 -12.140
388381.500 130609.500 -12.150
388381.500 130610.500 -12.150
388381.500 130611.500 -12.163
388381.500 130612.500 -12.162
388381.500 130613.500 -12.182
388381.500 130614.500 -12.165
388381.500 130615.500 -12.178
388381.500 130616.500 -12.175
388381.500 130617.500 -12.178
388381.500 130618.500 -12.163
388381.500 130619.500 -12.160
388381.500 130620.500 -12.170
388381.500 130621.500 -12.165
388381.500 130622.500 -12.185
388381.500 130623.500 -12.215
388381.500 130624.500 -12.223
388381.500 130625.500 -12.207
388381.500 130626.500 -12.197
388381.500 130627.500 -12.190
388381.500 130628.500 -12.172
388381.500 130629.500 -12.197
388381.500 130630.500 -12.215
388381.500 130631.500 -12.220
388381.500 130632.500 -12.235
388381.500 130633.500 -12.280
388381.500 130634.500 -12.280
388381.500 130635.500 -12.280
388382.500 130592.500 -11.770
388382.500 130593.500 -11.800
388382.500 130594.500 -11.825
388382.500 130595.500 -11.860
388382.500 130596.500 -11.880
388382.500 130597.500 -11.905
388382.500 130598.500 -11.938
388382.500 130599.500 -11.973
388382.500 130600.500 -12.005
388382.500 130601.500 -12.045
388382.500 130602.500 -12.065
388382.500 130603.500 -12.093
388382.500 130604.500 -12.098
388382.500 130605.500 -12.110
388382.500 130606.500 -12.130
388382.500 130607.500 -12.127
388382.500 130608.500 -12.130
388382.500 130609.500 -12.135
388382.500 130610.500 -12.140
388382.500 130611.500 -12.140
388382.500 130612.500 -12.148
388382.500 130613.500 -12.152
388382.500 130614.500 -12.148
388382.500 130615.500 -12.170
388382.500 130616.500 -12.148
388382.500 130617.500 -12.143
388382.500 130618.500 -12.140
388382.500 130619.500 -12.155
388382.500 130620.500 -12.178
388382.500 130621.500 -12.190
388382.500 130622.500 -12.208
388382.500 130623.500 -12.188
388382.500 130624.500 -12.177
388382.500 130625.500 -12.178
388382.500 130626.500 -12.180
388382.500 130627.500 -12.165
388382.500 130628.500 -12.135
388382.500 130629.500 -12.152
388382.500 130630.500 -12.165
388382.500 130631.500 -12.188
388382.500 130632.500 -12.215
388382.500 130633.500 -12.255
388382.500 130634.500 -12.265
388382.500 130635.500 -12.258
388382.500 130636.500 -12.258
388383.500 130592.500 -11.748
388383.500 130593.500 -11.793
388383.500 130594.500 -11.818
388383.500 130595.500 -11.850
388383.500 130596.500 -11.870
388383.500 130597.500 -11.905
388383.500 130598.500 -11.928
388383.500 130599.500 -11.957
388383.500 130600.500 -11.988
388383.500 130601.500 -12.015
388383.500 130602.500 -12.035
388383.500 130603.500 -12.052
388383.500 130604.500 -12.075
388383.500 130605.500 -12.085
388383.500 130606.500 -12.100
388383.500 130607.500 -12.107
388383.500 130608.500 -12.107
388383.500 130609.500 -12.123
388383.500 130610.500 -12.128
388383.500 130611.500 -12.127
388383.500 130612.500 -12.123
388383.500 130613.500 -12.122
388383.500 130614.500 -12.132
388383.500 130615.500 -12.145
388383.500 130616.500 -12.120
388383.500 130617.500 -12.100
388383.500 130618.500 -12.080
388383.500 130619.500 -12.085
388383.500 130620.500 -12.138
388383.500 130621.500 -12.165
388383.500 130622.500 -12.175
388383.500 130623.500 -12.148
388383.500 130624.500 -12.133
388383.500 130625.500 -12.150
388383.500 130626.500 -12.147
388383.500 130627.500 -12.117
388383.500 130628.500 -12.115
388383.500 130629.500 -12.130
388383.500 130630.500 -12.135
388383.500 130631.500 -12.145
388383.500 130632.500 -12.180
388383.500 130633.500 -12.210
388383.500 130634.500 -12.235
388383.500 130635.500 -12.238
388383.500 130636.500 -12.240
388383.500 130637.500 -12.233
388383.500 130638.500 -12.248
388384.500 130592.500 -11.725
388384.500 130593.500 -11.770
388384.500 130594.500 -11.803
388384.500 130595.500 -11.828
388384.500 130596.500 -11.860
388384.500 130597.500 -11.885
388384.500 130598.500 -11.907
388384.500 130599.500 -11.937
388384.500 130600.500 -11.957
388384.500 130601.500 -11.975
388384.500 130602.500 -12.002
388384.500 130603.500 -12.023
388384.500 130604.500 -12.045
388384.500 130605.500 -12.050
388384.500 130606.500 -12.068
388384.500 130607.500 -12.077
388384.500 130608.500 -12.090
388384.500 130609.500 -12.098
388384.500 130610.500 -12.102
388384.500 130611.500 -12.098
388384.500 130612.500 -12.090
388384.500 130613.500 -12.095
388384.500 130614.500 -12.100
388384.500 130615.500 -12.113
388384.500 130616.500 -12.105
388384.500 130617.500 -12.062
388384.500 130618.500 -12.052
388384.500 130619.500 -12.035
388384.500 130620.500 -12.058
388384.500 130621.500 -12.098
388384.500 130622.500 -12.115
388384.500 130623.500 -12.098
388384.500 130624.500 -12.107
388384.500 130625.500 -12.143
388384.500 130626.500 -12.123
388384.500 130627.500 -12.098
388384.500 130628.500 -12.088
388384.500 130629.500 -12.102
388384.500 130630.500 -12.125
388384.500 130631.500 -12.125
388384.500 130632.500 -12.140
388384.500 130633.500 -12.168
388384.500 130634.500 -12.213
388384.500 130635.500 -12.228
388384.500 130636.500 -12.240
388384.500 130637.500 -12.238
388384.500 130638.500 -12.255
388384.500 130639.500 -12.248
388385.500 130592.500 -11.703
388385.500 130593.500 -11.753
388385.500 130594.500 -11.787
388385.500 130595.500 -11.818
388385.500 130596.500 -11.840
388385.500 130597.500 -11.870
388385.500 130598.500 -11.907
388385.500 130599.500 -11.922
388385.500 130600.500 -11.928
388385.500 130601.500 -11.942
388385.500 130602.500 -11.975
388385.500 130603.500 -12.000
388385.500 130604.500 -12.015
388385.500 130605.500 -12.015
388385.500 130606.500 -12.032
388385.500 130607.500 -12.053
388385.500 130608.500 -12.065
388385.500 130609.500 -12.080
388385.500 130610.500 -12.070
388385.500 130611.500 -12.060
388385.500 130612.500 -12.060
388385.500 130613.500 -12.058
388385.500 130614.500 -12.057
388385.500 130615.500 -12.062
388385.500 130616.500 -12.075
388385.500 130617.500 -12.045
388385.500 130618.500 -12.032
388385.500 130619.500 -12.015
388385.500 130620.500 -12.027
388385.500 130621.500 -12.070
388385.500 130622.500 -12.080
388385.500 130623.500 -12.088
388385.500 130624.500 -12.115
388385.500 130625.500 -12.125
388385.500 130626.500 -12.110
388385.500 130627.500 -12.078
388385.500 130628.500 -12.062
388385.500 130629.500 -12.062
388385.500 130630.500 -12.098
388385.500 130631.500 -12.112
388385.500 130632.500 -12.138
388385.500 130633.500 -12.170
388385.500 130634.500 -12.192
388385.500 130635.500 -12.220
388385.500 130636.500 -12.228
388385.500 130637.500 -12.248
388385.500 130638.500 -12.253
388385.500 130639.500 -12.238
388385.500 130640.500 -12.205
388385.500 130641.500 -12.185
388386.500 130592.500 -11.672
388386.500 130593.500 -11.712
388386.500 130594.500 -11.750
388386.500 130595.500 -11.785
388386.500 130596.500 -11.812
388386.500 130597.500 -11.848
388386.500 130598.500 -11.880
388386.500 130599.500 -11.890
388386.500 130600.500 -11.893
388386.500 130601.500 -11.910
388386.500 130602.500 -11.953
388386.500 130603.500 -11.960
388386.500 130604.500 -11.967
388386.500 130605.500 -11.985
388386.500 130606.500 -12.000
388386.500 130607.500 -12.032
388386.500 130608.500 -12.050
388386.500 130609.500 -12.053
388386.500 130610.500 -12.040
388386.500 130611.500 -12.015
388386.500 130612.500 -12.008
388386.500 130613.500 -12.005
388386.500 130614.500 -12.012
388386.500 130615.500 -12.018
388386.500 130616.500 -12.020
388386.500 130617.500 -12.003
388386.500 130618.500 -12.010
388386.500 130619.500 -11.998
388386.500 130620.500 -12.012
388386.500 130621.500 -12.043
388386.500 130622.500 -12.067
388386.500 130623.500 -12.098
388386.500 130624.500 -12.115
388386.500 130625.500 -12.130
388386.500 130626.500 -12.110
388386.500 130627.500 -12.095
388386.500 130628.500 -12.072
388386.500 130629.500 -12.065
388386.500 130630.500 -12.102
388386.500 130631.500 -12.120
388386.500 130632.500 -12.160
388386.500 130633.500 -12.205
388386.500 130634.500 -12.223
388386.500 130635.500 -12.227
388386.500 130636.500 -12.228
388386.500 130637.500 -12.230
388386.500 130638.500 -12.200
388386.500 130639.500 -12.197
388386.500 130640.500 -12.183
388386.500 130641.500 -12.160
388386.500 130642.500 -12.168
388387.500 130592.500 -11.677
388387.500 130593.500 -11.700
388387.500 130594.500 -11.720
388387.500 130595.500 -11.750
388387.500 130596.500 -11.787
388387.500 130597.500 -11.815
388387.500 130598.500 -11.845
388387.500 130599.500 -11.862
388387.500 130600.500 -11.875
388387.500 130601.500 -11.890
388387.500 130602.500 -11.913
388387.500 130603.500 -11.928
388387.500 130604.500 -11.950
388387.500 130605.500 -11.960
388387.500 130606.500 -11.980
388387.500 130607.500 -12.005
388387.500 130608.500 -12.027
388387.500 130609.500 -12.035
388387.500 130610.500 -12.010
388387.500 130611.500 -11.980
388387.500 130612.500 -11.975
388387.500 130613.500 -11.985
388387.500 130614.500 -11.970
388387.500 130615.500 -11.980
388387.500 130616.500 -11.980
388387.500 130617.500 -11.962
388387.500 130618.500 -11.955
388387.500 130619.500 -11.963
388387.500 130620.500 -11.983
388387.500 130621.500 -12.015
388387.500 130622.500 -12.055
388387.500 130623.500 -12.090
388387.500 130624.500 -12.105
388387.500 130625.500 -12.128
388387.500 130626.500 -12.123
388387.500 130627.500 -12.110
388387.500 130628.500 -12.107
388387.500 130629.500 -12.107
388387.500 130630.500 -12.140
388387.500 130631.500 -12.158
388387.500 130632.500 -12.200
388387.500 130633.500 -12.228
388387.500 130634.500 -12.250
388387.500 130635.500 -12.250
388387.500 130636.500 -12.233
388387.500 130637.500 -12.203
388387.500 130638.500 -12.175
388387.500 130639.500 -12.178
388387.500 130640.500 -12.175
388387.500 130641.500 -12.147
388387.500 130642.500 -12.148
388387.500 130643.500 -12.163
388387.500 130644.500 -12.160
388388.500 130592.500 -11.665
388388.500 130593.500 -11.698
388388.500 130594.500 -11.725
388388.500 130595.500 -11.743
388388.500 130596.500 -11.753
388388.500 130597.500 -11.775
388388.500 130598.500 -11.820
388388.500 130599.500 -11.840
388388.500 130600.500 -11.848
388388.500 130601.500 -11.865
388388.500 130602.500 -11.887
388388.500 130603.500 -11.910
388388.500 130604.500 -11.932
388388.500 130605.500 -11.950
388388.500 130606.500 -11.945
388388.500 130607.500 -11.965
388388.500 130608.500 -11.992
388388.500 130609.500 -12.008
388388.500 130610.500 -11.995
388388.500 130611.500 -11.977
388388.500 130612.500 -11.978
388388.500 130613.500 -11.983
388388.500 130614.500 -11.933
388388.500 130615.500 -11.940
388388.500 130616.500 -11.967
388388.500 130617.500 -11.963
388388.500 130618.500 -11.932
388388.500 130619.500 -11.953
388388.500 130620.500 -11.957
388388.500 130621.500 -11.980
388388.500 130622.500 -12.018
388388.500 130623.500 -12.072
388388.500 130624.500 -12.107
388388.500 130625.500 -12.125
388388.500 130626.500 -12.138
388388.500 130627.500 -12.130
388388.500 130628.500 -12.125
388388.500 130629.500 -12.133
388388.500 130630.500 -12.158
388388.500 130631.500 -12.170
388388.500 130632.500 -12.205
388388.500 130633.500 -12.225
388388.500 130634.500 -12.235
388388.500 130635.500 -12.245
388388.500 130636.500 -12.238
388388.500 130637.500 -12.210
388388.500 130638.500 -12.185
388388.500 130639.500 -12.170
388388.500 130640.500 -12.165
388388.500 130641.500 -12.133
388388.500 130642.500 -12.128
388388.500 130643.500 -12.140
388388.500 130644.500 -12.143
388388.500 130645.500 -12.130
388389.500 130592.500 -11.643
388389.500 130593.500 -11.678
388389.500 130594.500 -11.713
388389.500 130595.500 -11.742
388389.500 130596.500 -11.755
388389.500 130597.500 -11.773
388389.500 130598.500 -11.790
388389.500 130599.500 -11.805
388389.500 130600.500 -11.825
388389.500 130601.500 -11.838
388389.500 130602.500 -11.865
388389.500 130603.500 -11.885
388389.500 130604.500 -11.913
388389.500 130605.500 -11.922
388389.500 130606.500 -11.922
388389.500 130607.500 -11.940
388389.500 130608.500 -11.965
388389.500 130609.500 -11.990
388389.500 130610.500 -11.993
388389.500 130611.500 -11.977
388389.500 130612.500 -11.973
388389.500 130613.500 -11.968
388389.500 130614.500 -11.922
388389.500 130615.500 -11.908
388389.500 130616.500 -11.948
388389.500 130617.500 -11.963
388389.500 130618.500 -11.938
388389.500 130619.500 -11.945
388389.500 130620.500 -11.947
388389.500 130621.500 -11.963
388389.500 130622.500 -12.005
388389.500 130623.500 -12.040
388389.500 130624.500 -12.087
388389.500 130625.500 -12.115
388389.500 130626.500 -12.120
388389.500 130627.500 -12.130
388389.500 130628.500 -12.138
388389.500 130629.500 -12.138
388389.500 130630.500 -12.143
388389.500 130631.500 -12.148
388389.500 130632.500 -12.172
388389.500 130633.500 -12.180
388389.500 130634.500 -12.192
388389.500 130635.500 -12.207
388389.500 130636.500 -12.205
388389.500 130637.500 -12.197
388389.500 130638.500 -12.195
388389.500 130639.500 -12.160
388389.500 130640.500 -12.148
388389.500 130641.500 -12.127
388389.500 130642.500 -12.110
388389.500 130643.500 -12.110
388389.500 130644.500 -12.107
388389.500 130645.500 -12.107
388389.500 130646.500 -12.117
388389.500 130647.500 -12.130
388390.500 130592.500 -11.612
388390.500 130593.500 -11.657
388390.500 130594.500 -11.703
388390.500 130595.500 -11.727
388390.500 130596.500 -11.757
388390.500 130597.500 -11.773
388390.500 130598.500 -11.793
388390.500 130599.500 -11.800
388390.500 130600.500 -11.808
388390.500 130601.500 -11.820
388390.500 130602.500 -11.835
388390.500 130603.500 -11.855
388390.500 130604.500 -11.887
388390.500 130605.500 -11.902
388390.500 130606.500 -11.915
388390.500 130607.500 -11.925
388390.500 130608.500 -11.948
388390.500 130609.500 -11.978
388390.500 130610.500 -11.988
388390.500 130611.500 -11.975
388390.500 130612.500 -11.963
388390.500 130613.500 -11.958
388390.500 130614.500 -11.932
388390.500 130615.500 -11.928
388390.500 130616.500 -11.942
388390.500 130617.500 -11.957
388390.500 130618.500 -11.945
388390.500 130619.500 -11.965
388390.500 130620.500 -11.982
388390.500 130621.500 -11.995
388390.500 130622.500 -12.035
388390.500 130623.500 -12.057
388390.500 130624.500 -12.092
388390.500 130625.500 -12.120
388390.500 130626.500 -12.117
388390.500 130627.500 -12.127
388390.500 130628.500 -12.125
388390.500 130629.500 -12.120
388390.500 130630.500 -12.127
388390.500 130631.500 -12.125
388390.500 130632.500 -12.132
388390.500 130633.500 -12.143
388390.500 130634.500 -12.145
388390.500 130635.500 -12.140
388390.500 130636.500 -12.152
388390.500 130637.500 -12.160
388390.500 130638.500 -12.157
388390.500 130639.500 -12.127
388390.500 130640.500 -12.125
388390.500 130641.500 -12.102
388390.500 130642.500 -12.075
388390.500 130643.500 -12.075
388390.500 130644.500 -12.087
388390.500 130645.500 -12.090
388390.500 130646.500 -12.110
388390.500 130647.500 -12.110
388390.500 130648.500 -12.113
388391.500 130592.500 -11.592
388391.500 130593.500 -11.640
388391.500 130594.500 -11.677
388391.500 130595.500 -11.715
388391.500 130596.500 -11.742
388391.500 130597.500 -11.762
388391.500 130598.500 -11.777
388391.500 130599.500 -11.787
388391.500 130600.500 -11.803
388391.500 130601.500 -11.815
388391.500 130602.500 -11.830
388391.500 130603.500 -11.845
388391.500 130604.500 -11.860
388391.500 130605.500 -11.875
388391.500 130606.500 -11.893
388391.500 130607.500 -11.915
388391.500 130608.500 -11.942
388391.500 130609.500 -11.968
388391.500 130610.500 -11.983
388391.500 130611.500 -11.980
388391.500 130612.500 -11.973
388391.500 130613.500 -11.963
388391.500 130614.500 -11.955
388391.500 130615.500 -11.950
388391.500 130616.500 -11.973
388391.500 130617.500 -11.953
388391.500 130618.500 -11.947
388391.500 130619.500 -11.968
388391.500 130620.500 -12.002
388391.500 130621.500 -12.025
388391.500 130622.500 -12.045
388391.500 130623.500 -12.060
388391.500 130624.500 -12.090
388391.500 130625.500 -12.115
388391.500 130626.500 -12.110
388391.500 130627.500 -12.103
388391.500 130628.500 -12.110
388391.500 130629.500 -12.100
388391.500 130630.500 -12.093
388391.500 130631.500 -12.093
388391.500 130632.500 -12.100
388391.500 130633.500 -12.115
388391.500 130634.500 -12.100
388391.500 130635.500 -12.098
388391.500 130636.500 -12.127
388391.500 130637.500 -12.135
388391.500 130638.500 -12.125
388391.500 130639.500 -12.105
388391.500 130640.500 -12.102
388391.500 130641.500 -12.087
388391.500 130642.500 -12.060
388391.500 130643.500 -12.062
388391.500 130644.500 -12.067
388391.500 130645.500 -12.077
388391.500 130646.500 -12.075
388391.500 130647.500 -12.057
388391.500 130648.500 -12.060
388391.500 130649.500 -12.062
388391.500 130650.500 -12.068
388392.500 130592.500 -11.567
388392.500 130593.500 -11.620
388392.500 130594.500 -11.670
388392.500 130595.500 -11.695
388392.500 130596.500 -11.723
388392.500 130597.500 -11.755
388392.500 130598.500 -11.773
388392.500 130599.500 -11.780
388392.500 130600.500 -11.792
388392.500 130601.500 -11.810
388392.500 130602.500 -11.820
388392.500 130603.500 -11.832
388392.500 130604.500 -11.843
388392.500 130605.500 -11.853
388392.500 130606.500 -11.865
388392.500 130607.500 -11.890
388392.500 130608.500 -11.932
388392.500 130609.500 -11.960
388392.500 130610.500 -11.968
388392.500 130611.500 -11.973
388392.500 130612.500 -11.977
388392.500 130613.500 -11.975
388392.500 130614.500 -11.970
388392.500 130615.500 -11.960
388392.500 130616.500 -11.967
388392.500 130617.500 -11.968
388392.500 130618.500 -11.957
388392.500 130619.500 -11.968
388392.500 130620.500 -11.985
388392.500 130621.500 -12.020
388392.500 130622.500 -12.050
388392.500 130623.500 -12.058
388392.500 130624.500 -12.085
388392.500 130625.500 -12.090
388392.500 130626.500 -12.085
388392.500 130627.500 -12.075
388392.500 130628.500 -12.068
388392.500 130629.500 -12.068
388392.500 130630.500 -12.068
388392.500 130631.500 -12.070
388392.500 130632.500 -12.060
388392.500 130633.500 -12.072
388392.500 130634.500 -12.075
388392.500 130635.500 -12.075
388392.500 130636.500 -12.078
388392.500 130637.500 -12.082
388392.500 130638.500 -12.075
388392.500 130639.500 -12.080
388392.500 130640.500 -12.055
388392.500 130641.500 -12.053
388392.500 130642.500 -12.043
388392.500 130643.500 -12.042
388392.500 130644.500 -12.050
388392.500 130645.500 -12.043
388392.500 130646.500 -12.035
388392.500 130647.500 -12.025
388392.500 130648.500 -12.053
388392.500 130649.500 -12.062
388392.500 130650.500 -12.060
388392.500 130651.500 -12.060
388393.500 130592.500 -11.542
388393.500 130593.500 -11.582
388393.500 130594.500 -11.645
388393.500 130595.500 -11.675
388393.500 130596.500 -11.707
388393.500 130597.500 -11.730
388393.500 130598.500 -11.748
388393.500 130599.500 -11.780
388393.500 130600.500 -11.790
388393.500 130601.500 -11.800
388393.500 130602.500 -11.797
388393.500 130603.500 -11.815
388393.500 130604.500 -11.835
388393.500 130605.500 -11.838
388393.500 130606.500 -11.862
388393.500 130607.500 -11.893
388393.500 130608.500 -11.910
388393.500 130609.500 -11.932
388393.500 130610.500 -11.965
388393.500 130611.500 -11.975
388393.500 130612.500 -11.973
388393.500 130613.500 -11.975
388393.500 130614.500 -11.970
388393.500 130615.500 -11.967
388393.500 130616.500 -11.970
388393.500 130617.500 -11.957
388393.500 130618.500 -11.978
388393.500 130619.500 -11.978
388393.500 130620.500 -11.980
388393.500 130621.500 -12.015
388393.500 130622.500 -12.032
388393.500 130623.500 -12.047
388393.500 130624.500 -12.058
388393.500 130625.500 -12.065
388393.500 130626.500 -12.068
388393.500 130627.500 -12.058
388393.500 130628.500 -12.045
388393.500 130629.500 -12.043
388393.500 130630.500 -12.038
388393.500 130631.500 -12.045
388393.500 130632.500 -12.037
388393.500 130633.500 -12.040
388393.500 130634.500 -12.040
388393.500 130635.500 -12.035
388393.500 130636.500 -12.032
388393.500 130637.500 -12.030
388393.500 130638.500 -12.025
388393.500 130639.500 -12.025
388393.500 130640.500 -12.015
388393.500 130641.500 -12.015
388393.500 130642.500 -12.005
388393.500 130643.500 -12.002
388393.500 130644.500 -12.015
388393.500 130645.500 -12.010
388393.500 130646.500 -12.012
388393.500 130647.500 -12.010
388393.500 130648.500 -12.033
388393.500 130649.500 -12.043
388393.500 130650.500 -12.032
388393.500 130651.500 -12.027
388393.500 130652.500 -12.037
388394.500 130592.500 -11.570
388394.500 130593.500 -11.560
388394.500 130594.500 -11.610
388394.500 130595.500 -11.652
388394.500 130596.500 -11.688
388394.500 130597.500 -11.713
388394.500 130598.500 -11.728
388394.500 130599.500 -11.750
388394.500 130600.500 -11.773
388394.500 130601.500 -11.795
388394.500 130602.500 -11.797
388394.500 130603.500 -11.805
388394.500 130604.500 -11.818
388394.500 130605.500 -11.830
388394.500 130606.500 -11.848
388394.500 130607.500 -11.880
388394.500 130608.500 -11.905
388394.500 130609.500 -11.940
388394.500 130610.500 -11.960
388394.500 130611.500 -11.953
388394.500 130612.500 -11.955
388394.500 130613.500 -11.960
388394.500 130614.500 -11.957
388394.500 130615.500 -11.955
388394.500 130616.500 -11.960
388394.500 130617.500 -11.947
388394.500 130618.500 -11.968
388394.500 130619.500 -11.970
388394.500 130620.500 -11.965
388394.500 130621.500 -11.992
388394.500 130622.500 -11.995
388394.500 130623.500 -12.023
388394.500 130624.500 -12.035
388394.500 130625.500 -12.038
388394.500 130626.500 -12.047
388394.500 130627.500 -12.047
388394.500 130628.500 -12.012
388394.500 130629.500 -12.007
388394.500 130630.500 -12.023
388394.500 130631.500 -12.018
388394.500 130632.500 -12.008
388394.500 130633.500 -12.000
388394.500 130634.500 -12.010
388394.500 130635.500 -12.005
388394.500 130636.500 -12.002
388394.500 130637.500 -11.988
388394.500 130638.500 -11.975
388394.500 130639.500 -11.955
388394.500 130640.500 -11.973
388394.500 130641.500 -11.960
388394.500 130642.500 -11.955
388394.500 130643.500 -11.953
388394.500 130644.500 -11.963
388394.500 130645.500 -11.992
388394.500 130646.500 -12.000
388394.500 130647.500 -11.985
388394.500 130648.500 -11.990
388394.500 130649.500 -12.002
388394.500 130650.500 -11.992
388394.500 130651.500 -11.998
388394.500 130652.500 -12.002
388394.500 130653.500 -11.988
388394.500 130654.500 -11.950
388395.500 130592.500 -11.565
388395.500 130593.500 -11.585
388395.500 130594.500 -11.578
388395.500 130595.500 -11.625
388395.500 130596.500 -11.665
388395.500 130597.500 -11.695
388395.500 130598.500 -11.717
388395.500 130599.500 -11.728
388395.500 130600.500 -11.745
388395.500 130601.500 -11.773
388395.500 130602.500 -11.795
388395.500 130603.500 -11.803
388395.500 130604.500 -11.810
388395.500 130605.500 -11.820
388395.500 130606.500 -11.840
388395.500 130607.500 -11.865
388395.500 130608.500 -11.895
388395.500 130609.500 -11.930
388395.500 130610.500 -11.948
388395.500 130611.500 -11.950
388395.500 130612.500 -11.947
388395.500 130613.500 -11.930
388395.500 130614.500 -11.932
388395.500 130615.500 -11.937
388395.500 130616.500 -11.935
388395.500 130617.500 -11.922
388395.500 130618.500 -11.938
388395.500 130619.500 -11.965
388395.500 130620.500 -11.935
388395.500 130621.500 -11.960
388395.500 130622.500 -11.970
388395.500 130623.500 -11.982
388395.500 130624.500 -11.990
388395.500 130625.500 -12.010
388395.500 130626.500 -12.008
388395.500 130627.500 -12.008
388395.500 130628.500 -11.992
388395.500 130629.500 -11.980
388395.500 130630.500 -12.005
388395.500 130631.500 -12.002
388395.500 130632.500 -11.982
388395.500 130633.500 -11.970
388395.500 130634.500 -11.975
388395.500 130635.500 -11.982
388395.500 130636.500 -11.983
388395.500 130637.500 -11.968
388395.500 130638.500 -11.935
388395.500 130639.500 -11.910
388395.500 130640.500 -11.920
388395.500 130641.500 -11.907
388395.500 130642.500 -11.902
388395.500 130643.500 -11.922
388395.500 130644.500 -11.937
388395.500 130645.500 -11.960
388395.500 130646.500 -11.960
388395.500 130647.500 -11.942
388395.500 130648.500 -11.960
388395.500 130649.500 -11.975
388395.500 130650.500 -11.962
388395.500 130651.500 -11.953
388395.500 130652.500 -11.960
388395.500 130653.500 -11.950
388395.500 130654.500 -11.920
388395.500 130655.500 -11.895
388396.500 130592.500 -11.532
388396.500 130593.500 -11.565
388396.500 130594.500 -11.575
388396.500 130595.500 -11.602
388396.500 130596.500 -11.635
388396.500 130597.500 -11.675
388396.500 130598.500 -11.690
388396.500 130599.500 -11.710
388396.500 130600.500 -11.730
388396.500 130601.500 -11.742
388396.500 130602.500 -11.777
388396.500 130603.500 -11.803
388396.500 130604.500 -11.812
388396.500 130605.500 -11.818
388396.500 130606.500 -11.832
388396.500 130607.500 -11.853
388396.500 130608.500 -11.873
388396.500 130609.500 -11.915
388396.500 130610.500 -11.937
388396.500 130611.500 -11.942
388396.500 130612.500 -11.948
388396.500 130613.500 -11.935
388396.500 130614.500 -11.928
388396.500 130615.500 -11.928
388396.500 130616.500 -11.915
388396.500 130617.500 -11.910
388396.500 130618.500 -11.913
388396.500 130619.500 -11.945
388396.500 130620.500 -11.920
388396.500 130621.500 -11.915
388396.500 130622.500 -11.930
388396.500 130623.500 -11.928
388396.500 130624.500 -11.930
388396.500 130625.500 -11.950
388396.500 130626.500 -11.957
388396.500 130627.500 -11.960
388396.500 130628.500 -11.977
388396.500 130629.500 -11.998
388396.500 130630.500 -11.992
388396.500 130631.500 -11.968
388396.500 130632.500 -11.947
388396.500 130633.500 -11.930
388396.500 130634.500 -11.938
388396.500 130635.500 -11.940
388396.500 130636.500 -11.945
388396.500 130637.500 -11.933
388396.500 130638.500 -11.918
388396.500 130639.500 -11.907
388396.500 130640.500 -11.913
388396.500 130641.500 -11.888
388396.500 130642.500 -11.890
388396.500 130643.500 -11.898
388396.500 130644.500 -11.900
388396.500 130645.500 -11.913
388396.500 130646.500 -11.910
388396.500 130647.500 -11.915
388396.500 130648.500 -11.925
388396.500 130649.500 -11.938
388396.500 130650.500 -11.922
388396.500 130651.500 -11.910
388396.500 130652.500 -11.908
388396.500 130653.500 -11.900
388396.500 130654.500 -11.873
388396.500 130655.500 -11.855
388396.500 130656.500 -11.835
388396.500 130657.500 -11.843
388397.500 130592.500 -11.547
388397.500 130593.500 -11.562
388397.500 130594.500 -11.580
388397.500 130595.500 -11.605
388397.500 130596.500 -11.595
388397.500 130597.500 -11.622
388397.500 130598.500 -11.668
388397.500 130599.500 -11.695
388397.500 130600.500 -11.713
388397.500 130601.500 -11.725
388397.500 130602.500 -11.752
388397.500 130603.500 -11.803
388397.500 130604.500 -11.810
388397.500 130605.500 -11.810
388397.500 130606.500 -11.818
388397.500 130607.500 -11.838
388397.500 130608.500 -11.860
388397.500 130609.500 -11.895
388397.500 130610.500 -11.920
388397.500 130611.500 -11.935
388397.500 130612.500 -11.937
388397.500 130613.500 -11.938
388397.500 130614.500 -11.920
388397.500 130615.500 -11.918
388397.500 130616.500 -11.905
388397.500 130617.500 -11.895
388397.500 130618.500 -11.895
388397.500 130619.500 -11.920
388397.500 130620.500 -11.912
388397.500 130621.500 -11.860
388397.500 130622.500 -11.877
388397.500 130623.500 -11.897
388397.500 130624.500 -11.912
388397.500 130625.500 -11.900
388397.500 130626.500 -11.898
388397.500 130627.500 -11.895
388397.500 130628.500 -11.928
388397.500 130629.500 -11.957
388397.500 130630.500 -11.953
388397.500 130631.500 -11.945
388397.500 130632.500 -11.930
388397.500 130633.500 -11.910
388397.500 130634.500 -11.888
388397.500 130635.500 -11.890
388397.500 130636.500 -11.895
388397.500 130637.500 -11.895
388397.500 130638.500 -11.883
388397.500 130639.500 -11.888
388397.500 130640.500 -11.895
388397.500 130641.500 -11.895
388397.500 130642.500 -11.890
388397.500 130643.500 -11.870
388397.500 130644.500 -11.855
388397.500 130645.500 -11.863
388397.500 130646.500 -11.880
388397.500 130647.500 -11.895
388397.500 130648.500 -11.898
388397.500 130649.500 -11.885
388397.500 130650.500 -11.882
388397.500 130651.500 -11.878
388397.500 130652.500 -11.885
388397.500 130653.500 -11.873
388397.500 130654.500 -11.853
388397.500 130655.500 -11.832
388397.500 130656.500 -11.793
388397.500 130657.500 -11.800
388397.500 130658.500 -11.782
388398.500 130592.500 -11.542
388398.500 130593.500 -11.553
388398.500 130594.500 -11.562
388398.500 130595.500 -11.585
388398.500 130596.500 -11.610
388398.500 130597.500 -11.605
388398.500 130598.500 -11.620
388398.500 130599.500 -11.675
388398.500 130600.500 -11.700
388398.500 130601.500 -11.717
388398.500 130602.500 -11.728
388398.500 130603.500 -11.773
388398.500 130604.500 -11.812
388398.500 130605.500 -11.827
388398.500 130606.500 -11.812
388398.500 130607.500 -11.810
388398.500 130608.500 -11.843
388398.500 130609.500 -11.880
388398.500 130610.500 -11.913
388398.500 130611.500 -11.928
388398.500 130612.500 -11.928
388398.500 130613.500 -11.930
388398.500 130614.500 -11.915
388398.500 130615.500 -11.905
388398.500 130616.500 -11.900
388398.500 130617.500 -11.880
388398.500 130618.500 -11.888
388398.500 130619.500 -11.900
388398.500 130620.500 -11.897
388398.500 130621.500 -11.835
388398.500 130622.500 -11.808
388398.500 130623.500 -11.830
388398.500 130624.500 -11.850
388398.500 130625.500 -11.875
388398.500 130626.500 -11.878
388398.500 130627.500 -11.883
388398.500 130628.500 -11.880
388398.500 130629.500 -11.900
388398.500 130630.500 -11.902
388398.500 130631.500 -11.885
388398.500 130632.500 -11.885
388398.500 130633.500 -11.870
388398.500 130634.500 -11.863
388398.500 130635.500 -11.862
388398.500 130636.500 -11.867
388398.500 130637.500 -11.870
388398.500 130638.500 -11.875
388398.500 130639.500 -11.885
388398.500 130640.500 -11.895
388398.500 130641.500 -11.883
388398.500 130642.500 -11.872
388398.500 130643.500 -11.845
388398.500 130644.500 -11.812
388398.500 130645.500 -11.820
388398.500 130646.500 -11.835
388398.500 130647.500 -11.863
388398.500 130648.500 -11.857
388398.500 130649.500 -11.837
388398.500 130650.500 -11.835
388398.500 130651.500 -11.840
388398.500 130652.500 -11.865
388398.500 130653.500 -11.850
388398.500 130654.500 -11.840
388398.500 130655.500 -11.815
388398.500 130656.500 -11.795
388398.500 130657.500 -11.782
388398.500 130658.500 -11.758
388398.500 130659.500 -11.728
388398.500 130660.500 -11.703
388399.500 130592.500 -11.537
388399.500 130593.500 -11.562
388399.500 130594.500 -11.552
388399.500 130595.500 -11.578
388399.500 130596.500 -11.605
388399.500 130597.500 -11.612
388399.500 130598.500 -11.600
388399.500 130599.500 -11.640
388399.500 130600.500 -11.678
388399.500 130601.500 -11.700
388399.500 130602.500 -11.725
388399.500 130603.500 -11.745
388399.500 130604.500 -11.797
388399.500 130605.500 -11.825
388399.500 130606.500 -11.822
388399.500 130607.500 -11.810
388399.500 130608.500 -11.828
388399.500 130609.500 -11.850
388399.500 130610.500 -11.898
388399.500 130611.500 -11.920
388399.500 130612.500 -11.912
388399.500 130613.500 -11.920
388399.500 130614.500 -11.905
388399.500 130615.500 -11.900
388399.500 130616.500 -11.888
388399.500 130617.500 -11.872
388399.500 130618.500 -11.867
388399.500 130619.500 -11.873
388399.500 130620.500 -11.870
388399.500 130621.500 -11.860
388399.500 130622.500 -11.840
388399.500 130623.500 -11.838
388399.500 130624.500 -11.825
388399.500 130625.500 -11.828
388399.500 130626.500 -11.845
388399.500 130627.500 -11.867
388399.500 130628.500 -11.870
388399.500 130629.500 -11.877
388399.500 130630.500 -11.885
388399.500 130631.500 -11.870
388399.500 130632.500 -11.860
388399.500 130633.500 -11.855
388399.500 130634.500 -11.835
388399.500 130635.500 -11.835
388399.500 130636.500 -11.853
388399.500 130637.500 -11.860
388399.500 130638.500 -11.883
388399.500 130639.500 -11.888
388399.500 130640.500 -11.875
388399.500 130641.500 -11.850
388399.500 130642.500 -11.832
388399.500 130643.500 -11.797
388399.500 130644.500 -11.763
388399.500 130645.500 -11.790
388399.500 130646.500 -11.810
388399.500 130647.500 -11.830
388399.500 130648.500 -11.848
388399.500 130649.500 -11.822
388399.500 130650.500 -11.798
388399.500 130651.500 -11.812
388399.500 130652.500 -11.848
388399.500 130653.500 -11.840
388399.500 130654.500 -11.820
388399.500 130655.500 -11.785
388399.500 130656.500 -11.777
388399.500 130657.500 -11.772
388399.500 130658.500 -11.745
388399.500 130659.500 -11.700
388399.500 130660.500 -11.675
388399.500 130661.500 -11.680
388400.500 130592.500 -11.527
388400.500 130593.500 -11.553
388400.500 130594.500 -11.555
388400.500 130595.500 -11.572
388400.500 130596.500 -11.582
388400.500 130597.500 -11.572
388400.500 130598.500 -11.602
388400.500 130599.500 -11.612
388400.500 130600.500 -11.655
388400.500 130601.500 -11.690
388400.500 130602.500 -11.715
388400.500 130603.500 -11.740
388400.500 130604.500 -11.768
388400.500 130605.500 -11.790
388400.500 130606.500 -11.820
388400.500 130607.500 -11.822
388400.500 130608.500 -11.827
388400.500 130609.500 -11.840
388400.500 130610.500 -11.865
388400.500 130611.500 -11.897
388400.500 130612.500 -11.908
388400.500 130613.500 -11.905
388400.500 130614.500 -11.898
388400.500 130615.500 -11.880
388400.500 130616.500 -11.870
388400.500 130617.500 -11.860
388400.500 130618.500 -11.845
388400.500 130619.500 -11.840
388400.500 130620.500 -11.837
388400.500 130621.500 -11.845
388400.500 130622.500 -11.840
388400.500 130623.500 -11.842
388400.500 130624.500 -11.845
388400.500 130625.500 -11.843
388400.500 130626.500 -11.825
388400.500 130627.500 -11.825
388400.500 130628.500 -11.825
388400.500 130629.500 -11.832
388400.500 130630.500 -11.845
388400.500 130631.500 -11.867
388400.500 130632.500 -11.870
388400.500 130633.500 -11.870
388400.500 130634.500 -11.857
388400.500 130635.500 -11.848
388400.500 130636.500 -11.848
388400.500 130637.500 -11.853
388400.500 130638.500 -11.875
388400.500 130639.500 -11.890
388400.500 130640.500 -11.873
388400.500 130641.500 -11.845
388400.500 130642.500 -11.800
388400.500 130643.500 -11.753
388400.500 130644.500 -11.730
388400.500 130645.500 -11.773
388400.500 130646.500 -11.820
388400.500 130647.500 -11.860
388400.500 130648.500 -11.860
388400.500 130649.500 -11.857
388400.500 130650.500 -11.845
388400.500 130651.500 -11.850
388400.500 130652.500 -11.838
388400.500 130653.500 -11.845
388400.500 130654.500 -11.805
388400.500 130655.500 -11.790
388400.500 130656.500 -11.762
388400.500 130657.500 -11.750
388400.500 130658.500 -11.727
388400.500 130659.500 -11.688
388400.500 130660.500 -11.672
388400.500 130661.500 -11.667
388400.500 130662.500 -11.700
388400.500 130663.500 -11.748
388401.500 130592.500 -11.523
388401.500 130593.500 -11.540
388401.500 130594.500 -11.545
388401.500 130595.500 -11.558
388401.500 130596.500 -11.577
388401.500 130597.500 -11.572
388401.500 130598.500 -11.600
388401.500 130599.500 -11.610
388401.500 130600.500 -11.625
388401.500 130601.500 -11.670
388401.500 130602.500 -11.705
388401.500 130603.500 -11.727
388401.500 130604.500 -11.750
388401.500 130605.500 -11.755
388401.500 130606.500 -11.788
388401.500 130607.500 -11.818
388401.500 130608.500 -11.840
388401.500 130609.500 -11.838
388401.500 130610.500 -11.840
388401.500 130611.500 -11.873
388401.500 130612.500 -11.905
388401.500 130613.500 -11.900
388401.500 130614.500 -11.880
388401.500 130615.500 -11.865
388401.500 130616.500 -11.853
388401.500 130617.500 -11.848
388401.500 130618.500 -11.832
388401.500 130619.500 -11.825
388401.500 130620.500 -11.810
388401.500 130621.500 -11.825
388401.500 130622.500 -11.837
388401.500 130623.500 -11.835
388401.500 130624.500 -11.830
388401.500 130625.500 -11.828
388401.500 130626.500 -11.838
388401.500 130627.500 -11.840
388401.500 130628.500 -11.835
388401.500 130629.500 -11.803
388401.500 130630.500 -11.777
388401.500 130631.500 -11.797
388401.500 130632.500 -11.848
388401.500 130633.500 -11.875
388401.500 130634.500 -11.875
388401.500 130635.500 -11.870
388401.500 130636.500 -11.875
388401.500 130637.500 -11.868
388401.500 130638.500 -11.870
388401.500 130639.500 -11.872
388401.500 130640.500 -11.870
388401.500 130641.500 -11.852
388401.500 130642.500 -11.828
388401.500 130643.500 -11.785
388401.500 130644.500 -11.782
388401.500 130645.500 -11.818
388401.500 130646.500 -11.860
388401.500 130647.500 -11.885
388401.500 130648.500 -11.888
388401.500 130649.500 -11.877
388401.500 130650.500 -11.862
388401.500 130651.500 -11.862
388401.500 130652.500 -11.855
388401.500 130653.500 -11.842
388401.500 130654.500 -11.808
388401.500 130655.500 -11.785
388401.500 130656.500 -11.752
388401.500 130657.500 -11.730
388401.500 130658.500 -11.723
388401.500 130659.500 -11.682
388401.500 130660.500 -11.657
388401.500 130661.500 -11.640
388401.500 130662.500 -11.682
388401.500 130663.500 -11.718
388401.500 130664.500 -11.738
388402.500 130592.500 -11.523
388402.500 130593.500 -11.522
388402.500 130594.500 -11.512
388402.500 130595.500 -11.530
388402.500 130596.500 -11.560
388402.500 130597.500 -11.577
388402.500 130598.500 -11.588
388402.500 130599.500 -11.610
388402.500 130600.500 -11.617
388402.500 130601.500 -11.645
388402.500 130602.500 -11.690
388402.500 130603.500 -11.718
388402.500 130604.500 -11.735
388402.500 130605.500 -11.745
388402.500 130606.500 -11.727
388402.500 130607.500 -11.788
388402.500 130608.500 -11.822
388402.500 130609.500 -11.835
388402.500 130610.500 -11.825
388402.500 130611.500 -11.832
388402.500 130612.500 -11.863
388402.500 130613.500 -11.885
388402.500 130614.500 -11.877
388402.500 130615.500 -11.860
388402.500 130616.500 -11.840
388402.500 130617.500 -11.830
388402.500 130618.500 -11.830
388402.500 130619.500 -11.820
388402.500 130620.500 -11.802
388402.500 130621.500 -11.822
388402.500 130622.500 -11.828
388402.500 130623.500 -11.820
388402.500 130624.500 -11.835
388402.500 130625.500 -11.842
388402.500 130626.500 -11.840
388402.500 130627.500 -11.852
388402.500 130628.500 -11.842
388402.500 130629.500 -11.825
388402.500 130630.500 -11.820
388402.500 130631.500 -11.823
388402.500 130632.500 -11.835
388402.500 130633.500 -11.855
388402.500 130634.500 -11.865
388402.500 130635.500 -11.883
388402.500 130636.500 -11.893
388402.500 130637.500 -11.895
388402.500 130638.500 -11.895
388402.500 130639.500 -11.877
388402.500 130640.500 -11.865
388402.500 130641.500 -11.850
388402.500 130642.500 -11.843
388402.500 130643.500 -11.832
388402.500 130644.500 -11.840
388402.500 130645.500 -11.857
388402.500 130646.500 -11.880
388402.500 130647.500 -11.893
388402.500 130648.500 -11.880
388402.500 130649.500 -11.873
388402.500 130650.500 -11.850
388402.500 130651.500 -11.848
388402.500 130652.500 -11.840
388402.500 130653.500 -11.812
388402.500 130654.500 -11.780
388402.500 130655.500 -11.768
388402.500 130656.500 -11.740
388402.500 130657.500 -11.707
388402.500 130658.500 -11.682
388402.500 130659.500 -11.627
388402.500 130660.500 -11.627
388402.500 130661.500 -11.638
388402.500 130662.500 -11.652
388402.500 130663.500 -11.692
388402.500 130664.500 -11.718
388402.500 130665.500 -11.752
388402.500 130666.500 -11.773
388403.500 130592.500 -11.543
388403.500 130593.500 -11.547
388403.500 130594.500 -11.537
388403.500 130595.500 -11.550
388403.500 130596.500 -11.553
388403.500 130597.500 -11.545
388403.500 130598.500 -11.562
388403.500 130599.500 -11.585
388403.500 130600.500 -11.612
388403.500 130601.500 -11.623
388403.500 130602.500 -11.647
388403.500 130603.500 -11.680
388403.500 130604.500 -11.712
388403.500 130605.500 -11.743
388403.500 130606.500 -11.732
388403.500 130607.500 -11.745
388403.500 130608.500 -11.800
388403.500 130609.500 -11.812
388403.500 130610.500 -11.818
388403.500 130611.500 -11.803
388403.500 130612.500 -11.812
388403.500 130613.500 -11.848
388403.500 130614.500 -11.842
388403.500 130615.500 -11.855
388403.500 130616.500 -11.835
388403.500 130617.500 -11.828
388403.500 130618.500 -11.827
388403.500 130619.500 -11.815
388403.500 130620.500 -11.808
388403.500 130621.500 -11.838
388403.500 130622.500 -11.840
388403.500 130623.500 -11.835
388403.500 130624.500 -11.842
388403.500 130625.500 -11.848
388403.500 130626.500 -11.857
388403.500 130627.500 -11.875
388403.500 130628.500 -11.857
388403.500 130629.500 -11.840
388403.500 130630.500 -11.830
388403.500 130631.500 -11.838
388403.500 130632.500 -11.853
388403.500 130633.500 -11.867
388403.500 130634.500 -11.888
388403.500 130635.500 -11.885
388403.500 130636.500 -11.867
388403.500 130637.500 -11.853
388403.500 130638.500 -11.850
388403.500 130639.500 -11.875
388403.500 130640.500 -11.883
388403.500 130641.500 -11.877
388403.500 130642.500 -11.877
388403.500 130643.500 -11.877
388403.500 130644.500 -11.905
388403.500 130645.500 -11.912
388403.500 130646.500 -11.905
388403.500 130647.500 -11.895
388403.500 130648.500 -11.873
388403.500 130649.500 -11.848
388403.500 130650.500 -11.830
388403.500 130651.500 -11.822
388403.500 130652.500 -11.812
388403.500 130653.500 -11.770
388403.500 130654.500 -11.745
388403.500 130655.500 -11.715
388403.500 130656.500 -11.698
388403.500 130657.500 -11.670
388403.500 130658.500 -11.645
388403.500 130659.500 -11.613
388403.500 130660.500 -11.610
388403.500 130661.500 -11.635
388403.500 130662.500 -11.645
388403.500 130663.500 -11.690
388403.500 130664.500 -11.715
388403.500 130665.500 -11.705
388403.500 130666.500 -11.735
388403.500 130667.500 -11.748
388404.500 130592.500 -11.540
388404.500 130593.500 -11.553
388404.500 130594.500 -11.555
388404.500 130595.500 -11.560
388404.500 130596.500 -11.552
388404.500 130597.500 -11.542
388404.500 130598.500 -11.555
388404.500 130599.500 -11.590
388404.500 130600.500 -11.617
388404.500 130601.500 -11.633
388404.500 130602.500 -11.672
388404.500 130603.500 -11.680
388404.500 130604.500 -11.705
388404.500 130605.500 -11.743
388404.500 130606.500 -11.740
388404.500 130607.500 -11.735
388404.500 130608.500 -11.762
388404.500 130609.500 -11.800
388404.500 130610.500 -11.800
388404.500 130611.500 -11.797
388404.500 130612.500 -11.812
388404.500 130613.500 -11.830
388404.500 130614.500 -11.850
388404.500 130615.500 -11.862
388404.500 130616.500 -11.830
388404.500 130617.500 -11.825
388404.500 130618.500 -11.822
388404.500 130619.500 -11.820
388404.500 130620.500 -11.820
388404.500 130621.500 -11.855
388404.500 130622.500 -11.862
388404.500 130623.500 -11.855
388404.500 130624.500 -11.848
388404.500 130625.500 -11.862
388404.500 130626.500 -11.880
388404.500 130627.500 -11.885
388404.500 130628.500 -11.885
388404.500 130629.500 -11.875
388404.500 130630.500 -11.870
388404.500 130631.500 -11.880
388404.500 130632.500 -11.877
388404.500 130633.500 -11.873
388404.500 130634.500 -11.885
388404.500 130635.500 -11.880
388404.500 130636.500 -11.877
388404.500 130637.500 -11.872
388404.500 130638.500 -11.848
388404.500 130639.500 -11.832
388404.500 130640.500 -11.840
388404.500 130641.500 -11.887
388404.500 130642.500 -11.917
388404.500 130643.500 -11.915
388404.500 130644.500 -11.950
388404.500 130645.500 -11.950
388404.500 130646.500 -11.930
388404.500 130647.500 -11.902
388404.500 130648.500 -11.902
388404.500 130649.500 -11.862
388404.500 130650.500 -11.817
388404.500 130651.500 -11.820
388404.500 130652.500 -11.828
388404.500 130653.500 -11.810
388404.500 130654.500 -11.735
388404.500 130655.500 -11.650
388404.500 130656.500 -11.617
388404.500 130657.500 -11.607
388404.500 130658.500 -11.575
388404.500 130659.500 -11.560
388404.500 130660.500 -11.588
388404.500 130661.500 -11.647
388404.500 130662.500 -11.657
388404.500 130663.500 -11.680
388404.500 130664.500 -11.675
388404.500 130665.500 -11.655
388404.500 130666.500 -11.685
388404.500 130667.500 -11.717
388404.500 130668.500 -11.742
388405.500 130592.500 -11.550
388405.500 130593.500 -11.553
388405.500 130594.500 -11.568
388405.500 130595.500 -11.568
388405.500 130596.500 -11.562
388405.500 130597.500 -11.558
388405.500 130598.500 -11.573
388405.500 130599.500 -11.610
388405.500 130600.500 -11.643
388405.500 130601.500 -11.647
388405.500 130602.500 -11.688
388405.500 130603.500 -11.710
388405.500 130604.500 -11.723
388405.500 130605.500 -11.760
388405.500 130606.500 -11.755
388405.500 130607.500 -11.750
388405.500 130608.500 -11.760
388405.500 130609.500 -11.790
388405.500 130610.500 -11.800
388405.500 130611.500 -11.808
388405.500 130612.500 -11.828
388405.500 130613.500 -11.848
388405.500 130614.500 -11.855
388405.500 130615.500 -11.840
388405.500 130616.500 -11.830
388405.500 130617.500 -11.825
388405.500 130618.500 -11.825
388405.500 130619.500 -11.820
388405.500 130620.500 -11.838
388405.500 130621.500 -11.867
388405.500 130622.500 -11.875
388405.500 130623.500 -11.867
388405.500 130624.500 -11.860
388405.500 130625.500 -11.865
388405.500 130626.500 -11.875
388405.500 130627.500 -11.893
388405.500 130628.500 -11.905
388405.500 130629.500 -11.918
388405.500 130630.500 -11.917
388405.500 130631.500 -11.910
388405.500 130632.500 -11.920
388405.500 130633.500 -11.930
388405.500 130634.500 -11.922
388405.500 130635.500 -11.893
388405.500 130636.500 -11.885
388405.500 130637.500 -11.873
388405.500 130638.500 -11.867
388405.500 130639.500 -11.880
388405.500 130640.500 -11.898
388405.500 130641.500 -11.895
388405.500 130642.500 -11.918
388405.500 130643.500 -11.928
388405.500 130644.500 -11.965
388405.500 130645.500 -11.973
388405.500 130646.500 -11.960
388405.500 130647.500 -11.945
388405.500 130648.500 -11.930
388405.500 130649.500 -11.915
388405.500 130650.500 -11.917
388405.500 130651.500 -11.912
388405.500 130652.500 -11.872
388405.500 130653.500 -11.830
388405.500 130654.500 -11.738
388405.500 130655.500 -11.707
388405.500 130656.500 -11.668
388405.500 130657.500 -11.642
388405.500 130658.500 -11.602
388405.500 130659.500 -11.580
388405.500 130660.500 -11.625
388405.500 130661.500 -11.655
388405.500 130662.500 -11.635
388405.500 130663.500 -11.648
388405.500 130664.500 -11.643
388405.500 130665.500 -11.633
388405.500 130666.500 -11.678
388405.500 130667.500 -11.695
388405.500 130668.500 -11.705
388405.500 130669.500 -11.720
388405.500 130670.500 -11.737
388406.500 130592.500 -11.555
388406.500 130593.500 -11.560
388406.500 130594.500 -11.560
388406.500 130595.500 -11.558
388406.500 130596.500 -11.562
388406.500 130597.500 -11.578
388406.500 130598.500 -11.593
388406.500 130599.500 -11.612
388406.500 130600.500 -11.638
388406.500 130601.500 -11.660
388406.500 130602.500 -11.700
388406.500 130603.500 -11.728
388406.500 130604.500 -11.740
388406.500 130605.500 -11.765
388406.500 130606.500 -11.767
388406.500 130607.500 -11.775
388406.500 130608.500 -11.777
388406.500 130609.500 -11.762
388406.500 130610.500 -11.805
388406.500 130611.500 -11.822
388406.500 130612.500 -11.840
388406.500 130613.500 -11.853
388406.500 130614.500 -11.850
388406.500 130615.500 -11.843
388406.500 130616.500 -11.835
388406.500 130617.500 -11.830
388406.500 130618.500 -11.820
388406.500 130619.500 -11.798
388406.500 130620.500 -11.828
388406.500 130621.500 -11.835
388406.500 130622.500 -11.862
388406.500 130623.500 -11.862
388406.500 130624.500 -11.865
388406.500 130625.500 -11.862
388406.500 130626.500 -11.867
388406.500 130627.500 -11.885
388406.500 130628.500 -11.905
388406.500 130629.500 -11.940
388406.500 130630.500 -11.955
388406.500 130631.500 -11.945
388406.500 130632.500 -11.952
388406.500 130633.500 -11.950
388406.500 130634.500 -11.955
388406.500 130635.500 -11.920
388406.500 130636.500 -11.905
388406.500 130637.500 -11.898
388406.500 130638.500 -11.888
388406.500 130639.500 -11.885
388406.500 130640.500 -11.910
388406.500 130641.500 -11.928
388406.500 130642.500 -11.942
388406.500 130643.500 -11.947
388406.500 130644.500 -11.953
388406.500 130645.500 -11.965
388406.500 130646.500 -11.980
388406.500 130647.500 -11.978
388406.500 130648.500 -11.968
388406.500 130649.500 -11.963
388406.500 130650.500 -11.947
388406.500 130651.500 -11.922
388406.500 130652.500 -11.883
388406.500 130653.500 -11.850
388406.500 130654.500 -11.818
388406.500 130655.500 -11.785
388406.500 130656.500 -11.765
388406.500 130657.500 -11.745
388406.500 130658.500 -11.707
388406.500 130659.500 -11.677
388406.500 130660.500 -11.670
388406.500 130661.500 -11.652
388406.500 130662.500 -11.610
388406.500 130663.500 -11.607
388406.500 130664.500 -11.602
388406.500 130665.500 -11.607
388406.500 130666.500 -11.640
388406.500 130667.500 -11.668
388406.500 130668.500 -11.667
388406.500 130669.500 -11.662
388406.500 130670.500 -11.675
388406.500 130671.500 -11.700
388407.500 130592.500 -11.545
388407.500 130593.500 -11.542
388407.500 130594.500 -11.540
388407.500 130595.500 -11.545
388407.500 130596.500 -11.565
388407.500 130597.500 -11.580
388407.500 130598.500 -11.595
388407.500 130599.500 -11.605
388407.500 130600.500 -11.625
388407.500 130601.500 -11.668
388407.500 130602.500 -11.712
388407.500 130603.500 -11.730
388407.500 130604.500 -11.740
388407.500 130605.500 -11.767
388407.500 130606.500 -11.777
388407.500 130607.500 -11.780
388407.500 130608.500 -11.775
388407.500 130609.500 -11.772
388407.500 130610.500 -11.785
388407.500 130611.500 -11.828
388407.500 130612.500 -11.843
388407.500 130613.500 -11.853
388407.500 130614.500 -11.852
388407.500 130615.500 -11.853
388407.500 130616.500 -11.842
388407.500 130617.500 -11.848
388407.500 130618.500 -11.830
388407.500 130619.500 -11.815
388407.500 130620.500 -11.830
388407.500 130621.500 -11.822
388407.500 130622.500 -11.835
388407.500 130623.500 -11.835
388407.500 130624.500 -11.845
388407.500 130625.500 -11.862
388407.500 130626.500 -11.880
388407.500 130627.500 -11.902
388407.500 130628.500 -11.930
388407.500 130629.500 -11.950
388407.500 130630.500 -11.953
388407.500 130631.500 -11.953
388407.500 130632.500 -11.955
388407.500 130633.500 -11.970
388407.500 130634.500 -11.975
388407.500 130635.500 -11.940
388407.500 130636.500 -11.905
388407.500 130637.500 -11.880
388407.500 130638.500 -11.895
388407.500 130639.500 -11.895
388407.500 130640.500 -11.922
388407.500 130641.500 -11.945
388407.500 130642.500 -11.958
388407.500 130643.500 -11.955
388407.500 130644.500 -11.958
388407.500 130645.500 -11.958
388407.500 130646.500 -11.955
388407.500 130647.500 -11.965
388407.500 130648.500 -11.977
388407.500 130649.500 -11.970
388407.500 130650.500 -11.965
388407.500 130651.500 -11.955
388407.500 130652.500 -11.930
388407.500 130653.500 -11.905
388407.500 130654.500 -11.880
388407.500 130655.500 -11.848
388407.500 130656.500 -11.825
388407.500 130657.500 -11.777
388407.500 130658.500 -11.748
388407.500 130659.500 -11.700
388407.500 130660.500 -11.663
388407.500 130661.500 -11.595
388407.500 130662.500 -11.572
388407.500 130663.500 -11.568
388407.500 130664.500 -11.565
388407.500 130665.500 -11.585
388407.500 130666.500 -11.602
388407.500 130667.500 -11.635
388407.500 130668.500 -11.613
388407.500 130669.500 -11.600
388407.500 130670.500 -11.608
388407.500 130671.500 -11.633
388407.500 130672.500 -11.675
388407.500 130673.500 -11.740
388408.500 130592.500 -11.535
388408.500 130593.500 -11.535
388408.500 130594.500 -11.540
388408.500 130595.500 -11.557
388408.500 130596.500 -11.575
388408.500 130597.500 -11.590
388408.500 130598.500 -11.602
388408.500 130599.500 -11.607
388408.500 130600.500 -11.628
388408.500 130601.500 -11.660
388408.500 130602.500 -11.710
388408.500 130603.500 -11.730
388408.500 130604.500 -11.745
388408.500 130605.500 -11.768
388408.500 130606.500 -11.775
388408.500 130607.500 -11.785
388408.500 130608.500 -11.782
388408.500 130609.500 -11.795
388408.500 130610.500 -11.790
388408.500 130611.500 -11.820
388408.500 130612.500 -11.845
388408.500 130613.500 -11.855
388408.500 130614.500 -11.862
388408.500 130615.500 -11.860
388408.500 130616.500 -11.865
388408.500 130617.500 -11.862
388408.500 130618.500 -11.848
388408.500 130619.500 -11.828
388408.500 130620.500 -11.832
388408.500 130621.500 -11.820
388408.500 130622.500 -11.825
388408.500 130623.500 -11.827
388408.500 130624.500 -11.830
388408.500 130625.500 -11.843
388408.500 130626.500 -11.857
388408.500 130627.500 -11.883
388408.500 130628.500 -11.913
388408.500 130629.500 -11.938
388408.500 130630.500 -11.945
388408.500 130631.500 -11.950
388408.500 130632.500 -11.950
388408.500 130633.500 -11.965
388408.500 130634.500 -11.973
388408.500 130635.500 -11.945
388408.500 130636.500 -11.930
388408.500 130637.500 -11.920
388408.500 130638.500 -11.910
388408.500 130639.500 -11.880
388408.500 130640.500 -11.880
388408.500 130641.500 -11.912
388408.500 130642.500 -11.950
388408.500 130643.500 -11.965
388408.500 130644.500 -11.958
388408.500 130645.500 -11.960
388408.500 130646.500 -11.953
388408.500 130647.500 -11.948
388408.500 130648.500 -11.965
388408.500 130649.500 -11.973
388408.500 130650.500 -11.975
388408.500 130651.500 -11.988
388408.500 130652.500 -11.978
388408.500 130653.500 -11.955
388408.500 130654.500 -11.927
388408.500 130655.500 -11.907
388408.500 130656.500 -11.865
388408.500 130657.500 -11.797
388408.500 130658.500 -11.745
388408.500 130659.500 -11.710
388408.500 130660.500 -11.695
388408.500 130661.500 -11.645
388408.500 130662.500 -11.613
388408.500 130663.500 -11.590
388408.500 130664.500 -11.570
388408.500 130665.500 -11.565
388408.500 130666.500 -11.587
388408.500 130667.500 -11.590
388408.500 130668.500 -11.573
388408.500 130669.500 -11.533
388408.500 130670.500 -11.522
388408.500 130671.500 -11.585
388408.500 130672.500 -11.625
388409.500 130592.500 -11.527
388409.500 130593.500 -11.532
388409.500 130594.500 -11.550
388409.500 130595.500 -11.568
388409.500 130596.500 -11.572
388409.500 130597.500 -11.590
388409.500 130598.500 -11.603
388409.500 130599.500 -11.615
388409.500 130600.500 -11.635
388409.500 130601.500 -11.660
388409.500 130602.500 -11.700
388409.500 130603.500 -11.728
388409.500 130604.500 -11.738
388409.500 130605.500 -11.748
388409.500 130606.500 -11.765
388409.500 130607.500 -11.775
388409.500 130608.500 -11.785
388409.500 130609.500 -11.795
388409.500 130610.500 -11.797
388409.500 130611.500 -11.777
388409.500 130612.500 -11.843
388409.500 130613.500 -11.862
388409.500 130614.500 -11.870
388409.500 130615.500 -11.875
388409.500 130616.500 -11.885
388409.500 130617.500 -11.898
388409.500 130618.500 -11.870
388409.500 130619.500 -11.855
388409.500 130620.500 -11.855
388409.500 130621.500 -11.840
388409.500 130622.500 -11.842
388409.500 130623.500 -11.838
388409.500 130624.500 -11.835
388409.500 130625.500 -11.825
388409.500 130626.500 -11.843
388409.500 130627.500 -11.865
388409.500 130628.500 -11.897
388409.500 130629.500 -11.922
388409.500 130630.500 -11.942
388409.500 130631.500 -11.938
388409.500 130632.500 -11.932
388409.500 130633.500 -11.948
388409.500 130634.500 -11.960
388409.500 130635.500 -11.947
388409.500 130636.500 -11.945
388409.500 130637.500 -11.940
388409.500 130638.500 -11.935
388409.500 130639.500 -11.905
388409.500 130640.500 -11.898
388409.500 130641.500 -11.913
388409.500 130642.500 -11.925
388409.500 130643.500 -11.950
388409.500 130644.500 -11.950
388409.500 130645.500 -11.957
388409.500 130646.500 -11.958
388409.500 130647.500 -11.968
388409.500 130648.500 -11.980
388409.500 130649.500 -11.990
388409.500 130650.500 -11.998
388409.500 130651.500 -12.023
388409.500 130652.500 -12.002
388409.500 130653.500 -11.975
388409.500 130654.500 -11.953
388409.500 130655.500 -11.920
388409.500 130656.500 -11.878
388409.500 130657.500 -11.848
388409.500 130658.500 -11.815
388409.500 130659.500 -11.765
388409.500 130660.500 -11.727
388409.500 130661.500 -11.697
388409.500 130662.500 -11.660
388409.500 130663.500 -11.627
388409.500 130664.500 -11.595
388409.500 130665.500 -11.588
388409.500 130666.500 -11.585
388409.500 130667.500 -11.560
388409.500 130668.500 -11.550
388409.500 130669.500 -11.510
388409.500 130670.500 -11.482
388409.500 130671.500 -11.562
388409.500 130672.500 -11.640
388410.500 130592.500 -11.535
388410.500 130593.500 -11.532
388410.500 130594.500 -11.537
388410.500 130595.500 -11.560
388410.500 130596.500 -11.567
388410.500 130597.500 -11.572
388410.500 130598.500 -11.602
388410.500 130599.500 -11.620
388410.500 130600.500 -11.652
388410.500 130601.500 -11.672
388410.500 130602.500 -11.700
388410.500 130603.500 -11.720
388410.500 130604.500 -11.728
388410.500 130605.500 -11.748
388410.500 130606.500 -11.760
388410.500 130607.500 -11.773
388410.500 130608.500 -11.775
388410.500 130609.500 -11.805
388410.500 130610.500 -11.810
388410.500 130611.500 -11.767
388410.500 130612.500 -11.828
388410.500 130613.500 -11.870
388410.500 130614.500 -11.875
388410.500 130615.500 -11.885
388410.500 130616.500 -11.893
388410.500 130617.500 -11.902
388410.500 130618.500 -11.888
388410.500 130619.500 -11.895
388410.500 130620.500 -11.877
388410.500 130621.500 -11.855
388410.500 130622.500 -11.850
388410.500 130623.500 -11.835
388410.500 130624.500 -11.812
388410.500 130625.500 -11.808
388410.500 130626.500 -11.830
388410.500 130627.500 -11.857
388410.500 130628.500 -11.883
388410.500 130629.500 -11.915
388410.500 130630.500 -11.937
388410.500 130631.500 -11.948
388410.500 130632.500 -11.938
388410.500 130633.500 -11.930
388410.500 130634.500 -11.920
388410.500 130635.500 -11.920
388410.500 130636.500 -11.935
388410.500 130637.500 -11.950
388410.500 130638.500 -11.950
388410.500 130639.500 -11.932
388410.500 130640.500 -11.925
388410.500 130641.500 -11.935
388410.500 130642.500 -11.950
388410.500 130643.500 -11.960
388410.500 130644.500 -11.985
388410.500 130645.500 -11.987
388410.500 130646.500 -11.982
388410.500 130647.500 -11.988
388410.500 130648.500 -12.007
388410.500 130649.500 -12.005
388410.500 130650.500 -12.007
388410.500 130651.500 -12.020
388410.500 130652.500 -12.010
388410.500 130653.500 -11.990
388410.500 130654.500 -11.975
388410.500 130655.500 -11.918
388410.500 130656.500 -11.860
388410.500 130657.500 -11.842
388410.500 130658.500 -11.803
388410.500 130659.500 -11.765
388410.500 130660.500 -11.723
388410.500 130661.500 -11.688
388410.500 130662.500 -11.670
388410.500 130663.500 -11.655
388410.500 130664.500 -11.640
388410.500 130665.500 -11.645
388410.500 130666.500 -11.642
388410.500 130667.500 -11.643
388410.500 130668.500 -11.663
388410.500 130669.500 -11.665
388410.500 130670.500 -11.622
388410.500 130671.500 -11.625
388411.500 130592.500 -11.553
388411.500 130593.500 -11.543
388411.500 130594.500 -11.562
388411.500 130595.500 -11.580
388411.500 130596.500 -11.570
388411.500 130597.500 -11.568
388411.500 130598.500 -11.582
388411.500 130599.500 -11.602
388411.500 130600.500 -11.640
388411.500 130601.500 -11.668
388411.500 130602.500 -11.707
388411.500 130603.500 -11.730
388411.500 130604.500 -11.730
388411.500 130605.500 -11.772
388411.500 130606.500 -11.787
388411.500 130607.500 -11.782
388411.500 130608.500 -11.792
388411.500 130609.500 -11.790
388411.500 130610.500 -11.817
388411.500 130611.500 -11.818
388411.500 130612.500 -11.800
388411.500 130613.500 -11.877
388411.500 130614.500 -11.893
388411.500 130615.500 -11.890
388411.500 130616.500 -11.902
388411.500 130617.500 -11.893
388411.500 130618.500 -11.893
388411.500 130619.500 -11.905
388411.500 130620.500 -11.882
388411.500 130621.500 -11.850
388411.500 130622.500 -11.837
388411.500 130623.500 -11.837
388411.500 130624.500 -11.802
388411.500 130625.500 -11.807
388411.500 130626.500 -11.818
388411.500 130627.500 -11.835
388411.500 130628.500 -11.873
388411.500 130629.500 -11.897
388411.500 130630.500 -11.925
388411.500 130631.500 -11.942
388411.500 130632.500 -11.947
388411.500 130633.500 -11.930
388411.500 130634.500 -11.918
388411.500 130635.500 -11.905
388411.500 130636.500 -11.918
388411.500 130637.500 -11.935
388411.500 130638.500 -11.942
388411.500 130639.500 -11.942
388411.500 130640.500 -11.952
388411.500 130641.500 -11.965
388411.500 130642.500 -11.973
388411.500 130643.500 -11.990
388411.500 130644.500 -12.010
388411.500 130645.500 -12.015
388411.500 130646.500 -12.005
388411.500 130647.500 -12.005
388411.500 130648.500 -12.005
388411.500 130649.500 -12.008
388411.500 130650.500 -12.000
388411.500 130651.500 -11.995
388411.500 130652.500 -11.975
388411.500 130653.500 -11.970
388411.500 130654.500 -11.968
388411.500 130655.500 -11.928
388411.500 130656.500 -11.865
388411.500 130657.500 -11.857
388411.500 130658.500 -11.777
388411.500 130659.500 -11.720
388411.500 130660.500 -11.710
388411.500 130661.500 -11.700
388411.500 130662.500 -11.672
388411.500 130663.500 -11.675
388411.500 130664.500 -11.680
388411.500 130665.500 -11.670
388411.500 130666.500 -11.695
388411.500 130667.500 -11.728
388411.500 130668.500 -11.750
388411.500 130669.500 -11.770
388411.500 130670.500 -11.773
388412.500 130592.500 -11.610
388412.500 130593.500 -11.607
388412.500 130594.500 -11.605
388412.500 130595.500 -11.603
388412.500 130596.500 -11.600
388412.500 130597.500 -11.598
388412.500 130598.500 -11.605
388412.500 130599.500 -11.602
388412.500 130600.500 -11.625
388412.500 130601.500 -11.670
388412.500 130602.500 -11.730
388412.500 130603.500 -11.743
388412.500 130604.500 -11.738
388412.500 130605.500 -11.780
388412.500 130606.500 -11.790
388412.500 130607.500 -11.780
388412.500 130608.500 -11.787
388412.500 130609.500 -11.807
388412.500 130610.500 -11.832
388412.500 130611.500 -11.855
388412.500 130612.500 -11.830
388412.500 130613.500 -11.867
388412.500 130614.500 -11.912
388412.500 130615.500 -11.910
388412.500 130616.500 -11.918
388412.500 130617.500 -11.898
388412.500 130618.500 -11.888
388412.500 130619.500 -11.918
388412.500 130620.500 -11.898
388412.500 130621.500 -11.838
388412.500 130622.500 -11.817
388412.500 130623.500 -11.837
388412.500 130624.500 -11.830
388412.500 130625.500 -11.840
388412.500 130626.500 -11.840
388412.500 130627.500 -11.827
388412.500 130628.500 -11.857
388412.500 130629.500 -11.885
388412.500 130630.500 -11.902
388412.500 130631.500 -11.920
388412.500 130632.500 -11.925
388412.500 130633.500 -11.918
388412.500 130634.500 -11.918
388412.500 130635.500 -11.907
388412.500 130636.500 -11.915
388412.500 130637.500 -11.932
388412.500 130638.500 -11.932
388412.500 130639.500 -11.945
388412.500 130640.500 -11.963
388412.500 130641.500 -11.970
388412.500 130642.500 -11.975
388412.500 130643.500 -11.998
388412.500 130644.500 -12.005
388412.500 130645.500 -12.010
388412.500 130646.500 -12.020
388412.500 130647.500 -12.017
388412.500 130648.500 -12.027
388412.500 130649.500 -12.005
388412.500 130650.500 -11.973
388412.500 130651.500 -11.950
388412.500 130652.500 -11.932
388412.500 130653.500 -11.932
388412.500 130654.500 -11.937
388412.500 130655.500 -11.925
388412.500 130656.500 -11.890
388412.500 130657.500 -11.873
388412.500 130658.500 -11.852
388412.500 130659.500 -11.815
388412.500 130660.500 -11.777
388412.500 130661.500 -11.740
388412.500 130662.500 -11.730
388412.500 130663.500 -11.718
388412.500 130664.500 -11.707
388412.500 130665.500 -11.710
388412.500 130666.500 -11.725
388412.500 130667.500 -11.753
388412.500 130668.500 -11.795
388412.500 130669.500 -11.808
388412.500 130670.500 -11.830
388413.500 130592.500 -11.717
388413.500 130593.500 -11.700
388413.500 130594.500 -11.675
388413.500 130595.500 -11.655
388413.500 130596.500 -11.652
388413.500 130597.500 -11.643
388413.500 130598.500 -11.643
388413.500 130599.500 -11.645
388413.500 130600.500 -11.662
388413.500 130601.500 -11.710
388413.500 130602.500 -11.742
388413.500 130603.500 -11.765
388413.500 130604.500 -11.775
388413.500 130605.500 -11.810
388413.500 130606.500 -11.805
388413.500 130607.500 -11.797
388413.500 130608.500 -11.810
388413.500 130609.500 -11.838
388413.500 130610.500 -11.865
388413.500 130611.500 -11.857
388413.500 130612.500 -11.857
388413.500 130613.500 -11.857
388413.500 130614.500 -11.910
388413.500 130615.500 -11.920
388413.500 130616.500 -11.920
388413.500 130617.500 -11.900
388413.500 130618.500 -11.905
388413.500 130619.500 -11.928
388413.500 130620.500 -11.918
388413.500 130621.500 -11.867
388413.500 130622.500 -11.835
388413.500 130623.500 -11.843
388413.500 130624.500 -11.842
388413.500 130625.500 -11.853
388413.500 130626.500 -11.870
388413.500 130627.500 -11.845
388413.500 130628.500 -11.848
388413.500 130629.500 -11.875
388413.500 130630.500 -11.893
388413.500 130631.500 -11.900
388413.500 130632.500 -11.905
388413.500 130633.500 -11.888
388413.500 130634.500 -11.890
388413.500 130635.500 -11.900
388413.500 130636.500 -11.907
388413.500 130637.500 -11.918
388413.500 130638.500 -11.940
388413.500 130639.500 -11.950
388413.500 130640.500 -11.960
388413.500 130641.500 -11.978
388413.500 130642.500 -11.980
388413.500 130643.500 -11.995
388413.500 130644.500 -11.990
388413.500 130645.500 -12.010
388413.500 130646.500 -12.027
388413.500 130647.500 -12.025
388413.500 130648.500 -12.018
388413.500 130649.500 -12.002
388413.500 130650.500 -11.970
388413.500 130651.500 -11.945
388413.500 130652.500 -11.915
388413.500 130653.500 -11.902
388413.500 130654.500 -11.902
388413.500 130655.500 -11.902
388413.500 130656.500 -11.895
388413.500 130657.500 -11.890
388413.500 130658.500 -11.867
388413.500 130659.500 -11.848
388413.500 130660.500 -11.828
388413.500 130661.500 -11.805
388413.500 130662.500 -11.785
388413.500 130663.500 -11.765
388413.500 130664.500 -11.775
388413.500 130665.500 -11.762
388413.500 130666.500 -11.742
388413.500 130667.500 -11.775
388413.500 130668.500 -11.817
388413.500 130669.500 -11.838
388414.500 130592.500 -11.788
388414.500 130593.500 -11.767
388414.500 130594.500 -11.742
388414.500 130595.500 -11.730
388414.500 130596.500 -11.712
388414.500 130597.500 -11.692
388414.500 130598.500 -11.688
388414.500 130599.500 -11.697
388414.500 130600.500 -11.718
388414.500 130601.500 -11.738
388414.500 130602.500 -11.760
388414.500 130603.500 -11.795
388414.500 130604.500 -11.805
388414.500 130605.500 -11.830
388414.500 130606.500 -11.815
388414.500 130607.500 -11.808
388414.500 130608.500 -11.818
388414.500 130609.500 -11.830
388414.500 130610.500 -11.867
388414.500 130611.500 -11.877
388414.500 130612.500 -11.878
388414.500 130613.500 -11.865
388414.500 130614.500 -11.880
388414.500 130615.500 -11.910
388414.500 130616.500 -11.922
388414.500 130617.500 -11.928
388414.500 130618.500 -11.925
388414.500 130619.500 -11.922
388414.500 130620.500 -11.928
388414.500 130621.500 -11.910
388414.500 130622.500 -11.870
388414.500 130623.500 -11.857
388414.500 130624.500 -11.850
388414.500 130625.500 -11.857
388414.500 130626.500 -11.880
388414.500 130627.500 -11.878
388414.500 130628.500 -11.867
388414.500 130629.500 -11.885
388414.500 130630.500 -11.908
388414.500 130631.500 -11.920
388414.500 130632.500 -11.910
388414.500 130633.500 -11.890
388414.500 130634.500 -11.875
388414.500 130635.500 -11.878
388414.500 130636.500 -11.897
388414.500 130637.500 -11.918
388414.500 130638.500 -11.958
388414.500 130639.500 -11.953
388414.500 130640.500 -11.940
388414.500 130641.500 -11.935
388414.500 130642.500 -11.957
388414.500 130643.500 -11.970
388414.500 130644.500 -11.962
388414.500 130645.500 -11.985
388414.500 130646.500 -12.012
388414.500 130647.500 -12.018
388414.500 130648.500 -12.002
388414.500 130649.500 -11.993
388414.500 130650.500 -11.968
388414.500 130651.500 -11.945
388414.500 130652.500 -11.932
388414.500 130653.500 -11.922
388414.500 130654.500 -11.885
388414.500 130655.500 -11.870
388414.500 130656.500 -11.848
388414.500 130657.500 -11.835
388414.500 130658.500 -11.825
388414.500 130659.500 -11.830
388414.500 130660.500 -11.807
388414.500 130661.500 -11.830
388414.500 130662.500 -11.840
388414.500 130663.500 -11.852
388414.500 130664.500 -11.855
388414.500 130665.500 -11.833
388414.500 130666.500 -11.805
388414.500 130667.500 -11.812
388414.500 130668.500 -11.865
388415.500 130592.500 -11.805
388415.500 130593.500 -11.790
388415.500 130594.500 -11.775
388415.500 130595.500 -11.770
388415.500 130596.500 -11.762
388415.500 130597.500 -11.747
388415.500 130598.500 -11.755
388415.500 130599.500 -11.765
388415.500 130600.500 -11.768
388415.500 130601.500 -11.765
388415.500 130602.500 -11.805
388415.500 130603.500 -11.842
388415.500 130604.500 -11.842
388415.500 130605.500 -11.845
388415.500 130606.500 -11.830
388415.500 130607.500 -11.815
388415.500 130608.500 -11.840
388415.500 130609.500 -11.848
388415.500 130610.500 -11.880
388415.500 130611.500 -11.893
388415.500 130612.500 -11.885
388415.500 130613.500 -11.880
388415.500 130614.500 -11.837
388415.500 130615.500 -11.902
388415.500 130616.500 -11.925
388415.500 130617.500 -11.945
388415.500 130618.500 -11.938
388415.500 130619.500 -11.930
388415.500 130620.500 -11.932
388415.500 130621.500 -11.928
388415.500 130622.500 -11.907
388415.500 130623.500 -11.885
388415.500 130624.500 -11.870
388415.500 130625.500 -11.867
388415.500 130626.500 -11.888
388415.500 130627.500 -11.880
388415.500 130628.500 -11.883
388415.500 130629.500 -11.900
388415.500 130630.500 -11.930
388415.500 130631.500 -11.938
388415.500 130632.500 -11.930
388415.500 130633.500 -11.918
388415.500 130634.500 -11.905
388415.500 130635.500 -11.893
388415.500 130636.500 -11.890
388415.500 130637.500 -11.915
388415.500 130638.500 -11.947
388415.500 130639.500 -11.942
388415.500 130640.500 -11.920
388415.500 130641.500 -11.893
388415.500 130642.500 -11.925
388415.500 130643.500 -11.945
388415.500 130644.500 -11.940
388415.500 130645.500 -11.967
388415.500 130646.500 -11.985
388415.500 130647.500 -11.993
388415.500 130648.500 -11.982
388415.500 130649.500 -11.975
388415.500 130650.500 -11.965
388415.500 130651.500 -11.947
388415.500 130652.500 -11.930
388415.500 130653.500 -11.918
388415.500 130654.500 -11.893
388415.500 130655.500 -11.873
388415.500 130656.500 -11.835
388415.500 130657.500 -11.818
388415.500 130658.500 -11.810
388415.500 130659.500 -11.810
388415.500 130660.500 -11.812
388415.500 130661.500 -11.850
388415.500 130662.500 -11.878
388415.500 130663.500 -11.883
388415.500 130664.500 -11.895
388415.500 130665.500 -11.895
388415.500 130666.500 -11.893
388415.500 130667.500 -11.905
388415.500 130668.500 -11.915
388416.500 130592.500 -11.808
388416.500 130593.500 -11.800
388416.500 130594.500 -11.803
388416.500 130595.500 -11.803
388416.500 130596.500 -11.803
388416.500 130597.500 -11.795
388416.500 130598.500 -11.810
388416.500 130599.500 -11.818
388416.500 130600.500 -11.793
388416.500 130601.500 -11.797
388416.500 130602.500 -11.835
388416.500 130603.500 -11.865
388416.500 130604.500 -11.873
388416.500 130605.500 -11.870
388416.500 130606.500 -11.852
388416.500 130607.500 -11.860
388416.500 130608.500 -11.863
388416.500 130609.500 -11.867
388416.500 130610.500 -11.885
388416.500 130611.500 -11.905
388416.500 130612.500 -11.885
388416.500 130613.500 -11.900
388416.500 130614.500 -11.825
388416.500 130615.500 -11.870
388416.500 130616.500 -11.928
388416.500 130617.500 -11.950
388416.500 130618.500 -11.945
388416.500 130619.500 -11.935
388416.500 130620.500 -11.930
388416.500 130621.500 -11.932
388416.500 130622.500 -11.920
388416.500 130623.500 -11.905
388416.500 130624.500 -11.885
388416.500 130625.500 -11.885
388416.500 130626.500 -11.895
388416.500 130627.500 -11.883
388416.500 130628.500 -11.888
388416.500 130629.500 -11.902
388416.500 130630.500 -11.940
388416.500 130631.500 -11.955
388416.500 130632.500 -11.947
388416.500 130633.500 -11.932
388416.500 130634.500 -11.928
388416.500 130635.500 -11.918
388416.500 130636.500 -11.900
388416.500 130637.500 -11.928
388416.500 130638.500 -11.928
388416.500 130639.500 -11.920
388416.500 130640.500 -11.902
388416.500 130641.500 -11.900
388416.500 130642.500 -11.902
388416.500 130643.500 -11.925
388416.500 130644.500 -11.925
388416.500 130645.500 -11.940
388416.500 130646.500 -11.940
388416.500 130647.500 -11.947
388416.500 130648.500 -11.947
388416.500 130649.500 -11.937
388416.500 130650.500 -11.940
388416.500 130651.500 -11.935
388416.500 130652.500 -11.925
388416.500 130653.500 -11.920
388416.500 130654.500 -11.907
388416.500 130655.500 -11.888
388416.500 130656.500 -11.867
388416.500 130657.500 -11.843
388416.500 130658.500 -11.825
388416.500 130659.500 -11.815
388416.500 130660.500 -11.815
388416.500 130661.500 -11.840
388416.500 130662.500 -11.855
388416.500 130663.500 -11.870
388416.500 130664.500 -11.883
388416.500 130665.500 -11.902
388416.500 130666.500 -11.920
388416.500 130667.500 -11.932
388417.500 130592.500 -11.828
388417.500 130593.500 -11.818
388417.500 130594.500 -11.822
388417.500 130595.500 -11.830
388417.500 130596.500 -11.825
388417.500 130597.500 -11.820
388417.500 130598.500 -11.827
388417.500 130599.500 -11.825
388417.500 130600.500 -11.813
388417.500 130601.500 -11.828
388417.500 130602.500 -11.862
388417.500 130603.500 -11.875
388417.500 130604.500 -11.885
388417.500 130605.500 -11.900
388417.500 130606.500 -11.883
388417.500 130607.500 -11.890
388417.500 130608.500 -11.893
388417.500 130609.500 -11.893
388417.500 130610.500 -11.902
388417.500 130611.500 -11.905
388417.500 130612.500 -11.898
388417.500 130613.500 -11.910
388417.500 130614.500 -11.865
388417.500 130615.500 -11.838
388417.500 130616.500 -11.915
388417.500 130617.500 -11.942
388417.500 130618.500 -11.958
388417.500 130619.500 -11.958
388417.500 130620.500 -11.955
388417.500 130621.500 -11.940
388417.500 130622.500 -11.912
388417.500 130623.500 -11.915
388417.500 130624.500 -11.905
388417.500 130625.500 -11.905
388417.500 130626.500 -11.918
388417.500 130627.500 -11.907
388417.500 130628.500 -11.905
388417.500 130629.500 -11.900
388417.500 130630.500 -11.920
388417.500 130631.500 -11.935
388417.500 130632.500 -11.953
388417.500 130633.500 -11.950
388417.500 130634.500 -11.932
388417.500 130635.500 -11.920
388417.500 130636.500 -11.910
388417.500 130637.500 -11.913
388417.500 130638.500 -11.918
388417.500 130639.500 -11.900
388417.500 130640.500 -11.885
388417.500 130641.500 -11.897
388417.500 130642.500 -11.905
388417.500 130643.500 -11.913
388417.500 130644.500 -11.923
388417.500 130645.500 -11.920
388417.500 130646.500 -11.922
388417.500 130647.500 -11.925
388417.500 130648.500 -11.918
388417.500 130649.500 -11.908
388417.500 130650.500 -11.898
388417.500 130651.500 -11.908
388417.500 130652.500 -11.922
388417.500 130653.500 -11.912
388417.500 130654.500 -11.905
388417.500 130655.500 -11.895
388417.500 130656.500 -11.888
388417.500 130657.500 -11.867
388417.500 130658.500 -11.852
388417.500 130659.500 -11.837
388417.500 130660.500 -11.845
388417.500 130661.500 -11.865
388417.500 130662.500 -11.860
388417.500 130663.500 -11.862
388417.500 130664.500 -11.878
388417.500 130665.500 -11.897
388417.500 130666.500 -11.918
388418.500 130592.500 -11.842
388418.500 130593.500 -11.840
388418.500 130594.500 -11.840
388418.500 130595.500 -11.845
388418.500 130596.500 -11.825
388418.500 130597.500 -11.820
388418.500 130598.500 -11.818
388418.500 130599.500 -11.815
388418.500 130600.500 -11.825
388418.500 130601.500 -11.845
388418.500 130602.500 -11.870
388418.500 130603.500 -11.880
388418.500 130604.500 -11.898
388418.500 130605.500 -11.910
388418.500 130606.500 -11.905
388418.500 130607.500 -11.902
388418.500 130608.500 -11.890
388418.500 130609.500 -11.898
388418.500 130610.500 -11.905
388418.500 130611.500 -11.907
388418.500 130612.500 -11.902
388418.500 130613.500 -11.910
388418.500 130614.500 -11.893
388418.500 130615.500 -11.835
388418.500 130616.500 -11.902
388418.500 130617.500 -11.943
388418.500 130618.500 -11.955
388418.500 130619.500 -11.978
388418.500 130620.500 -11.975
388418.500 130621.500 -11.957
388418.500 130622.500 -11.912
388418.500 130623.500 -11.900
388418.500 130624.500 -11.922
388418.500 130625.500 -11.932
388418.500 130626.500 -11.947
388418.500 130627.500 -11.918
388418.500 130628.500 -11.920
388418.500 130629.500 -11.920
388418.500 130630.500 -11.905
388418.500 130631.500 -11.920
388418.500 130632.500 -11.935
388418.500 130633.500 -11.940
388418.500 130634.500 -11.930
388418.500 130635.500 -11.915
388418.500 130636.500 -11.902
388418.500 130637.500 -11.893
388418.500 130638.500 -11.895
388418.500 130639.500 -11.885
388418.500 130640.500 -11.877
388418.500 130641.500 -11.893
388418.500 130642.500 -11.895
388418.500 130643.500 -11.890
388418.500 130644.500 -11.885
388418.500 130645.500 -11.880
388418.500 130646.500 -11.893
388418.500 130647.500 -11.898
388418.500 130648.500 -11.890
388418.500 130649.500 -11.880
388418.500 130650.500 -11.872
388418.500 130651.500 -11.880
388418.500 130652.500 -11.888
388418.500 130653.500 -11.890
388418.500 130654.500 -11.888
388418.500 130655.500 -11.893
388418.500 130656.500 -11.878
388418.500 130657.500 -11.870
388418.500 130658.500 -11.870
388418.500 130659.500 -11.860
388418.500 130660.500 -11.865
388418.500 130661.500 -11.875
388418.500 130662.500 -11.870
388418.500 130663.500 -11.878
388418.500 130664.500 -11.895
388418.500 130665.500 -11.907
388418.500 130666.500 -11.925
388419.500 130592.500 -11.828
388419.500 130593.500 -11.840
388419.500 130594.500 -11.843
388419.500 130595.500 -11.845
388419.500 130596.500 -11.837
388419.500 130597.500 -11.825
388419.500 130598.500 -11.818
388419.500 130599.500 -11.828
388419.500 130600.500 -11.840
388419.500 130601.500 -11.855
388419.500 130602.500 -11.860
388419.500 130603.500 -11.880
388419.500 130604.500 -11.902
388419.500 130605.500 -11.907
388419.500 130606.500 -11.893
388419.500 130607.500 -11.902
388419.500 130608.500 -11.905
388419.500 130609.500 -11.910
388419.500 130610.500 -11.925
388419.500 130611.500 -11.925
388419.500 130612.500 -11.918
388419.500 130613.500 -11.905
388419.500 130614.500 -11.887
388419.500 130615.500 -11.860
388419.500 130616.500 -11.880
388419.500 130617.500 -11.933
388419.500 130618.500 -11.970
388419.500 130619.500 -11.998
388419.500 130620.500 -11.995
388419.500 130621.500 -11.977
388419.500 130622.500 -11.938
388419.500 130623.500 -11.920
388419.500 130624.500 -11.955
388419.500 130625.500 -11.958
388419.500 130626.500 -11.963
388419.500 130627.500 -11.942
388419.500 130628.500 -11.940
388419.500 130629.500 -11.942
388419.500 130630.500 -11.935
388419.500 130631.500 -11.923
388419.500 130632.500 -11.912
388419.500 130633.500 -11.910
388419.500 130634.500 -11.908
388419.500 130635.500 -11.900
388419.500 130636.500 -11.898
388419.500 130637.500 -11.893
388419.500 130638.500 -11.883
388419.500 130639.500 -11.870
388419.500 130640.500 -11.865
388419.500 130641.500 -11.865
388419.500 130642.500 -11.865
388419.500 130643.500 -11.857
388419.500 130644.500 -11.852
388419.500 130645.500 -11.845
388419.500 130646.500 -11.860
388419.500 130647.500 -11.862
388419.500 130648.500 -11.852
388419.500 130649.500 -11.850
388419.500 130650.500 -11.855
388419.500 130651.500 -11.855
388419.500 130652.500 -11.852
388419.500 130653.500 -11.855
388419.500 130654.500 -11.865
388419.500 130655.500 -11.862
388419.500 130656.500 -11.857
388419.500 130657.500 -11.838
388419.500 130658.500 -11.853
388419.500 130659.500 -11.850
388419.500 130660.500 -11.865
388419.500 130661.500 -11.867
388419.500 130662.500 -11.860
388419.500 130663.500 -11.870
388419.500 130664.500 -11.890
388419.500 130665.500 -11.902
388420.500 130592.500 -11.815
388420.500 130593.500 -11.828
388420.500 130594.500 -11.840
388420.500 130595.500 -11.830
388420.500 130596.500 -11.828
388420.500 130597.500 -11.830
388420.500 130598.500 -11.830
388420.500 130599.500 -11.840
388420.500 130600.500 -11.835
388420.500 130601.500 -11.843
388420.500 130602.500 -11.857
388420.500 130603.500 -11.875
388420.500 130604.500 -11.898
388420.500 130605.500 -11.915
388420.500 130606.500 -11.897
388420.500 130607.500 -11.897
388420.500 130608.500 -11.910
388420.500 130609.500 -11.940
388420.500 130610.500 -11.942
388420.500 130611.500 -11.945
388420.500 130612.500 -11.930
388420.500 130613.500 -11.928
388420.500 130614.500 -11.935
388420.500 130615.500 -11.928
388420.500 130616.500 -11.945
388420.500 130617.500 -11.980
388420.500 130618.500 -12.010
388420.500 130619.500 -12.027
388420.500 130620.500 -12.040
388420.500 130621.500 -12.005
388420.500 130622.500 -11.970
388420.500 130623.500 -11.973
388420.500 130624.500 -11.978
388420.500 130625.500 -11.980
388420.500 130626.500 -11.975
388420.500 130627.500 -11.953
388420.500 130628.500 -11.940
388420.500 130629.500 -11.948
388420.500 130630.500 -11.945
388420.500 130631.500 -11.922
388420.500 130632.500 -11.907
388420.500 130633.500 -11.900
388420.500 130634.500 -11.893
388420.500 130635.500 -11.883
388420.500 130636.500 -11.873
388420.500 130637.500 -11.870
388420.500 130638.500 -11.860
388420.500 130639.500 -11.855
388420.500 130640.500 -11.853
388420.500 130641.500 -11.840
388420.500 130642.500 -11.832
388420.500 130643.500 -11.835
388420.500 130644.500 -11.820
388420.500 130645.500 -11.822
388420.500 130646.500 -11.818
388420.500 130647.500 -11.830
388420.500 130648.500 -11.825
388420.500 130649.500 -11.818
388420.500 130650.500 -11.827
388420.500 130651.500 -11.832
388420.500 130652.500 -11.825
388420.500 130653.500 -11.828
388420.500 130654.500 -11.850
388420.500 130655.500 -11.855
388420.500 130656.500 -11.860
388420.500 130657.500 -11.822
388420.500 130658.500 -11.827
388420.500 130659.500 -11.838
388420.500 130660.500 -11.848
388420.500 130661.500 -11.845
388420.500 130662.500 -11.845
388420.500 130663.500 -11.848
388420.500 130664.500 -11.865
388420.500 130665.500 -11.883
388421.500 130592.500 -11.810
388421.500 130593.500 -11.808
388421.500 130594.500 -11.822
388421.500 130595.500 -11.820
388421.500 130596.500 -11.820
388421.500 130597.500 -11.815
388421.500 130598.500 -11.813
388421.500 130599.500 -11.822
388421.500 130600.500 -11.835
388421.500 130601.500 -11.832
388421.500 130602.500 -11.837
388421.500 130603.500 -11.860
388421.500 130604.500 -11.885
388421.500 130605.500 -11.898
388421.500 130606.500 -11.893
388421.500 130607.500 -11.905
388421.500 130608.500 -11.925
388421.500 130609.500 -11.948
388421.500 130610.500 -11.955
388421.500 130611.500 -11.950
388421.500 130612.500 -11.942
388421.500 130613.500 -11.945
388421.500 130614.500 -11.955
388421.500 130615.500 -11.955
388421.500 130616.500 -11.955
388421.500 130617.500 -11.973
388421.500 130618.500 -11.980
388421.500 130619.500 -12.005
388421.500 130620.500 -12.030
388421.500 130621.500 -12.033
388421.500 130622.500 -12.025
388421.500 130623.500 -12.007
388421.500 130624.500 -11.980
388421.500 130625.500 -11.978
388421.500 130626.500 -11.973
388421.500 130627.500 -11.955
388421.500 130628.500 -11.942
388421.500 130629.500 -11.935
388421.500 130630.500 -11.938
388421.500 130631.500 -11.920
388421.500 130632.500 -11.900
388421.500 130633.500 -11.885
388421.500 130634.500 -11.880
388421.500 130635.500 -11.867
388421.500 130636.500 -11.855
388421.500 130637.500 -11.848
388421.500 130638.500 -11.857
388421.500 130639.500 -11.853
388421.500 130640.500 -11.837
388421.500 130641.500 -11.825
388421.500 130642.500 -11.810
388421.500 130643.500 -11.798
388421.500 130644.500 -11.785
388421.500 130645.500 -11.785
388421.500 130646.500 -11.777
388421.500 130647.500 -11.788
388421.500 130648.500 -11.795
388421.500 130649.500 -11.787
388421.500 130650.500 -11.797
388421.500 130651.500 -11.797
388421.500 130652.500 -11.800
388421.500 130653.500 -11.792
388421.500 130654.500 -11.818
388421.500 130655.500 -11.845
388421.500 130656.500 -11.838
388421.500 130657.500 -11.808
388421.500 130658.500 -11.798
388421.500 130659.500 -11.812
388421.500 130660.500 -11.808
388421.500 130661.500 -11.803
388421.500 130662.500 -11.805
388421.500 130663.500 -11.815
388421.500 130664.500 -11.838
388422.500 130592.500 -11.815
388422.500 130593.500 -11.803
388422.500 130594.500 -11.810
388422.500 130595.500 -11.798
388422.500 130596.500 -11.795
388422.500 130597.500 -11.785
388422.500 130598.500 -11.770
388422.500 130599.500 -11.805
388422.500 130600.500 -11.825
388422.500 130601.500 -11.825
388422.500 130602.500 -11.837
388422.500 130603.500 -11.850
388422.500 130604.500 -11.865
388422.500 130605.500 -11.880
388422.500 130606.500 -11.880
388422.500 130607.500 -11.890
388422.500 130608.500 -11.918
388422.500 130609.500 -11.930
388422.500 130610.500 -11.958
388422.500 130611.500 -11.960
388422.500 130612.500 -11.957
388422.500 130613.500 -11.947
388422.500 130614.500 -11.967
388422.500 130615.500 -11.958
388422.500 130616.500 -11.938
388422.500 130617.500 -11.930
388422.500 130618.500 -11.950
388422.500 130619.500 -11.975
388422.500 130620.500 -11.997
388422.500 130621.500 -12.020
388422.500 130622.500 -12.012
388422.500 130623.500 -11.998
388422.500 130624.500 -11.985
388422.500 130625.500 -11.975
388422.500 130626.500 -11.955
388422.500 130627.500 -11.945
388422.500 130628.500 -11.940
388422.500 130629.500 -11.928
388422.500 130630.500 -11.925
388422.500 130631.500 -11.915
388422.500 130632.500 -11.900
388422.500 130633.500 -11.880
388422.500 130634.500 -11.873
388422.500 130635.500 -11.862
388422.500 130636.500 -11.855
388422.500 130637.500 -11.837
388422.500 130638.500 -11.838
388422.500 130639.500 -11.845
388422.500 130640.500 -11.828
388422.500 130641.500 -11.803
388422.500 130642.500 -11.785
388422.500 130643.500 -11.783
388422.500 130644.500 -11.758
388422.500 130645.500 -11.750
388422.500 130646.500 -11.735
388422.500 130647.500 -11.740
388422.500 130648.500 -11.760
388422.500 130649.500 -11.765
388422.500 130650.500 -11.762
388422.500 130651.500 -11.770
388422.500 130652.500 -11.780
388422.500 130653.500 -11.775
388422.500 130654.500 -11.782
388422.500 130655.500 -11.812
388422.500 130656.500 -11.808
388422.500 130657.500 -11.795
388422.500 130658.500 -11.790
388422.500 130659.500 -11.777
388422.500 130660.500 -11.787
388422.500 130661.500 -11.775
388422.500 130662.500 -11.775
388422.500 130663.500 -11.780
388423.500 130592.500 -11.810
388423.500 130593.500 -11.812
388423.500 130594.500 -11.798
388423.500 130595.500 -11.785
388423.500 130596.500 -11.762
388423.500 130597.500 -11.752
388423.500 130598.500 -11.745
388423.500 130599.500 -11.790
388423.500 130600.500 -11.810
388423.500 130601.500 -11.815
388423.500 130602.500 -11.828
388423.500 130603.500 -11.832
388423.500 130604.500 -11.857
388423.500 130605.500 -11.865
388423.500 130606.500 -11.883
388423.500 130607.500 -11.875
388423.500 130608.500 -11.883
388423.500 130609.500 -11.915
388423.500 130610.500 -11.942
388423.500 130611.500 -11.965
388423.500 130612.500 -11.950
388423.500 130613.500 -11.935
388423.500 130614.500 -11.943
388423.500 130615.500 -11.947
388423.500 130616.500 -11.928
388423.500 130617.500 -11.928
388423.500 130618.500 -11.935
388423.500 130619.500 -11.955
388423.500 130620.500 -11.985
388423.500 130621.500 -12.005
388423.500 130622.500 -12.008
388423.500 130623.500 -11.973
388423.500 130624.500 -11.955
388423.500 130625.500 -11.965
388423.500 130626.500 -11.965
388423.500 130627.500 -11.925
388423.500 130628.500 -11.905
388423.500 130629.500 -11.908
388423.500 130630.500 -11.905
388423.500 130631.500 -11.900
388423.500 130632.500 -11.885
388423.500 130633.500 -11.870
388423.500 130634.500 -11.855
388423.500 130635.500 -11.848
388423.500 130636.500 -11.843
388423.500 130637.500 -11.840
388423.500 130638.500 -11.825
388423.500 130639.500 -11.827
388423.500 130640.500 -11.812
388423.500 130641.500 -11.787
388423.500 130642.500 -11.765
388423.500 130643.500 -11.755
388423.500 130644.500 -11.743
388423.500 130645.500 -11.728
388423.500 130646.500 -11.718
388423.500 130647.500 -11.715
388423.500 130648.500 -11.740
388423.500 130649.500 -11.742
388423.500 130650.500 -11.730
388423.500 130651.500 -11.738
388423.500 130652.500 -11.745
388423.500 130653.500 -11.758
388423.500 130654.500 -11.755
388423.500 130655.500 -11.770
388423.500 130656.500 -11.773
388423.500 130657.500 -11.765
388423.500 130658.500 -11.773
388423.500 130659.500 -11.752
388423.500 130660.500 -11.755
388423.500 130661.500 -11.750
388423.500 130662.500 -11.738
388423.500 130663.500 -11.750
388424.500 130592.500 -11.805
388424.500 130593.500 -11.795
388424.500 130594.500 -11.777
388424.500 130595.500 -11.770
388424.500 130596.500 -11.755
388424.500 130597.500 -11.732
388424.500 130598.500 -11.732
388424.500 130599.500 -11.777
388424.500 130600.500 -11.797
388424.500 130601.500 -11.800
388424.500 130602.500 -11.810
388424.500 130603.500 -11.810
388424.500 130604.500 -11.830
388424.500 130605.500 -11.870
388424.500 130606.500 -11.877
388424.500 130607.500 -11.870
388424.500 130608.500 -11.873
388424.500 130609.500 -11.902
388424.500 130610.500 -11.908
388424.500 130611.500 -11.928
388424.500 130612.500 -11.920
388424.500 130613.500 -11.922
388424.500 130614.500 -11.928
388424.500 130615.500 -11.928
388424.500 130616.500 -11.907
388424.500 130617.500 -11.913
388424.500 130618.500 -11.927
388424.500 130619.500 -11.940
388424.500 130620.500 -11.957
388424.500 130621.500 -11.980
388424.500 130622.500 -11.980
388424.500 130623.500 -11.950
388424.500 130624.500 -11.923
388424.500 130625.500 -11.942
388424.500 130626.500 -11.955
388424.500 130627.500 -11.930
388424.500 130628.500 -11.900
388424.500 130629.500 -11.897
388424.500 130630.500 -11.895
388424.500 130631.500 -11.897
388424.500 130632.500 -11.877
388424.500 130633.500 -11.870
388424.500 130634.500 -11.860
388424.500 130635.500 -11.848
388424.500 130636.500 -11.840
388424.500 130637.500 -11.837
388424.500 130638.500 -11.825
388424.500 130639.500 -11.810
388424.500 130640.500 -11.808
388424.500 130641.500 -11.785
388424.500 130642.500 -11.760
388424.500 130643.500 -11.735
388424.500 130644.500 -11.738
388424.500 130645.500 -11.713
388424.500 130646.500 -11.705
388424.500 130647.500 -11.715
388424.500 130648.500 -11.717
388424.500 130649.500 -11.742
388424.500 130650.500 -11.723
388424.500 130651.500 -11.715
388424.500 130652.500 -11.730
388424.500 130653.500 -11.738
388424.500 130654.500 -11.750
388424.500 130655.500 -11.745
388424.500 130656.500 -11.728
388424.500 130657.500 -11.730
388424.500 130658.500 -11.745
388424.500 130659.500 -11.745
388424.500 130660.500 -11.725
388424.500 130661.500 -11.718
388424.500 130662.500 -11.717
388425.500 130592.500 -11.810
388425.500 130593.500 -11.800
388425.500 130594.500 -11.772
388425.500 130595.500 -11.758
388425.500 130596.500 -11.758
388425.500 130597.500 -11.757
388425.500 130598.500 -11.755
388425.500 130599.500 -11.762
388425.500 130600.500 -11.785
388425.500 130601.500 -11.780
388425.500 130602.500 -11.800
388425.500 130603.500 -11.797
388425.500 130604.500 -11.830
388425.500 130605.500 -11.868
388425.500 130606.500 -11.883
388425.500 130607.500 -11.862
388425.500 130608.500 -11.855
388425.500 130609.500 -11.883
388425.500 130610.500 -11.895
388425.500 130611.500 -11.893
388425.500 130612.500 -11.908
388425.500 130613.500 -11.895
388425.500 130614.500 -11.907
388425.500 130615.500 -11.910
388425.500 130616.500 -11.898
388425.500 130617.500 -11.878
388425.500 130618.500 -11.883
388425.500 130619.500 -11.920
388425.500 130620.500 -11.928
388425.500 130621.500 -11.945
388425.500 130622.500 -11.947
388425.500 130623.500 -11.945
388425.500 130624.500 -11.928
388425.500 130625.500 -11.928
388425.500 130626.500 -11.937
388425.500 130627.500 -11.938
388425.500 130628.500 -11.923
388425.500 130629.500 -11.915
388425.500 130630.500 -11.888
388425.500 130631.500 -11.895
388425.500 130632.500 -11.872
388425.500 130633.500 -11.862
388425.500 130634.500 -11.855
388425.500 130635.500 -11.845
388425.500 130636.500 -11.832
388425.500 130637.500 -11.835
388425.500 130638.500 -11.820
388425.500 130639.500 -11.805
388425.500 130640.500 -11.800
388425.500 130641.500 -11.790
388425.500 130642.500 -11.757
388425.500 130643.500 -11.740
388425.500 130644.500 -11.745
388425.500 130645.500 -11.725
388425.500 130646.500 -11.695
388425.500 130647.500 -11.715
388425.500 130648.500 -11.720
388425.500 130649.500 -11.740
388425.500 130650.500 -11.738
388425.500 130651.500 -11.728
388425.500 130652.500 -11.738
388425.500 130653.500 -11.740
388425.500 130654.500 -11.735
388425.500 130655.500 -11.713
388425.500 130656.500 -11.693
388425.500 130657.500 -11.700
388425.500 130658.500 -11.723
388425.500 130659.500 -11.735
388425.500 130660.500 -11.718
388425.500 130661.500 -11.700
388426.500 130592.500 -11.807
388426.500 130593.500 -11.812
388426.500 130594.500 -11.790
388426.500 130595.500 -11.760
388426.500 130596.500 -11.777
388426.500 130597.500 -11.807
388426.500 130598.500 -11.800
388426.500 130599.500 -11.792
388426.500 130600.500 -11.785
388426.500 130601.500 -11.777
388426.500 130602.500 -11.790
388426.500 130603.500 -11.780
388426.500 130604.500 -11.815
388426.500 130605.500 -11.853
388426.500 130606.500 -11.853
388426.500 130607.500 -11.845
388426.500 130608.500 -11.850
388426.500 130609.500 -11.865
388426.500 130610.500 -11.885
388426.500 130611.500 -11.880
388426.500 130612.500 -11.883
388426.500 130613.500 -11.888
388426.500 130614.500 -11.883
388426.500 130615.500 -11.895
388426.500 130616.500 -11.888
388426.500 130617.500 -11.873
388426.500 130618.500 -11.873
388426.500 130619.500 -11.910
388426.500 130620.500 -11.918
388426.500 130621.500 -11.915
388426.500 130622.500 -11.908
388426.500 130623.500 -11.915
388426.500 130624.500 -11.928
388426.500 130625.500 -11.925
388426.500 130626.500 -11.942
388426.500 130627.500 -11.958
388426.500 130628.500 -11.945
388426.500 130629.500 -11.918
388426.500 130630.500 -11.895
388426.500 130631.500 -11.893
388426.500 130632.500 -11.878
388426.500 130633.500 -11.860
388426.500 130634.500 -11.850
388426.500 130635.500 -11.837
388426.500 130636.500 -11.825
388426.500 130637.500 -11.825
388426.500 130638.500 -11.812
388426.500 130639.500 -11.793
388426.500 130640.500 -11.790
388426.500 130641.500 -11.775
388426.500 130642.500 -11.775
388426.500 130643.500 -11.752
388426.500 130644.500 -11.762
388426.500 130645.500 -11.752
388426.500 130646.500 -11.725
388426.500 130647.500 -11.730
388426.500 130648.500 -11.732
388426.500 130649.500 -11.733
388426.500 130650.500 -11.738
388426.500 130651.500 -11.740
388426.500 130652.500 -11.748
388426.500 130653.500 -11.748
388426.500 130654.500 -11.720
388426.500 130655.500 -11.705
388426.500 130656.500 -11.675
388426.500 130657.500 -11.682
388426.500 130658.500 -11.707
388426.500 130659.500 -11.718
388426.500 130660.500 -11.705
388426.500 130661.500 -11.692
388427.500 130592.500 -11.790
388427.500 130593.500 -11.808
388427.500 130594.500 -11.795
388427.500 130595.500 -11.772
388427.500 130596.500 -11.787
388427.500 130597.500 -11.815
388427.500 130598.500 -11.818
388427.500 130599.500 -11.812
388427.500 130600.500 -11.810
388427.500 130601.500 -11.805
388427.500 130602.500 -11.790
388427.500 130603.500 -11.780
388427.500 130604.500 -11.812
388427.500 130605.500 -11.833
388427.500 130606.500 -11.830
388427.500 130607.500 -11.827
388427.500 130608.500 -11.845
388427.500 130609.500 -11.853
388427.500 130610.500 -11.867
388427.500 130611.500 -11.865
388427.500 130612.500 -11.857
388427.500 130613.500 -11.875
388427.500 130614.500 -11.875
388427.500 130615.500 -11.875
388427.500 130616.500 -11.870
388427.500 130617.500 -11.865
388427.500 130618.500 -11.862
388427.500 130619.500 -11.887
388427.500 130620.500 -11.898
388427.500 130621.500 -11.883
388427.500 130622.500 -11.857
388427.500 130623.500 -11.900
388427.500 130624.500 -11.918
388427.500 130625.500 -11.922
388427.500 130626.500 -11.930
388427.500 130627.500 -11.940
388427.500 130628.500 -11.930
388427.500 130629.500 -11.898
388427.500 130630.500 -11.888
388427.500 130631.500 -11.888
388427.500 130632.500 -11.883
388427.500 130633.500 -11.867
388427.500 130634.500 -11.862
388427.500 130635.500 -11.845
388427.500 130636.500 -11.815
388427.500 130637.500 -11.810
388427.500 130638.500 -11.793
388427.500 130639.500 -11.772
388427.500 130640.500 -11.775
388427.500 130641.500 -11.780
388427.500 130642.500 -11.770
388427.500 130643.500 -11.765
388427.500 130644.500 -11.773
388427.500 130645.500 -11.780
388427.500 130646.500 -11.765
388427.500 130647.500 -11.757
388427.500 130648.500 -11.752
388427.500 130649.500 -11.740
388427.500 130650.500 -11.743
388427.500 130651.500 -11.745
388427.500 130652.500 -11.743
388427.500 130653.500 -11.748
388427.500 130654.500 -11.710
388427.500 130655.500 -11.695
388427.500 130656.500 -11.675
388427.500 130657.500 -11.670
388427.500 130658.500 -11.698
388427.500 130659.500 -11.700
388427.500 130660.500 -11.688
388428.500 130592.500 -11.792
388428.500 130593.500 -11.790
388428.500 130594.500 -11.777
388428.500 130595.500 -11.762
388428.500 130596.500 -11.775
388428.500 130597.500 -11.800
388428.500 130598.500 -11.808
388428.500 130599.500 -11.825
388428.500 130600.500 -11.838
388428.500 130601.500 -11.820
388428.500 130602.500 -11.782
388428.500 130603.500 -11.760
388428.500 130604.500 -11.785
388428.500 130605.500 -11.808
388428.500 130606.500 -11.805
388428.500 130607.500 -11.805
388428.500 130608.500 -11.822
388428.500 130609.500 -11.840
388428.500 130610.500 -11.857
388428.500 130611.500 -11.845
388428.500 130612.500 -11.848
388428.500 130613.500 -11.845
388428.500 130614.500 -11.852
388428.500 130615.500 -11.855
388428.500 130616.500 -11.845
388428.500 130617.500 -11.822
388428.500 130618.500 -11.857
388428.500 130619.500 -11.870
388428.500 130620.500 -11.883
388428.500 130621.500 -11.860
388428.500 130622.500 -11.850
388428.500 130623.500 -11.890
388428.500 130624.500 -11.918
388428.500 130625.500 -11.920
388428.500 130626.500 -11.925
388428.500 130627.500 -11.923
388428.500 130628.500 -11.902
388428.500 130629.500 -11.883
388428.500 130630.500 -11.870
388428.500 130631.500 -11.880
388428.500 130632.500 -11.885
388428.500 130633.500 -11.885
388428.500 130634.500 -11.875
388428.500 130635.500 -11.853
388428.500 130636.500 -11.822
388428.500 130637.500 -11.797
388428.500 130638.500 -11.792
388428.500 130639.500 -11.777
388428.500 130640.500 -11.767
388428.500 130641.500 -11.777
388428.500 130642.500 -11.767
388428.500 130643.500 -11.768
388428.500 130644.500 -11.780
388428.500 130645.500 -11.795
388428.500 130646.500 -11.775
388428.500 130647.500 -11.777
388428.500 130648.500 -11.783
388428.500 130649.500 -11.767
388428.500 130650.500 -11.743
388428.500 130651.500 -11.727
388428.500 130652.500 -11.735
388428.500 130653.500 -11.727
388428.500 130654.500 -11.693
388428.500 130655.500 -11.660
388428.500 130656.500 -11.665
388428.500 130657.500 -11.675
388428.500 130658.500 -11.692
388428.500 130659.500 -11.688
388428.500 130660.500 -11.662
388429.500 130592.500 -11.790
388429.500 130593.500 -11.785
388429.500 130594.500 -11.777
388429.500 130595.500 -11.752
388429.500 130596.500 -11.765
388429.500 130597.500 -11.777
388429.500 130598.500 -11.800
388429.500 130599.500 -11.795
388429.500 130600.500 -11.812
388429.500 130601.500 -11.818
388429.500 130602.500 -11.795
388429.500 130603.500 -11.775
388429.500 130604.500 -11.780
388429.500 130605.500 -11.795
388429.500 130606.500 -11.802
388429.500 130607.500 -11.788
388429.500 130608.500 -11.805
388429.500 130609.500 -11.832
388429.500 130610.500 -11.835
388429.500 130611.500 -11.835
388429.500 130612.500 -11.825
388429.500 130613.500 -11.822
388429.500 130614.500 -11.820
388429.500 130615.500 -11.820
388429.500 130616.500 -11.822
388429.500 130617.500 -11.820
388429.500 130618.500 -11.830
388429.500 130619.500 -11.845
388429.500 130620.500 -11.842
388429.500 130621.500 -11.845
388429.500 130622.500 -11.875
388429.500 130623.500 -11.910
388429.500 130624.500 -11.920
388429.500 130625.500 -11.915
388429.500 130626.500 -11.915
388429.500 130627.500 -11.910
388429.500 130628.500 -11.893
388429.500 130629.500 -11.883
388429.500 130630.500 -11.883
388429.500 130631.500 -11.890
388429.500 130632.500 -11.897
388429.500 130633.500 -11.890
388429.500 130634.500 -11.875
388429.500 130635.500 -11.860
388429.500 130636.500 -11.832
388429.500 130637.500 -11.805
388429.500 130638.500 -11.785
388429.500 130639.500 -11.765
388429.500 130640.500 -11.758
388429.500 130641.500 -11.765
388429.500 130642.500 -11.767
388429.500 130643.500 -11.770
388429.500 130644.500 -11.777
388429.500 130645.500 -11.795
388429.500 130646.500 -11.772
388429.500 130647.500 -11.775
388429.500 130648.500 -11.795
388429.500 130649.500 -11.785
388429.500 130650.500 -11.760
388429.500 130651.500 -11.735
388429.500 130652.500 -11.707
388429.500 130653.500 -11.707
388429.500 130654.500 -11.693
388429.500 130655.500 -11.655
388429.500 130656.500 -11.663
388429.500 130657.500 -11.660
388429.500 130658.500 -11.668
388429.500 130659.500 -11.675
388430.500 130592.500 -11.775
388430.500 130593.500 -11.768
388430.500 130594.500 -11.755
388430.500 130595.500 -11.738
388430.500 130596.500 -11.750
388430.500 130597.500 -11.770
388430.500 130598.500 -11.790
388430.500 130599.500 -11.790
388430.500 130600.500 -11.805
388430.500 130601.500 -11.815
388430.500 130602.500 -11.815
388430.500 130603.500 -11.808
388430.500 130604.500 -11.805
388430.500 130605.500 -11.815
388430.500 130606.500 -11.797
388430.500 130607.500 -11.780
388430.500 130608.500 -11.787
388430.500 130609.500 -11.808
388430.500 130610.500 -11.808
388430.500 130611.500 -11.803
388430.500 130612.500 -11.795
388430.500 130613.500 -11.790
388430.500 130614.500 -11.790
388430.500 130615.500 -11.790
388430.500 130616.500 -11.788
388430.500 130617.500 -11.792
388430.500 130618.500 -11.793
388430.500 130619.500 -11.795
388430.500 130620.500 -11.808
388430.500 130621.500 -11.832
388430.500 130622.500 -11.873
388430.500 130623.500 -11.897
388430.500 130624.500 -11.905
388430.500 130625.500 -11.918
388430.500 130626.500 -11.910
388430.500 130627.500 -11.895
388430.500 130628.500 -11.883
388430.500 130629.500 -11.883
388430.500 130630.500 -11.870
388430.500 130631.500 -11.877
388430.500 130632.500 -11.875
388430.500 130633.500 -11.870
388430.500 130634.500 -11.860
388430.500 130635.500 -11.840
388430.500 130636.500 -11.835
388430.500 130637.500 -11.808
388430.500 130638.500 -11.770
388430.500 130639.500 -11.750
388430.500 130640.500 -11.740
388430.500 130641.500 -11.760
388430.500 130642.500 -11.772
388430.500 130643.500 -11.775
388430.500 130644.500 -11.777
388430.500 130645.500 -11.790
388430.500 130646.500 -11.775
388430.500 130647.500 -11.765
388430.500 130648.500 -11.777
388430.500 130649.500 -11.770
388430.500 130650.500 -11.768
388430.500 130651.500 -11.745
388430.500 130652.500 -11.715
388430.500 130653.500 -11.695
388430.500 130654.500 -11.665
388430.500 130655.500 -11.635
388430.500 130656.500 -11.630
388430.500 130657.500 -11.633
388430.500 130658.500 -11.645
388431.500 130592.500 -11.735
388431.500 130593.500 -11.748
388431.500 130594.500 -11.743
388431.500 130595.500 -11.738
388431.500 130596.500 -11.745
388431.500 130597.500 -11.767
388431.500 130598.500 -11.777
388431.500 130599.500 -11.787
388431.500 130600.500 -11.800
388431.500 130601.500 -11.805
388431.500 130602.500 -11.805
388431.500 130603.500 -11.810
388431.500 130604.500 -11.808
388431.500 130605.500 -11.802
388431.500 130606.500 -11.782
388431.500 130607.500 -11.770
388431.500 130608.500 -11.770
388431.500 130609.500 -11.780
388431.500 130610.500 -11.783
388431.500 130611.500 -11.780
388431.500 130612.500 -11.780
388431.500 130613.500 -11.775
388431.500 130614.500 -11.777
388431.500 130615.500 -11.780
388431.500 130616.500 -11.765
388431.500 130617.500 -11.768
388431.500 130618.500 -11.748
388431.500 130619.500 -11.752
388431.500 130620.500 -11.787
388431.500 130621.500 -11.782
388431.500 130622.500 -11.842
388431.500 130623.500 -11.887
388431.500 130624.500 -11.893
388431.500 130625.500 -11.885
388431.500 130626.500 -11.885
388431.500 130627.500 -11.893
388431.500 130628.500 -11.877
388431.500 130629.500 -11.873
388431.500 130630.500 -11.865
388431.500 130631.500 -11.838
388431.500 130632.500 -11.838
388431.500 130633.500 -11.825
388431.500 130634.500 -11.822
388431.500 130635.500 -11.830
388431.500 130636.500 -11.815
388431.500 130637.500 -11.795
388431.500 130638.500 -11.762
388431.500 130639.500 -11.740
388431.500 130640.500 -11.725
388431.500 130641.500 -11.750
388431.500 130642.500 -11.765
388431.500 130643.500 -11.775
388431.500 130644.500 -11.770
388431.500 130645.500 -11.787
388431.500 130646.500 -11.777
388431.500 130647.500 -11.762
388431.500 130648.500 -11.752
388431.500 130649.500 -11.747
388431.500 130650.500 -11.743
388431.500 130651.500 -11.730
388431.500 130652.500 -11.725
388431.500 130653.500 -11.695
388431.500 130654.500 -11.655
388431.500 130655.500 -11.602
388431.500 130656.500 -11.595
388431.500 130657.500 -11.605
388431.500 130658.500 -11.625
388432.500 130592.500 -11.692
388432.500 130593.500 -11.715
388432.500 130594.500 -11.713
388432.500 130595.500 -11.710
388432.500 130596.500 -11.728
388432.500 130597.500 -11.735
388432.500 130598.500 -11.755
388432.500 130599.500 -11.765
388432.500 130600.500 -11.770
388432.500 130601.500 -11.782
388432.500 130602.500 -11.770
388432.500 130603.500 -11.780
388432.500 130604.500 -11.792
388432.500 130605.500 -11.780
388432.500 130606.500 -11.777
388432.500 130607.500 -11.768
388432.500 130608.500 -11.765
388432.500 130609.500 -11.752
388432.500 130610.500 -11.740
388432.500 130611.500 -11.742
388432.500 130612.500 -11.757
388432.500 130613.500 -11.755
388432.500 130614.500 -11.765
388432.500 130615.500 -11.767
388432.500 130616.500 -11.760
388432.500 130617.500 -11.745
388432.500 130618.500 -11.715
388432.500 130619.500 -11.738
388432.500 130620.500 -11.775
388432.500 130621.500 -11.773
388432.500 130622.500 -11.795
388432.500 130623.500 -11.883
388432.500 130624.500 -11.893
388432.500 130625.500 -11.880
388432.500 130626.500 -11.867
388432.500 130627.500 -11.857
388432.500 130628.500 -11.862
388432.500 130629.500 -11.860
388432.500 130630.500 -11.845
388432.500 130631.500 -11.817
388432.500 130632.500 -11.805
388432.500 130633.500 -11.787
388432.500 130634.500 -11.808
388432.500 130635.500 -11.825
388432.500 130636.500 -11.808
388432.500 130637.500 -11.787
388432.500 130638.500 -11.767
388432.500 130639.500 -11.735
388432.500 130640.500 -11.730
388432.500 130641.500 -11.752
388432.500 130642.500 -11.767
388432.500 130643.500 -11.785
388432.500 130644.500 -11.780
388432.500 130645.500 -11.775
388432.500 130646.500 -11.773
388432.500 130647.500 -11.750
388432.500 130648.500 -11.740
388432.500 130649.500 -11.730
388432.500 130650.500 -11.723
388432.500 130651.500 -11.712
388432.500 130652.500 -11.692
388432.500 130653.500 -11.682
388432.500 130654.500 -11.655
388432.500 130655.500 -11.623
388432.500 130656.500 -11.602
388432.500 130657.500 -11.595
388433.500 130592.500 -11.672
388433.500 130593.500 -11.682
388433.500 130594.500 -11.682
388433.500 130595.500 -11.680
388433.500 130596.500 -11.693
388433.500 130597.500 -11.692
388433.500 130598.500 -11.715
388433.500 130599.500 -11.732
388433.500 130600.500 -11.745
388433.500 130601.500 -11.745
388433.500 130602.500 -11.733
388433.500 130603.500 -11.738
388433.500 130604.500 -11.770
388433.500 130605.500 -11.782
388433.500 130606.500 -11.768
388433.500 130607.500 -11.758
388433.500 130608.500 -11.740
388433.500 130609.500 -11.733
388433.500 130610.500 -11.732
388433.500 130611.500 -11.738
388433.500 130612.500 -11.738
388433.500 130613.500 -11.738
388433.500 130614.500 -11.755
388433.500 130615.500 -11.765
388433.500 130616.500 -11.758
388433.500 130617.500 -11.750
388433.500 130618.500 -11.730
388433.500 130619.500 -11.752
388433.500 130620.500 -11.770
388433.500 130621.500 -11.770
388433.500 130622.500 -11.805
388433.500 130623.500 -11.857
388433.500 130624.500 -11.885
388433.500 130625.500 -11.883
388433.500 130626.500 -11.867
388433.500 130627.500 -11.860
388433.500 130628.500 -11.855
388433.500 130629.500 -11.842
388433.500 130630.500 -11.830
388433.500 130631.500 -11.810
388433.500 130632.500 -11.797
388433.500 130633.500 -11.795
388433.500 130634.500 -11.828
388433.500 130635.500 -11.837
388433.500 130636.500 -11.812
388433.500 130637.500 -11.792
388433.500 130638.500 -11.775
388433.500 130639.500 -11.757
388433.500 130640.500 -11.760
388433.500 130641.500 -11.762
388433.500 130642.500 -11.770
388433.500 130643.500 -11.775
388433.500 130644.500 -11.770
388433.500 130645.500 -11.770
388433.500 130646.500 -11.770
388433.500 130647.500 -11.738
388433.500 130648.500 -11.730
388433.500 130649.500 -11.723
388433.500 130650.500 -11.710
388433.500 130651.500 -11.710
388433.500 130652.500 -11.695
388433.500 130653.500 -11.672
388433.500 130654.500 -11.655
388433.500 130655.500 -11.647
388433.500 130656.500 -11.643
388434.500 130592.500 -11.645
388434.500 130593.500 -11.650
388434.500 130594.500 -11.658
388434.500 130595.500 -11.652
388434.500 130596.500 -11.650
388434.500 130597.500 -11.663
388434.500 130598.500 -11.675
388434.500 130599.500 -11.690
388434.500 130600.500 -11.705
388434.500 130601.500 -11.697
388434.500 130602.500 -11.708
388434.500 130603.500 -11.735
388434.500 130604.500 -11.760
388434.500 130605.500 -11.758
388434.500 130606.500 -11.723
388434.500 130607.500 -11.707
388434.500 130608.500 -11.730
388434.500 130609.500 -11.735
388434.500 130610.500 -11.742
388434.500 130611.500 -11.750
388434.500 130612.500 -11.728
388434.500 130613.500 -11.723
388434.500 130614.500 -11.748
388434.500 130615.500 -11.745
388434.500 130616.500 -11.748
388434.500 130617.500 -11.747
388434.500 130618.500 -11.743
388434.500 130619.500 -11.752
388434.500 130620.500 -11.757
388434.500 130621.500 -11.765
388434.500 130622.500 -11.793
388434.500 130623.500 -11.828
388434.500 130624.500 -11.867
388434.500 130625.500 -11.875
388434.500 130626.500 -11.848
388434.500 130627.500 -11.842
388434.500 130628.500 -11.823
388434.500 130629.500 -11.828
388434.500 130630.500 -11.818
388434.500 130631.500 -11.815
388434.500 130632.500 -11.808
388434.500 130633.500 -11.803
388434.500 130634.500 -11.825
388434.500 130635.500 -11.838
388434.500 130636.500 -11.820
388434.500 130637.500 -11.795
388434.500 130638.500 -11.783
388434.500 130639.500 -11.770
388434.500 130640.500 -11.758
388434.500 130641.500 -11.757
388434.500 130642.500 -11.770
388434.500 130643.500 -11.767
388434.500 130644.500 -11.760
388434.500 130645.500 -11.760
388434.500 130646.500 -11.760
388434.500 130647.500 -11.738
388434.500 130648.500 -11.735
388434.500 130649.500 -11.735
388434.500 130650.500 -11.715
388434.500 130651.500 -11.710
388434.500 130652.500 -11.688
388434.500 130653.500 -11.660
388434.500 130654.500 -11.650
388434.500 130655.500 -11.640
388434.500 130656.500 -11.645
388435.500 130592.500 -11.612
388435.500 130593.500 -11.615
388435.500 130594.500 -11.623
388435.500 130595.500 -11.620
388435.500 130596.500 -11.615
388435.500 130597.500 -11.622
388435.500 130598.500 -11.645
388435.500 130599.500 -11.647
388435.500 130600.500 -11.680
388435.500 130601.500 -11.702
388435.500 130602.500 -11.717
388435.500 130603.500 -11.733
388435.500 130604.500 -11.755
388435.500 130605.500 -11.742
388435.500 130606.500 -11.705
388435.500 130607.500 -11.700
388435.500 130608.500 -11.728
388435.500 130609.500 -11.750
388435.500 130610.500 -11.755
388435.500 130611.500 -11.743
388435.500 130612.500 -11.720
388435.500 130613.500 -11.708
388435.500 130614.500 -11.735
388435.500 130615.500 -11.718
388435.500 130616.500 -11.710
388435.500 130617.500 -11.720
388435.500 130618.500 -11.720
388435.500 130619.500 -11.720
388435.500 130620.500 -11.720
388435.500 130621.500 -11.735
388435.500 130622.500 -11.777
388435.500 130623.500 -11.815
388435.500 130624.500 -11.862
388435.500 130625.500 -11.862
388435.500 130626.500 -11.840
388435.500 130627.500 -11.832
388435.500 130628.500 -11.803
388435.500 130629.500 -11.792
388435.500 130630.500 -11.800
388435.500 130631.500 -11.803
388435.500 130632.500 -11.790
388435.500 130633.500 -11.782
388435.500 130634.500 -11.805
388435.500 130635.500 -11.805
388435.500 130636.500 -11.800
388435.500 130637.500 -11.782
388435.500 130638.500 -11.762
388435.500 130639.500 -11.767
388435.500 130640.500 -11.775
388435.500 130641.500 -11.767
388435.500 130642.500 -11.752
388435.500 130643.500 -11.757
388435.500 130644.500 -11.745
388435.500 130645.500 -11.743
388435.500 130646.500 -11.755
388435.500 130647.500 -11.743
388435.500 130648.500 -11.738
388435.500 130649.500 -11.733
388435.500 130650.500 -11.715
388435.500 130651.500 -11.710
388435.500 130652.500 -11.678
388435.500 130653.500 -11.655
388435.500 130654.500 -11.652
388435.500 130655.500 -11.620
388436.500 130592.500 -11.590
388436.500 130593.500 -11.588
388436.500 130594.500 -11.583
388436.500 130595.500 -11.585
388436.500 130596.500 -11.583
388436.500 130597.500 -11.575
388436.500 130598.500 -11.623
388436.500 130599.500 -11.645
388436.500 130600.500 -11.680
388436.500 130601.500 -11.693
388436.500 130602.500 -11.693
388436.500 130603.500 -11.695
388436.500 130604.500 -11.720
388436.500 130605.500 -11.733
388436.500 130606.500 -11.707
388436.500 130607.500 -11.715
388436.500 130608.500 -11.742
388436.500 130609.500 -11.743
388436.500 130610.500 -11.735
388436.500 130611.500 -11.745
388436.500 130612.500 -11.740
388436.500 130613.500 -11.732
388436.500 130614.500 -11.732
388436.500 130615.500 -11.705
388436.500 130616.500 -11.688
388436.500 130617.500 -11.700
388436.500 130618.500 -11.703
388436.500 130619.500 -11.695
388436.500 130620.500 -11.703
388436.500 130621.500 -11.725
388436.500 130622.500 -11.790
388436.500 130623.500 -11.822
388436.500 130624.500 -11.852
388436.500 130625.500 -11.850
388436.500 130626.500 -11.825
388436.500 130627.500 -11.810
388436.500 130628.500 -11.792
388436.500 130629.500 -11.785
388436.500 130630.500 -11.793
388436.500 130631.500 -11.787
388436.500 130632.500 -11.782
388436.500 130633.500 -11.760
388436.500 130634.500 -11.775
388436.500 130635.500 -11.785
388436.500 130636.500 -11.785
388436.500 130637.500 -11.785
388436.500 130638.500 -11.755
388436.500 130639.500 -11.765
388436.500 130640.500 -11.773
388436.500 130641.500 -11.777
388436.500 130642.500 -11.772
388436.500 130643.500 -11.765
388436.500 130644.500 -11.745
388436.500 130645.500 -11.745
388436.500 130646.500 -11.755
388436.500 130647.500 -11.748
388436.500 130648.500 -11.735
388436.500 130649.500 -11.727
388436.500 130650.500 -11.723
388436.500 130651.500 -11.703
388436.500 130652.500 -11.678
388436.500 130653.500 -11.670
388436.500 130654.500 -11.662
388437.500 130592.500 -11.540
388437.500 130593.500 -11.545
388437.500 130594.500 -11.530
388437.500 130595.500 -11.547
388437.500 130596.500 -11.565
388437.500 130597.500 -11.560
388437.500 130598.500 -11.593
388437.500 130599.500 -11.630
388437.500 130600.500 -11.643
388437.500 130601.500 -11.658
388437.500 130602.500 -11.648
388437.500 130603.500 -11.657
388437.500 130604.500 -11.700
388437.500 130605.500 -11.717
388437.500 130606.500 -11.703
388437.500 130607.500 -11.710
388437.500 130608.500 -11.743
388437.500 130609.500 -11.730
388437.500 130610.500 -11.715
388437.500 130611.500 -11.690
388437.500 130612.500 -11.707
388437.500 130613.500 -11.733
388437.500 130614.500 -11.723
388437.500 130615.500 -11.707
388437.500 130616.500 -11.670
388437.500 130617.500 -11.672
388437.500 130618.500 -11.678
388437.500 130619.500 -11.687
388437.500 130620.500 -11.712
388437.500 130621.500 -11.740
388437.500 130622.500 -11.777
388437.500 130623.500 -11.808
388437.500 130624.500 -11.838
388437.500 130625.500 -11.835
388437.500 130626.500 -11.808
388437.500 130627.500 -11.812
388437.500 130628.500 -11.805
388437.500 130629.500 -11.795
388437.500 130630.500 -11.808
388437.500 130631.500 -11.790
388437.500 130632.500 -11.787
388437.500 130633.500 -11.782
388437.500 130634.500 -11.770
388437.500 130635.500 -11.775
388437.500 130636.500 -11.788
388437.500 130637.500 -11.803
388437.500 130638.500 -11.790
388437.500 130639.500 -11.780
388437.500 130640.500 -11.810
388437.500 130641.500 -11.815
388437.500 130642.500 -11.797
388437.500 130643.500 -11.777
388437.500 130644.500 -11.760
388437.500 130645.500 -11.740
388437.500 130646.500 -11.748
388437.500 130647.500 -11.760
388437.500 130648.500 -11.738
388437.500 130649.500 -11.735
388437.500 130650.500 -11.730
388437.500 130651.500 -11.703
388437.500 130652.500 -11.688
388437.500 130653.500 -11.688
388437.500 130654.500 -11.680
388438.500 130592.500 -11.510
388438.500 130593.500 -11.525
388438.500 130594.500 -11.533
388438.500 130595.500 -11.545
388438.500 130596.500 -11.565
388438.500 130597.500 -11.540
388438.500 130598.500 -11.545
388438.500 130599.500 -11.575
388438.500 130600.500 -11.607
388438.500 130601.500 -11.630
388438.500 130602.500 -11.655
388438.500 130603.500 -11.685
388438.500 130604.500 -11.710
388438.500 130605.500 -11.718
388438.500 130606.500 -11.705
388438.500 130607.500 -11.710
388438.500 130608.500 -11.720
388438.500 130609.500 -11.723
388438.500 130610.500 -11.707
388438.500 130611.500 -11.680
388438.500 130612.500 -11.680
388438.500 130613.500 -11.685
388438.500 130614.500 -11.682
388438.500 130615.500 -11.675
388438.500 130616.500 -11.665
388438.500 130617.500 -11.663
388438.500 130618.500 -11.675
388438.500 130619.500 -11.692
388438.500 130620.500 -11.710
388438.500 130621.500 -11.720
388438.500 130622.500 -11.750
388438.500 130623.500 -11.797
388438.500 130624.500 -11.830
388438.500 130625.500 -11.828
388438.500 130626.500 -11.820
388438.500 130627.500 -11.850
388438.500 130628.500 -11.837
388438.500 130629.500 -11.828
388438.500 130630.500 -11.830
388438.500 130631.500 -11.812
388438.500 130632.500 -11.800
388438.500 130633.500 -11.820
388438.500 130634.500 -11.797
388438.500 130635.500 -11.803
388438.500 130636.500 -11.818
388438.500 130637.500 -11.825
388438.500 130638.500 -11.822
388438.500 130639.500 -11.822
388438.500 130640.500 -11.832
388438.500 130641.500 -11.840
388438.500 130642.500 -11.822
388438.500 130643.500 -11.800
388438.500 130644.500 -11.790
388438.500 130645.500 -11.762
388438.500 130646.500 -11.768
388438.500 130647.500 -11.777
388438.500 130648.500 -11.745
388438.500 130649.500 -11.752
388438.500 130650.500 -11.752
388438.500 130651.500 -11.730
388438.500 130652.500 -11.707
388438.500 130653.500 -11.695
388439.500 130592.500 -11.490
388439.500 130593.500 -11.525
388439.500 130594.500 -11.515
388439.500 130595.500 -11.510
388439.500 130596.500 -11.515
388439.500 130597.500 -11.502
388439.500 130598.500 -11.520
388439.500 130599.500 -11.558
388439.500 130600.500 -11.605
388439.500 130601.500 -11.633
388439.500 130602.500 -11.663
388439.500 130603.500 -11.682
388439.500 130604.500 -11.710
388439.500 130605.500 -11.693
388439.500 130606.500 -11.687
388439.500 130607.500 -11.700
388439.500 130608.500 -11.697
388439.500 130609.500 -11.697
388439.500 130610.500 -11.678
388439.500 130611.500 -11.665
388439.500 130612.500 -11.662
388439.500 130613.500 -11.640
388439.500 130614.500 -11.655
388439.500 130615.500 -11.657
388439.500 130616.500 -11.640
388439.500 130617.500 -11.633
388439.500 130618.500 -11.627
388439.500 130619.500 -11.662
388439.500 130620.500 -11.685
388439.500 130621.500 -11.695
388439.500 130622.500 -11.728
388439.500 130623.500 -11.780
388439.500 130624.500 -11.803
388439.500 130625.500 -11.818
388439.500 130626.500 -11.828
388439.500 130627.500 -11.845
388439.500 130628.500 -11.830
388439.500 130629.500 -11.845
388439.500 130630.500 -11.845
388439.500 130631.500 -11.837
388439.500 130632.500 -11.835
388439.500 130633.500 -11.852
388439.500 130634.500 -11.832
388439.500 130635.500 -11.822
388439.500 130636.500 -11.843
388439.500 130637.500 -11.848
388439.500 130638.500 -11.840
388439.500 130639.500 -11.848
388439.500 130640.500 -11.845
388439.500 130641.500 -11.852
388439.500 130642.500 -11.837
388439.500 130643.500 -11.842
388439.500 130644.500 -11.830
388439.500 130645.500 -11.805
388439.500 130646.500 -11.808
388439.500 130647.500 -11.803
388439.500 130648.500 -11.780
388439.500 130649.500 -11.780
388439.500 130650.500 -11.787
388439.500 130651.500 -11.765
388439.500 130652.500 -11.738
388439.500 130653.500 -11.720
388440.500 130592.500 -11.435
388440.500 130593.500 -11.458
388440.500 130594.500 -11.447
388440.500 130595.500 -11.457
388440.500 130596.500 -11.453
388440.500 130597.500 -11.485
388440.500 130598.500 -11.523
388440.500 130599.500 -11.540
388440.500 130600.500 -11.570
388440.500 130601.500 -11.605
388440.500 130602.500 -11.630
388440.500 130603.500 -11.650
388440.500 130604.500 -11.667
388440.500 130605.500 -11.658
388440.500 130606.500 -11.658
388440.500 130607.500 -11.675
388440.500 130608.500 -11.675
388440.500 130609.500 -11.675
388440.500 130610.500 -11.660
388440.500 130611.500 -11.658
388440.500 130612.500 -11.660
388440.500 130613.500 -11.648
388440.500 130614.500 -11.675
388440.500 130615.500 -11.717
388440.500 130616.500 -11.710
388440.500 130617.500 -11.675
388440.500 130618.500 -11.650
388440.500 130619.500 -11.650
388440.500 130620.500 -11.660
388440.500 130621.500 -11.683
388440.500 130622.500 -11.730
388440.500 130623.500 -11.777
388440.500 130624.500 -11.777
388440.500 130625.500 -11.780
388440.500 130626.500 -11.808
388440.500 130627.500 -11.838
388440.500 130628.500 -11.835
388440.500 130629.500 -11.828
388440.500 130630.500 -11.837
388440.500 130631.500 -11.852
388440.500 130632.500 -11.843
388440.500 130633.500 -11.848
388440.500 130634.500 -11.852
388440.500 130635.500 -11.848
388440.500 130636.500 -11.850
388440.500 130637.500 -11.850
388440.500 130638.500 -11.855
388440.500 130639.500 -11.870
388440.500 130640.500 -11.857
388440.500 130641.500 -11.870
388440.500 130642.500 -11.872
388440.500 130643.500 -11.867
388440.500 130644.500 -11.850
388440.500 130645.500 -11.818
388440.500 130646.500 -11.820
388440.500 130647.500 -11.825
388440.500 130648.500 -11.810
388440.500 130649.500 -11.810
388440.500 130650.500 -11.808
388440.500 130651.500 -11.777
388440.500 130652.500 -11.760
388441.500 130592.500 -11.382
388441.500 130593.500 -11.402
388441.500 130594.500 -11.428
388441.500 130595.500 -11.438
388441.500 130596.500 -11.445
388441.500 130597.500 -11.463
388441.500 130598.500 -11.463
388441.500 130599.500 -11.515
388441.500 130600.500 -11.565
388441.500 130601.500 -11.582
388441.500 130602.500 -11.603
388441.500 130603.500 -11.620
388441.500 130604.500 -11.615
388441.500 130605.500 -11.613
388441.500 130606.500 -11.612
388441.500 130607.500 -11.635
388441.500 130608.500 -11.635
388441.500 130609.500 -11.650
388441.500 130610.500 -11.663
388441.500 130611.500 -11.685
388441.500 130612.500 -11.692
388441.500 130613.500 -11.703
388441.500 130614.500 -11.723
388441.500 130615.500 -11.777
388441.500 130616.500 -11.775
388441.500 130617.500 -11.762
388441.500 130618.500 -11.732
388441.500 130619.500 -11.718
388441.500 130620.500 -11.725
388441.500 130621.500 -11.720
388441.500 130622.500 -11.740
388441.500 130623.500 -11.767
388441.500 130624.500 -11.755
388441.500 130625.500 -11.732
388441.500 130626.500 -11.762
388441.500 130627.500 -11.830
388441.500 130628.500 -11.850
388441.500 130629.500 -11.828
388441.500 130630.500 -11.835
388441.500 130631.500 -11.848
388441.500 130632.500 -11.845
388441.500 130633.500 -11.850
388441.500 130634.500 -11.865
388441.500 130635.500 -11.870
388441.500 130636.500 -11.848
388441.500 130637.500 -11.852
388441.500 130638.500 -11.862
388441.500 130639.500 -11.873
388441.500 130640.500 -11.878
388441.500 130641.500 -11.880
388441.500 130642.500 -11.880
388441.500 130643.500 -11.880
388441.500 130644.500 -11.877
388441.500 130645.500 -11.857
388441.500 130646.500 -11.838
388441.500 130647.500 -11.850
388441.500 130648.500 -11.837
388441.500 130649.500 -11.830
388441.500 130650.500 -11.810
388441.500 130651.500 -11.797
388442.500 130592.500 -11.375
388442.500 130593.500 -11.380
388442.500 130594.500 -11.407
388442.500 130595.500 -11.445
388442.500 130596.500 -11.435
388442.500 130597.500 -11.448
388442.500 130598.500 -11.460
388442.500 130599.500 -11.515
388442.500 130600.500 -11.558
388442.500 130601.500 -11.568
388442.500 130602.500 -11.575
388442.500 130603.500 -11.590
388442.500 130604.500 -11.570
388442.500 130605.500 -11.575
388442.500 130606.500 -11.610
388442.500 130607.500 -11.643
388442.500 130608.500 -11.635
388442.500 130609.500 -11.647
388442.500 130610.500 -11.677
388442.500 130611.500 -11.705
388442.500 130612.500 -11.692
388442.500 130613.500 -11.715
388442.500 130614.500 -11.735
388442.500 130615.500 -11.762
388442.500 130616.500 -11.762
388442.500 130617.500 -11.767
388442.500 130618.500 -11.752
388442.500 130619.500 -11.735
388442.500 130620.500 -11.725
388442.500 130621.500 -11.730
388442.500 130622.500 -11.740
388442.500 130623.500 -11.760
388442.500 130624.500 -11.740
388442.500 130625.500 -11.697
388442.500 130626.500 -11.713
388442.500 130627.500 -11.803
388442.500 130628.500 -11.850
388442.500 130629.500 -11.835
388442.500 130630.500 -11.822
388442.500 130631.500 -11.835
388442.500 130632.500 -11.845
388442.500 130633.500 -11.862
388442.500 130634.500 -11.870
388442.500 130635.500 -11.878
388442.500 130636.500 -11.860
388442.500 130637.500 -11.867
388442.500 130638.500 -11.875
388442.500 130639.500 -11.875
388442.500 130640.500 -11.885
388442.500 130641.500 -11.890
388442.500 130642.500 -11.893
388442.500 130643.500 -11.897
388442.500 130644.500 -11.900
388442.500 130645.500 -11.890
388442.500 130646.500 -11.857
388442.500 130647.500 -11.857
388442.500 130648.500 -11.837
388442.500 130649.500 -11.843
388442.500 130650.500 -11.832
388442.500 130651.500 -11.820
388443.500 130592.500 -11.385
388443.500 130593.500 -11.370
388443.500 130594.500 -11.375
388443.500 130595.500 -11.400
388443.500 130596.500 -11.420
388443.500 130597.500 -11.448
388443.500 130598.500 -11.480
388443.500 130599.500 -11.510
388443.500 130600.500 -11.540
388443.500 130601.500 -11.550
388443.500 130602.500 -11.565
388443.500 130603.500 -11.562
388443.500 130604.500 -11.525
388443.500 130605.500 -11.557
388443.500 130606.500 -11.618
388443.500 130607.500 -11.662
388443.500 130608.500 -11.655
388443.500 130609.500 -11.663
388443.500 130610.500 -11.682
388443.500 130611.500 -11.688
388443.500 130612.500 -11.695
388443.500 130613.500 -11.713
388443.500 130614.500 -11.730
388443.500 130615.500 -11.742
388443.500 130616.500 -11.740
388443.500 130617.500 -11.740
388443.500 130618.500 -11.735
388443.500 130619.500 -11.718
388443.500 130620.500 -11.708
388443.500 130621.500 -11.720
388443.500 130622.500 -11.740
388443.500 130623.500 -11.740
388443.500 130624.500 -11.748
388443.500 130625.500 -11.680
388443.500 130626.500 -11.668
388443.500 130627.500 -11.753
388443.500 130628.500 -11.827
388443.500 130629.500 -11.820
388443.500 130630.500 -11.797
388443.500 130631.500 -11.828
388443.500 130632.500 -11.837
388443.500 130633.500 -11.860
388443.500 130634.500 -11.872
388443.500 130635.500 -11.867
388443.500 130636.500 -11.885
388443.500 130637.500 -11.875
388443.500 130638.500 -11.867
388443.500 130639.500 -11.873
388443.500 130640.500 -11.885
388443.500 130641.500 -11.895
388443.500 130642.500 -11.897
388443.500 130643.500 -11.895
388443.500 130644.500 -11.910
388443.500 130645.500 -11.910
388443.500 130646.500 -11.885
388443.500 130647.500 -11.855
388443.500 130648.500 -11.842
388443.500 130649.500 -11.845
388443.500 130650.500 -11.843
388444.500 130592.500 -11.348
388444.500 130593.500 -11.350
388444.500 130594.500 -11.352
388444.500 130595.500 -11.355
388444.500 130596.500 -11.370
388444.500 130597.500 -11.402
388444.500 130598.500 -11.450
388444.500 130599.500 -11.485
388444.500 130600.500 -11.523
388444.500 130601.500 -11.537
388444.500 130602.500 -11.555
388444.500 130603.500 -11.558
388444.500 130604.500 -11.525
388444.500 130605.500 -11.567
388444.500 130606.500 -11.638
388444.500 130607.500 -11.660
388444.500 130608.500 -11.652
388444.500 130609.500 -11.655
388444.500 130610.500 -11.665
388444.500 130611.500 -11.668
388444.500 130612.500 -11.680
388444.500 130613.500 -11.705
388444.500 130614.500 -11.707
388444.500 130615.500 -11.693
388444.500 130616.500 -11.707
388444.500 130617.500 -11.707
388444.500 130618.500 -11.703
388444.500 130619.500 -11.697
388444.500 130620.500 -11.700
388444.500 130621.500 -11.712
388444.500 130622.500 -11.735
388444.500 130623.500 -11.738
388444.500 130624.500 -11.738
388444.500 130625.500 -11.715
388444.500 130626.500 -11.693
388444.500 130627.500 -11.750
388444.500 130628.500 -11.820
388444.500 130629.500 -11.818
388444.500 130630.500 -11.792
388444.500 130631.500 -11.810
388444.500 130632.500 -11.822
388444.500 130633.500 -11.837
388444.500 130634.500 -11.850
388444.500 130635.500 -11.855
388444.500 130636.500 -11.885
388444.500 130637.500 -11.882
388444.500 130638.500 -11.860
388444.500 130639.500 -11.865
388444.500 130640.500 -11.880
388444.500 130641.500 -11.897
388444.500 130642.500 -11.890
388444.500 130643.500 -11.905
388444.500 130644.500 -11.910
388444.500 130645.500 -11.898
388444.500 130646.500 -11.858
388444.500 130647.500 -11.835
388444.500 130648.500 -11.810
388444.500 130649.500 -11.808
388445.500 130592.500 -11.322
388445.500 130593.500 -11.332
388445.500 130594.500 -11.328
388445.500 130595.500 -11.325
388445.500 130596.500 -11.340
388445.500 130597.500 -11.377
388445.500 130598.500 -11.425
388445.500 130599.500 -11.455
388445.500 130600.500 -11.488
388445.500 130601.500 -11.515
388445.500 130602.500 -11.525
388445.500 130603.500 -11.533
388445.500 130604.500 -11.518
388445.500 130605.500 -11.567
388445.500 130606.500 -11.620
388445.500 130607.500 -11.640
388445.500 130608.500 -11.640
388445.500 130609.500 -11.643
388445.500 130610.500 -11.643
388445.500 130611.500 -11.640
388445.500 130612.500 -11.665
388445.500 130613.500 -11.682
388445.500 130614.500 -11.668
388445.500 130615.500 -11.645
388445.500 130616.500 -11.635
388445.500 130617.500 -11.652
388445.500 130618.500 -11.658
388445.500 130619.500 -11.668
388445.500 130620.500 -11.687
388445.500 130621.500 -11.687
388445.500 130622.500 -11.707
388445.500 130623.500 -11.707
388445.500 130624.500 -11.715
388445.500 130625.500 -11.715
388445.500 130626.500 -11.728
388445.500 130627.500 -11.760
388445.500 130628.500 -11.793
388445.500 130629.500 -11.810
388445.500 130630.500 -11.802
388445.500 130631.500 -11.797
388445.500 130632.500 -11.812
388445.500 130633.500 -11.828
388445.500 130634.500 -11.835
388445.500 130635.500 -11.840
388445.500 130636.500 -11.848
388445.500 130637.500 -11.860
388445.500 130638.500 -11.852
388445.500 130639.500 -11.865
388445.500 130640.500 -11.880
388445.500 130641.500 -11.913
388445.500 130642.500 -11.902
388445.500 130643.500 -11.910
388445.500 130644.500 -11.900
388445.500 130645.500 -11.875
388445.500 130646.500 -11.787
388445.500 130647.500 -11.777
388445.500 130648.500 -11.792
388445.500 130649.500 -11.805
388446.500 130592.500 -11.305
388446.500 130593.500 -11.308
388446.500 130594.500 -11.300
388446.500 130595.500 -11.300
388446.500 130596.500 -11.305
388446.500 130597.500 -11.355
388446.500 130598.500 -11.400
388446.500 130599.500 -11.430
388446.500 130600.500 -11.455
388446.500 130601.500 -11.477
388446.500 130602.500 -11.488
388446.500 130603.500 -11.523
388446.500 130604.500 -11.537
388446.500 130605.500 -11.567
388446.500 130606.500 -11.598
388446.500 130607.500 -11.610
388446.500 130608.500 -11.610
388446.500 130609.500 -11.607
388446.500 130610.500 -11.592
388446.500 130611.500 -11.595
388446.500 130612.500 -11.615
388446.500 130613.500 -11.620
388446.500 130614.500 -11.608
388446.500 130615.500 -11.582
388446.500 130616.500 -11.565
388446.500 130617.500 -11.585
388446.500 130618.500 -11.610
388446.500 130619.500 -11.613
388446.500 130620.500 -11.627
388446.500 130621.500 -11.637
388446.500 130622.500 -11.668
388446.500 130623.500 -11.665
388446.500 130624.500 -11.648
388446.500 130625.500 -11.672
388446.500 130626.500 -11.703
388446.500 130627.500 -11.730
388446.500 130628.500 -11.758
388446.500 130629.500 -11.780
388446.500 130630.500 -11.812
388446.500 130631.500 -11.805
388446.500 130632.500 -11.818
388446.500 130633.500 -11.832
388446.500 130634.500 -11.830
388446.500 130635.500 -11.835
388446.500 130636.500 -11.840
388446.500 130637.500 -11.860
388446.500 130638.500 -11.898
388446.500 130639.500 -11.888
388446.500 130640.500 -11.895
388446.500 130641.500 -11.920
388446.500 130642.500 -11.900
388446.500 130643.500 -11.902
388446.500 130644.500 -11.900
388446.500 130645.500 -11.877
388446.500 130646.500 -11.792
388446.500 130647.500 -11.775
388446.500 130648.500 -11.785
388447.500 130592.500 -11.265
388447.500 130593.500 -11.275
388447.500 130594.500 -11.270
388447.500 130595.500 -11.270
388447.500 130596.500 -11.290
388447.500 130597.500 -11.320
388447.500 130598.500 -11.363
388447.500 130599.500 -11.407
388447.500 130600.500 -11.440
388447.500 130601.500 -11.457
388447.500 130602.500 -11.465
388447.500 130603.500 -11.480
388447.500 130604.500 -11.512
388447.500 130605.500 -11.522
388447.500 130606.500 -11.535
388447.500 130607.500 -11.562
388447.500 130608.500 -11.567
388447.500 130609.500 -11.572
388447.500 130610.500 -11.568
388447.500 130611.500 -11.555
388447.500 130612.500 -11.562
388447.500 130613.500 -11.557
388447.500 130614.500 -11.555
388447.500 130615.500 -11.532
388447.500 130616.500 -11.515
388447.500 130617.500 -11.520
388447.500 130618.500 -11.545
388447.500 130619.500 -11.558
388447.500 130620.500 -11.575
388447.500 130621.500 -11.595
388447.500 130622.500 -11.617
388447.500 130623.500 -11.627
388447.500 130624.500 -11.633
388447.500 130625.500 -11.657
388447.500 130626.500 -11.690
388447.500 130627.500 -11.705
388447.500 130628.500 -11.720
388447.500 130629.500 -11.748
388447.500 130630.500 -11.797
388447.500 130631.500 -11.812
388447.500 130632.500 -11.822
388447.500 130633.500 -11.840
388447.500 130634.500 -11.848
388447.500 130635.500 -11.853
388447.500 130636.500 -11.843
388447.500 130637.500 -11.862
388447.500 130638.500 -11.900
388447.500 130639.500 -11.920
388447.500 130640.500 -11.900
388447.500 130641.500 -11.920
388447.500 130642.500 -11.905
388447.500 130643.500 -11.913
388447.500 130644.500 -11.910
388447.500 130645.500 -11.882
388447.500 130646.500 -11.830
388447.500 130647.500 -11.820
388447.500 130648.500 -11.815
388448.500 130592.500 -11.215
388448.500 130593.500 -11.252
388448.500 130594.500 -11.248
388448.500 130595.500 -11.242
388448.500 130596.500 -11.262
388448.500 130597.500 -11.290
388448.500 130598.500 -11.300
388448.500 130599.500 -11.340
388448.500 130600.500 -11.388
388448.500 130601.500 -11.422
388448.500 130602.500 -11.435
388448.500 130603.500 -11.460
388448.500 130604.500 -11.467
388448.500 130605.500 -11.470
388448.500 130606.500 -11.485
388448.500 130607.500 -11.510
388448.500 130608.500 -11.515
388448.500 130609.500 -11.522
388448.500 130610.500 -11.515
388448.500 130611.500 -11.500
388448.500 130612.500 -11.498
388448.500 130613.500 -11.500
388448.500 130614.500 -11.495
388448.500 130615.500 -11.490
388448.500 130616.500 -11.495
388448.500 130617.500 -11.498
388448.500 130618.500 -11.498
388448.500 130619.500 -11.510
388448.500 130620.500 -11.520
388448.500 130621.500 -11.540
388448.500 130622.500 -11.570
388448.500 130623.500 -11.575
388448.500 130624.500 -11.592
388448.500 130625.500 -11.645
388448.500 130626.500 -11.672
388448.500 130627.500 -11.692
388448.500 130628.500 -11.715
388448.500 130629.500 -11.740
388448.500 130630.500 -11.787
388448.500 130631.500 -11.808
388448.500 130632.500 -11.820
388448.500 130633.500 -11.825
388448.500 130634.500 -11.845
388448.500 130635.500 -11.852
388448.500 130636.500 -11.845
388448.500 130637.500 -11.860
388448.500 130638.500 -11.888
388448.500 130639.500 -11.915
388448.500 130640.500 -11.910
388448.500 130641.500 -11.912
388448.500 130642.500 -11.910
388448.500 130643.500 -11.920
388448.500 130644.500 -11.907
388448.500 130645.500 -11.897
388448.500 130646.500 -11.875
388448.500 130647.500 -11.860
388449.500 130592.500 -11.180
388449.500 130593.500 -11.205
388449.500 130594.500 -11.210
388449.500 130595.500 -11.220
388449.500 130596.500 -11.230
388449.500 130597.500 -11.250
388449.500 130598.500 -11.265
388449.500 130599.500 -11.293
388449.500 130600.500 -11.312
388449.500 130601.500 -11.355
388449.500 130602.500 -11.407
388449.500 130603.500 -11.428
388449.500 130604.500 -11.432
388449.500 130605.500 -11.435
388449.500 130606.500 -11.445
388449.500 130607.500 -11.455
388449.500 130608.500 -11.462
388449.500 130609.500 -11.463
388449.500 130610.500 -11.455
388449.500 130611.500 -11.450
388449.500 130612.500 -11.470
388449.500 130613.500 -11.460
388449.500 130614.500 -11.460
388449.500 130615.500 -11.473
388449.500 130616.500 -11.488
388449.500 130617.500 -11.505
388449.500 130618.500 -11.500
388449.500 130619.500 -11.488
388449.500 130620.500 -11.450
388449.500 130621.500 -11.473
388449.500 130622.500 -11.505
388449.500 130623.500 -11.492
388449.500 130624.500 -11.507
388449.500 130625.500 -11.577
388449.500 130626.500 -11.627
388449.500 130627.500 -11.672
388449.500 130628.500 -11.707
388449.500 130629.500 -11.735
388449.500 130630.500 -11.770
388449.500 130631.500 -11.775
388449.500 130632.500 -11.788
388449.500 130633.500 -11.795
388449.500 130634.500 -11.827
388449.500 130635.500 -11.832
388449.500 130636.500 -11.840
388449.500 130637.500 -11.860
388449.500 130638.500 -11.880
388449.500 130639.500 -11.898
388449.500 130640.500 -11.920
388449.500 130641.500 -11.900
388449.500 130642.500 -11.918
388449.500 130643.500 -11.912
388449.500 130644.500 -11.900
388449.500 130645.500 -11.905
388449.500 130646.500 -11.888
388450.500 130592.500 -11.160
388450.500 130593.500 -11.172
388450.500 130594.500 -11.162
388450.500 130595.500 -11.188
388450.500 130596.500 -11.207
388450.500 130597.500 -11.215
388450.500 130598.500 -11.255
388450.500 130599.500 -11.265
388450.500 130600.500 -11.265
388450.500 130601.500 -11.280
388450.500 130602.500 -11.340
388450.500 130603.500 -11.390
388450.500 130604.500 -11.402
388450.500 130605.500 -11.425
388450.500 130606.500 -11.422
388450.500 130607.500 -11.412
388450.500 130608.500 -11.410
388450.500 130609.500 -11.412
388450.500 130610.500 -11.408
388450.500 130611.500 -11.408
388450.500 130612.500 -11.420
388450.500 130613.500 -11.418
388450.500 130614.500 -11.417
388450.500 130615.500 -11.445
388450.500 130616.500 -11.480
388450.500 130617.500 -11.488
388450.500 130618.500 -11.485
388450.500 130619.500 -11.475
388450.500 130620.500 -11.433
388450.500 130621.500 -11.438
388450.500 130622.500 -11.473
388450.500 130623.500 -11.440
388450.500 130624.500 -11.445
388450.500 130625.500 -11.500
388450.500 130626.500 -11.570
388450.500 130627.500 -11.625
388450.500 130628.500 -11.677
388450.500 130629.500 -11.723
388450.500 130630.500 -11.742
388450.500 130631.500 -11.752
388450.500 130632.500 -11.760
388450.500 130633.500 -11.773
388450.500 130634.500 -11.792
388450.500 130635.500 -11.808
388450.500 130636.500 -11.820
388450.500 130637.500 -11.843
388450.500 130638.500 -11.852
388450.500 130639.500 -11.870
388450.500 130640.500 -11.897
388450.500 130641.500 -11.888
388450.500 130642.500 -11.893
388450.500 130643.500 -11.902
388450.500 130644.500 -11.905
388450.500 130645.500 -11.898
388450.500 130646.500 -11.893
388451.500 130592.500 -11.105
388451.500 130593.500 -11.125
388451.500 130594.500 -11.135
388451.500 130595.500 -11.160
388451.500 130596.500 -11.180
388451.500 130597.500 -11.203
388451.500 130598.500 -11.238
388451.500 130599.500 -11.245
388451.500 130600.500 -11.215
388451.500 130601.500 -11.233
388451.500 130602.500 -11.260
388451.500 130603.500 -11.300
388451.500 130604.500 -11.355
388451.500 130605.500 -11.375
388451.500 130606.500 -11.382
388451.500 130607.500 -11.375
388451.500 130608.500 -11.377
388451.500 130609.500 -11.383
388451.500 130610.500 -11.390
388451.500 130611.500 -11.375
388451.500 130612.500 -11.372
388451.500 130613.500 -11.380
388451.500 130614.500 -11.395
388451.500 130615.500 -11.413
388451.500 130616.500 -11.437
388451.500 130617.500 -11.455
388451.500 130618.500 -11.463
388451.500 130619.500 -11.467
388451.500 130620.500 -11.440
388451.500 130621.500 -11.413
388451.500 130622.500 -11.447
388451.500 130623.500 -11.432
388451.500 130624.500 -11.407
388451.500 130625.500 -11.430
388451.500 130626.500 -11.515
388451.500 130627.500 -11.582
388451.500 130628.500 -11.645
388451.500 130629.500 -11.685
388451.500 130630.500 -11.700
388451.500 130631.500 -11.710
388451.500 130632.500 -11.710
388451.500 130633.500 -11.735
388451.500 130634.500 -11.753
388451.500 130635.500 -11.777
388451.500 130636.500 -11.785
388451.500 130637.500 -11.808
388451.500 130638.500 -11.820
388451.500 130639.500 -11.848
388451.500 130640.500 -11.855
388451.500 130641.500 -11.888
388451.500 130642.500 -11.867
388451.500 130643.500 -11.895
388451.500 130644.500 -11.900
388451.500 130645.500 -11.888
388452.500 130592.500 -11.035
388452.500 130593.500 -11.055
388452.500 130594.500 -11.085
388452.500 130595.500 -11.093
388452.500 130596.500 -11.137
388452.500 130597.500 -11.170
388452.500 130598.500 -11.188
388452.500 130599.500 -11.193
388452.500 130600.500 -11.185
388452.500 130601.500 -11.197
388452.500 130602.500 -11.210
388452.500 130603.500 -11.238
388452.500 130604.500 -11.270
388452.500 130605.500 -11.300
388452.500 130606.500 -11.328
388452.500 130607.500 -11.340
388452.500 130608.500 -11.348
388452.500 130609.500 -11.350
388452.500 130610.500 -11.357
388452.500 130611.500 -11.362
388452.500 130612.500 -11.375
388452.500 130613.500 -11.373
388452.500 130614.500 -11.365
388452.500 130615.500 -11.367
388452.500 130616.500 -11.402
388452.500 130617.500 -11.418
388452.500 130618.500 -11.437
388452.500 130619.500 -11.430
388452.500 130620.500 -11.412
388452.500 130621.500 -11.410
388452.500 130622.500 -11.415
388452.500 130623.500 -11.410
388452.500 130624.500 -11.385
388452.500 130625.500 -11.387
388452.500 130626.500 -11.460
388452.500 130627.500 -11.525
388452.500 130628.500 -11.607
388452.500 130629.500 -11.640
388452.500 130630.500 -11.658
388452.500 130631.500 -11.670
388452.500 130632.500 -11.678
388452.500 130633.500 -11.687
388452.500 130634.500 -11.715
388452.500 130635.500 -11.727
388452.500 130636.500 -11.740
388452.500 130637.500 -11.760
388452.500 130638.500 -11.790
388452.500 130639.500 -11.810
388452.500 130640.500 -11.820
388452.500 130641.500 -11.848
388452.500 130642.500 -11.862
388452.500 130643.500 -11.865
388452.500 130644.500 -11.877
388453.500 130592.500 -11.008
388453.500 130593.500 -11.020
388453.500 130594.500 -11.053
388453.500 130595.500 -11.050
388453.500 130596.500 -11.098
388453.500 130597.500 -11.143
388453.500 130598.500 -11.133
388453.500 130599.500 -11.125
388453.500 130600.500 -11.147
388453.500 130601.500 -11.168
388453.500 130602.500 -11.182
388453.500 130603.500 -11.185
388453.500 130604.500 -11.210
388453.500 130605.500 -11.230
388453.500 130606.500 -11.253
388453.500 130607.500 -11.295
388453.500 130608.500 -11.308
388453.500 130609.500 -11.312
388453.500 130610.500 -11.320
388453.500 130611.500 -11.328
388453.500 130612.500 -11.340
388453.500 130613.500 -11.340
388453.500 130614.500 -11.335
388453.500 130615.500 -11.338
388453.500 130616.500 -11.358
388453.500 130617.500 -11.373
388453.500 130618.500 -11.395
388453.500 130619.500 -11.380
388453.500 130620.500 -11.360
388453.500 130621.500 -11.370
388453.500 130622.500 -11.390
388453.500 130623.500 -11.383
388453.500 130624.500 -11.393
388453.500 130625.500 -11.405
388453.500 130626.500 -11.457
388453.500 130627.500 -11.520
388453.500 130628.500 -11.562
388453.500 130629.500 -11.602
388453.500 130630.500 -11.605
388453.500 130631.500 -11.613
388453.500 130632.500 -11.618
388453.500 130633.500 -11.630
388453.500 130634.500 -11.652
388453.500 130635.500 -11.663
388453.500 130636.500 -11.683
388453.500 130637.500 -11.697
388453.500 130638.500 -11.727
388453.500 130639.500 -11.742
388453.500 130640.500 -11.760
388453.500 130641.500 -11.790
388453.500 130642.500 -11.832
388453.500 130643.500 -11.832
388453.500 130644.500 -11.845
388454.500 130592.500 -10.980
388454.500 130593.500 -10.993
388454.500 130594.500 -11.020
388454.500 130595.500 -11.042
388454.500 130596.500 -11.062
388454.500 130597.500 -11.087
388454.500 130598.500 -11.110
388454.500 130599.500 -11.110
388454.500 130600.500 -11.115
388454.500 130601.500 -11.110
388454.500 130602.500 -11.132
388454.500 130603.500 -11.125
388454.500 130604.500 -11.163
388454.500 130605.500 -11.178
388454.500 130606.500 -11.192
388454.500 130607.500 -11.240
388454.500 130608.500 -11.260
388454.500 130609.500 -11.275
388454.500 130610.500 -11.270
388454.500 130611.500 -11.293
388454.500 130612.500 -11.285
388454.500 130613.500 -11.285
388454.500 130614.500 -11.300
388454.500 130615.500 -11.300
388454.500 130616.500 -11.310
388454.500 130617.500 -11.332
388454.500 130618.500 -11.350
388454.500 130619.500 -11.330
388454.500 130620.500 -11.325
388454.500 130621.500 -11.338
388454.500 130622.500 -11.375
388454.500 130623.500 -11.375
388454.500 130624.500 -11.375
388454.500 130625.500 -11.395
388454.500 130626.500 -11.450
388454.500 130627.500 -11.488
388454.500 130628.500 -11.523
388454.500 130629.500 -11.555
388454.500 130630.500 -11.555
388454.500 130631.500 -11.560
388454.500 130632.500 -11.560
388454.500 130633.500 -11.573
388454.500 130634.500 -11.582
388454.500 130635.500 -11.610
388454.500 130636.500 -11.615
388454.500 130637.500 -11.627
388454.500 130638.500 -11.675
388454.500 130639.500 -11.695
388454.500 130640.500 -11.720
388454.500 130641.500 -11.757
388454.500 130642.500 -11.797
388454.500 130643.500 -11.818
388455.500 130592.500 -10.960
388455.500 130593.500 -10.977
388455.500 130594.500 -10.995
388455.500 130595.500 -11.008
388455.500 130596.500 -11.043
388455.500 130597.500 -11.060
388455.500 130598.500 -11.075
388455.500 130599.500 -11.087
388455.500 130600.500 -11.100
388455.500 130601.500 -11.095
388455.500 130602.500 -11.123
388455.500 130603.500 -11.117
388455.500 130604.500 -11.112
388455.500 130605.500 -11.123
388455.500 130606.500 -11.145
388455.500 130607.500 -11.158
388455.500 130608.500 -11.193
388455.500 130609.500 -11.225
388455.500 130610.500 -11.247
388455.500 130611.500 -11.240
388455.500 130612.500 -11.235
388455.500 130613.500 -11.242
388455.500 130614.500 -11.262
388455.500 130615.500 -11.270
388455.500 130616.500 -11.265
388455.500 130617.500 -11.277
388455.500 130618.500 -11.288
388455.500 130619.500 -11.292
388455.500 130620.500 -11.285
388455.500 130621.500 -11.305
388455.500 130622.500 -11.332
388455.500 130623.500 -11.328
388455.500 130624.500 -11.350
388455.500 130625.500 -11.385
388455.500 130626.500 -11.432
388455.500 130627.500 -11.455
388455.500 130628.500 -11.490
388455.500 130629.500 -11.518
388455.500 130630.500 -11.530
388455.500 130631.500 -11.540
388455.500 130632.500 -11.532
388455.500 130633.500 -11.540
388455.500 130634.500 -11.565
388455.500 130635.500 -11.577
388455.500 130636.500 -11.575
388455.500 130637.500 -11.590
388455.500 130638.500 -11.645
388455.500 130639.500 -11.652
388455.500 130640.500 -11.680
388455.500 130641.500 -11.717
388455.500 130642.500 -11.750
388456.500 130592.500 -10.925
388456.500 130593.500 -10.940
388456.500 130594.500 -10.970
388456.500 130595.500 -10.975
388456.500 130596.500 -11.005
388456.500 130597.500 -11.015
388456.500 130598.500 -11.025
388456.500 130599.500 -11.042
388456.500 130600.500 -11.055
388456.500 130601.500 -11.060
388456.500 130602.500 -11.082
388456.500 130603.500 -11.110
388456.500 130604.500 -11.100
388456.500 130605.500 -11.098
388456.500 130606.500 -11.138
388456.500 130607.500 -11.133
388456.500 130608.500 -11.130
388456.500 130609.500 -11.150
388456.500 130610.500 -11.165
388456.500 130611.500 -11.182
388456.500 130612.500 -11.183
388456.500 130613.500 -11.202
388456.500 130614.500 -11.220
388456.500 130615.500 -11.230
388456.500 130616.500 -11.212
388456.500 130617.500 -11.208
388456.500 130618.500 -11.227
388456.500 130619.500 -11.242
388456.500 130620.500 -11.225
388456.500 130621.500 -11.268
388456.500 130622.500 -11.295
388456.500 130623.500 -11.270
388456.500 130624.500 -11.277
388456.500 130625.500 -11.328
388456.500 130626.500 -11.385
388456.500 130627.500 -11.418
388456.500 130628.500 -11.453
388456.500 130629.500 -11.485
388456.500 130630.500 -11.502
388456.500 130631.500 -11.505
388456.500 130632.500 -11.508
388456.500 130633.500 -11.530
388456.500 130634.500 -11.558
388456.500 130635.500 -11.580
388456.500 130636.500 -11.578
388456.500 130637.500 -11.585
388456.500 130638.500 -11.630
388456.500 130639.500 -11.615
388456.500 130640.500 -11.617
388456.500 130641.500 -11.675
388456.500 130642.500 -11.710
388457.500 130592.500 -10.898
388457.500 130593.500 -10.922
388457.500 130594.500 -10.940
388457.500 130595.500 -10.948
388457.500 130596.500 -10.963
388457.500 130597.500 -10.970
388457.500 130598.500 -10.988
388457.500 130599.500 -10.988
388457.500 130600.500 -11.010
388457.500 130601.500 -11.018
388457.500 130602.500 -11.040
388457.500 130603.500 -11.060
388457.500 130604.500 -11.075
388457.500 130605.500 -11.072
388457.500 130606.500 -11.102
388457.500 130607.500 -11.122
388457.500 130608.500 -11.110
388457.500 130609.500 -11.138
388457.500 130610.500 -11.135
388457.500 130611.500 -11.155
388457.500 130612.500 -11.170
388457.500 130613.500 -11.195
388457.500 130614.500 -11.210
388457.500 130615.500 -11.197
388457.500 130616.500 -11.172
388457.500 130617.500 -11.158
388457.500 130618.500 -11.175
388457.500 130619.500 -11.190
388457.500 130620.500 -11.155
388457.500 130621.500 -11.232
388457.500 130622.500 -11.260
388457.500 130623.500 -11.232
388457.500 130624.500 -11.227
388457.500 130625.500 -11.285
388457.500 130626.500 -11.350
388457.500 130627.500 -11.383
388457.500 130628.500 -11.420
388457.500 130629.500 -11.445
388457.500 130630.500 -11.460
388457.500 130631.500 -11.485
388457.500 130632.500 -11.505
388457.500 130633.500 -11.530
388457.500 130634.500 -11.553
388457.500 130635.500 -11.577
388457.500 130636.500 -11.580
388457.500 130637.500 -11.588
388457.500 130638.500 -11.598
388457.500 130639.500 -11.583
388457.500 130640.500 -11.575
388457.500 130641.500 -11.617
388458.500 130592.500 -10.867
388458.500 130593.500 -10.895
388458.500 130594.500 -10.920
388458.500 130595.500 -10.915
388458.500 130596.500 -10.925
388458.500 130597.500 -10.942
388458.500 130598.500 -10.945
388458.500 130599.500 -10.955
388458.500 130600.500 -10.988
388458.500 130601.500 -11.000
388458.500 130602.500 -11.010
388458.500 130603.500 -11.015
388458.500 130604.500 -11.040
388458.500 130605.500 -11.058
388458.500 130606.500 -11.065
388458.500 130607.500 -11.100
388458.500 130608.500 -11.105
388458.500 130609.500 -11.105
388458.500 130610.500 -11.110
388458.500 130611.500 -11.115
388458.500 130612.500 -11.133
388458.500 130613.500 -11.165
388458.500 130614.500 -11.180
388458.500 130615.500 -11.175
388458.500 130616.500 -11.155
388458.500 130617.500 -11.168
388458.500 130618.500 -11.190
388458.500 130619.500 -11.188
388458.500 130620.500 -11.117
388458.500 130621.500 -11.205
388458.500 130622.500 -11.252
388458.500 130623.500 -11.230
388458.500 130624.500 -11.238
388458.500 130625.500 -11.270
388458.500 130626.500 -11.320
388458.500 130627.500 -11.348
388458.500 130628.500 -11.380
388458.500 130629.500 -11.418
388458.500 130630.500 -11.435
388458.500 130631.500 -11.473
388458.500 130632.500 -11.490
388458.500 130633.500 -11.525
388458.500 130634.500 -11.543
388458.500 130635.500 -11.562
388458.500 130636.500 -11.560
388458.500 130637.500 -11.562
388458.500 130638.500 -11.562
388458.500 130639.500 -11.543
388458.500 130640.500 -11.527
388458.500 130641.500 -11.543
388459.500 130592.500 -10.838
388459.500 130593.500 -10.875
388459.500 130594.500 -10.885
388459.500 130595.500 -10.895
388459.500 130596.500 -10.913
388459.500 130597.500 -10.915
388459.500 130598.500 -10.915
388459.500 130599.500 -10.918
388459.500 130600.500 -10.950
388459.500 130601.500 -10.967
388459.500 130602.500 -10.975
388459.500 130603.500 -10.988
388459.500 130604.500 -10.980
388459.500 130605.500 -11.000
388459.500 130606.500 -11.012
388459.500 130607.500 -11.060
388459.500 130608.500 -11.070
388459.500 130609.500 -11.058
388459.500 130610.500 -11.078
388459.500 130611.500 -11.082
388459.500 130612.500 -11.102
388459.500 130613.500 -11.110
388459.500 130614.500 -11.118
388459.500 130615.500 -11.127
388459.500 130616.500 -11.145
388459.500 130617.500 -11.147
388459.500 130618.500 -11.158
388459.500 130619.500 -11.162
388459.500 130620.500 -11.100
388459.500 130621.500 -11.192
388459.500 130622.500 -11.225
388459.500 130623.500 -11.230
388459.500 130624.500 -11.240
388459.500 130625.500 -11.260
388459.500 130626.500 -11.297
388459.500 130627.500 -11.335
388459.500 130628.500 -11.363
388459.500 130629.500 -11.393
388459.500 130630.500 -11.415
388459.500 130631.500 -11.442
388459.500 130632.500 -11.470
388459.500 130633.500 -11.488
388459.500 130634.500 -11.508
388459.500 130635.500 -11.505
388459.500 130636.500 -11.515
388459.500 130637.500 -11.518
388459.500 130638.500 -11.505
388459.500 130639.500 -11.485
388459.500 130640.500 -11.473
388460.500 130592.500 -10.852
388460.500 130593.500 -10.867
388460.500 130594.500 -10.867
388460.500 130595.500 -10.880
388460.500 130596.500 -10.887
388460.500 130597.500 -10.890
388460.500 130598.500 -10.902
388460.500 130599.500 -10.907
388460.500 130600.500 -10.915
388460.500 130601.500 -10.940
388460.500 130602.500 -10.937
388460.500 130603.500 -10.945
388460.500 130604.500 -10.945
388460.500 130605.500 -10.970
388460.500 130606.500 -10.968
388460.500 130607.500 -10.990
388460.500 130608.500 -11.008
388460.500 130609.500 -11.025
388460.500 130610.500 -11.037
388460.500 130611.500 -11.058
388460.500 130612.500 -11.055
388460.500 130613.500 -11.087
388460.500 130614.500 -11.090
388460.500 130615.500 -11.105
388460.500 130616.500 -11.130
388460.500 130617.500 -11.130
388460.500 130618.500 -11.135
388460.500 130619.500 -11.125
388460.500 130620.500 -11.090
388460.500 130621.500 -11.178
388460.500 130622.500 -11.205
388460.500 130623.500 -11.203
388460.500 130624.500 -11.223
388460.500 130625.500 -11.255
388460.500 130626.500 -11.293
388460.500 130627.500 -11.320
388460.500 130628.500 -11.343
388460.500 130629.500 -11.377
388460.500 130630.500 -11.402
388460.500 130631.500 -11.435
388460.500 130632.500 -11.442
388460.500 130633.500 -11.457
388460.500 130634.500 -11.460
388460.500 130635.500 -11.468
388460.500 130636.500 -11.473
388460.500 130637.500 -11.480
388460.500 130638.500 -11.473
388460.500 130639.500 -11.447
388461.500 130592.500 -10.848
388461.500 130593.500 -10.848
388461.500 130594.500 -10.853
388461.500 130595.500 -10.860
388461.500 130596.500 -10.855
388461.500 130597.500 -10.863
388461.500 130598.500 -10.885
388461.500 130599.500 -10.895
388461.500 130600.500 -10.895
388461.500 130601.500 -10.918
388461.500 130602.500 -10.918
388461.500 130603.500 -10.928
388461.500 130604.500 -10.918
388461.500 130605.500 -10.950
388461.500 130606.500 -10.940
388461.500 130607.500 -10.963
388461.500 130608.500 -10.973
388461.500 130609.500 -10.988
388461.500 130610.500 -11.005
388461.500 130611.500 -11.025
388461.500 130612.500 -11.032
388461.500 130613.500 -11.055
388461.500 130614.500 -11.053
388461.500 130615.500 -11.062
388461.500 130616.500 -11.085
388461.500 130617.500 -11.098
388461.500 130618.500 -11.110
388461.500 130619.500 -11.102
388461.500 130620.500 -11.080
388461.500 130621.500 -11.127
388461.500 130622.500 -11.162
388461.500 130623.500 -11.175
388461.500 130624.500 -11.187
388461.500 130625.500 -11.230
388461.500 130626.500 -11.252
388461.500 130627.500 -11.288
388461.500 130628.500 -11.318
388461.500 130629.500 -11.352
388461.500 130630.500 -11.390
388461.500 130631.500 -11.420
388461.500 130632.500 -11.425
388461.500 130633.500 -11.420
388461.500 130634.500 -11.430
388461.500 130635.500 -11.435
388461.500 130636.500 -11.432
388461.500 130637.500 -11.442
388461.500 130638.500 -11.457
388461.500 130639.500 -11.410
388462.500 130592.500 -10.830
388462.500 130593.500 -10.845
388462.500 130594.500 -10.840
388462.500 130595.500 -10.833
388462.500 130596.500 -10.820
388462.500 130597.500 -10.828
388462.500 130598.500 -10.850
388462.500 130599.500 -10.857
388462.500 130600.500 -10.877
388462.500 130601.500 -10.910
388462.500 130602.500 -10.910
388462.500 130603.500 -10.903
388462.500 130604.500 -10.897
388462.500 130605.500 -10.920
388462.500 130606.500 -10.913
388462.500 130607.500 -10.950
388462.500 130608.500 -10.960
388462.500 130609.500 -10.965
388462.500 130610.500 -10.973
388462.500 130611.500 -10.995
388462.500 130612.500 -11.020
388462.500 130613.500 -11.027
388462.500 130614.500 -11.033
388462.500 130615.500 -11.020
388462.500 130616.500 -11.032
388462.500 130617.500 -11.055
388462.500 130618.500 -11.062
388462.500 130619.500 -11.062
388462.500 130620.500 -11.070
388462.500 130621.500 -11.100
388462.500 130622.500 -11.122
388462.500 130623.500 -11.130
388462.500 130624.500 -11.152
388462.500 130625.500 -11.195
388462.500 130626.500 -11.232
388462.500 130627.500 -11.260
388462.500 130628.500 -11.293
388462.500 130629.500 -11.340
388462.500 130630.500 -11.365
388462.500 130631.500 -11.393
388462.500 130632.500 -11.390
388462.500 130633.500 -11.388
388462.500 130634.500 -11.393
388462.500 130635.500 -11.397
388462.500 130636.500 -11.407
388462.500 130637.500 -11.422
388462.500 130638.500 -11.445
388463.500 130592.500 -10.820
388463.500 130593.500 -10.825
388463.500 130594.500 -10.845
388463.500 130595.500 -10.820
388463.500 130596.500 -10.813
388463.500 130597.500 -10.800
388463.500 130598.500 -10.803
388463.500 130599.500 -10.835
388463.500 130600.500 -10.857
388463.500 130601.500 -10.897
388463.500 130602.500 -10.902
388463.500 130603.500 -10.895
388463.500 130604.500 -10.883
388463.500 130605.500 -10.898
388463.500 130606.500 -10.893
388463.500 130607.500 -10.932
388463.500 130608.500 -10.938
388463.500 130609.500 -10.937
388463.500 130610.500 -10.948
388463.500 130611.500 -10.985
388463.500 130612.500 -11.007
388463.500 130613.500 -11.020
388463.500 130614.500 -11.008
388463.500 130615.500 -10.990
388463.500 130616.500 -11.002
388463.500 130617.500 -11.008
388463.500 130618.500 -11.023
388463.500 130619.500 -11.035
388463.500 130620.500 -11.032
388463.500 130621.500 -11.075
388463.500 130622.500 -11.093
388463.500 130623.500 -11.115
388463.500 130624.500 -11.125
388463.500 130625.500 -11.163
388463.500 130626.500 -11.190
388463.500 130627.500 -11.225
388463.500 130628.500 -11.280
388463.500 130629.500 -11.315
388463.500 130630.500 -11.335
388463.500 130631.500 -11.362
388463.500 130632.500 -11.365
388463.500 130633.500 -11.365
388463.500 130634.500 -11.367
388463.500 130635.500 -11.378
388463.500 130636.500 -11.402
388463.500 130637.500 -11.432
388464.500 130592.500 -10.805
388464.500 130593.500 -10.822
388464.500 130594.500 -10.825
388464.500 130595.500 -10.818
388464.500 130596.500 -10.805
388464.500 130597.500 -10.795
388464.500 130598.500 -10.795
388464.500 130599.500 -10.825
388464.500 130600.500 -10.840
388464.500 130601.500 -10.870
388464.500 130602.500 -10.890
388464.500 130603.500 -10.875
388464.500 130604.500 -10.867
388464.500 130605.500 -10.878
388464.500 130606.500 -10.883
388464.500 130607.500 -10.900
388464.500 130608.500 -10.913
388464.500 130609.500 -10.918
388464.500 130610.500 -10.918
388464.500 130611.500 -10.945
388464.500 130612.500 -10.975
388464.500 130613.500 -10.982
388464.500 130614.500 -10.970
388464.500 130615.500 -10.973
388464.500 130616.500 -10.985
388464.500 130617.500 -10.985
388464.500 130618.500 -10.965
388464.500 130619.500 -10.940
388464.500 130620.500 -10.928
388464.500 130621.500 -10.960
388464.500 130622.500 -11.010
388464.500 130623.500 -11.050
388464.500 130624.500 -11.053
388464.500 130625.500 -11.087
388464.500 130626.500 -11.140
388464.500 130627.500 -11.190
388464.500 130628.500 -11.242
388464.500 130629.500 -11.283
388464.500 130630.500 -11.312
388464.500 130631.500 -11.335
388464.500 130632.500 -11.350
388464.500 130633.500 -11.355
388464.500 130634.500 -11.367
388464.500 130635.500 -11.367
388464.500 130636.500 -11.385
388464.500 130637.500 -11.387
388465.500 130592.500 -10.793
388465.500 130593.500 -10.807
388465.500 130594.500 -10.810
388465.500 130595.500 -10.810
388465.500 130596.500 -10.805
388465.500 130597.500 -10.787
388465.500 130598.500 -10.803
388465.500 130599.500 -10.808
388465.500 130600.500 -10.832
388465.500 130601.500 -10.853
388465.500 130602.500 -10.867
388465.500 130603.500 -10.850
388465.500 130604.500 -10.842
388465.500 130605.500 -10.852
388465.500 130606.500 -10.873
388465.500 130607.500 -10.885
388465.500 130608.500 -10.883
388465.500 130609.500 -10.900
388465.500 130610.500 -10.908
388465.500 130611.500 -10.905
388465.500 130612.500 -10.928
388465.500 130613.500 -10.937
388465.500 130614.500 -10.955
388465.500 130615.500 -10.940
388465.500 130616.500 -10.955
388465.500 130617.500 -10.945
388465.500 130618.500 -10.947
388465.500 130619.500 -10.922
388465.500 130620.500 -10.877
388465.500 130621.500 -10.877
388465.500 130622.500 -10.930
388465.500 130623.500 -10.985
388465.500 130624.500 -10.992
388465.500 130625.500 -11.013
388465.500 130626.500 -11.077
388465.500 130627.500 -11.130
388465.500 130628.500 -11.202
388465.500 130629.500 -11.260
388465.500 130630.500 -11.290
388465.500 130631.500 -11.312
388465.500 130632.500 -11.330
388465.500 130633.500 -11.343
388465.500 130634.500 -11.345
388465.500 130635.500 -11.330
388465.500 130636.500 -11.317
388466.500 130592.500 -10.773
388466.500 130593.500 -10.777
388466.500 130594.500 -10.793
388466.500 130595.500 -10.800
388466.500 130596.500 -10.790
388466.500 130597.500 -10.800
388466.500 130598.500 -10.808
388466.500 130599.500 -10.805
388466.500 130600.500 -10.810
388466.500 130601.500 -10.817
388466.500 130602.500 -10.812
388466.500 130603.500 -10.797
388466.500 130604.500 -10.815
388466.500 130605.500 -10.822
388466.500 130606.500 -10.833
388466.500 130607.500 -10.842
388466.500 130608.500 -10.848
388466.500 130609.500 -10.870
388466.500 130610.500 -10.880
388466.500 130611.500 -10.890
388466.500 130612.500 -10.908
388466.500 130613.500 -10.908
388466.500 130614.500 -10.928
388466.500 130615.500 -10.927
388466.500 130616.500 -10.920
388466.500 130617.500 -10.908
388466.500 130618.500 -10.918
388466.500 130619.500 -10.940
388466.500 130620.500 -10.930
388466.500 130621.500 -10.895
388466.500 130622.500 -10.898
388466.500 130623.500 -10.930
388466.500 130624.500 -10.940
388466.500 130625.500 -10.945
388466.500 130626.500 -11.002
388466.500 130627.500 -11.095
388466.500 130628.500 -11.185
388466.500 130629.500 -11.235
388466.500 130630.500 -11.273
388466.500 130631.500 -11.303
388466.500 130632.500 -11.315
388466.500 130633.500 -11.345
388466.500 130634.500 -11.323
388466.500 130635.500 -11.295
388466.500 130636.500 -11.282
388467.500 130592.500 -10.760
388467.500 130593.500 -10.767
388467.500 130594.500 -10.785
388467.500 130595.500 -10.802
388467.500 130596.500 -10.792
388467.500 130597.500 -10.797
388467.500 130598.500 -10.810
388467.500 130599.500 -10.808
388467.500 130600.500 -10.793
388467.500 130601.500 -10.785
388467.500 130602.500 -10.772
388467.500 130603.500 -10.773
388467.500 130604.500 -10.797
388467.500 130605.500 -10.803
388467.500 130606.500 -10.812
388467.500 130607.500 -10.812
388467.500 130608.500 -10.805
388467.500 130609.500 -10.835
388467.500 130610.500 -10.838
388467.500 130611.500 -10.860
388467.500 130612.500 -10.885
388467.500 130613.500 -10.895
388467.500 130614.500 -10.890
388467.500 130615.500 -10.880
388467.500 130616.500 -10.863
388467.500 130617.500 -10.857
388467.500 130618.500 -10.893
388467.500 130619.500 -10.953
388467.500 130620.500 -10.963
388467.500 130621.500 -10.960
388467.500 130622.500 -10.947
388467.500 130623.500 -10.965
388467.500 130624.500 -10.970
388467.500 130625.500 -10.977
388467.500 130626.500 -11.020
388467.500 130627.500 -11.103
388467.500 130628.500 -11.185
388467.500 130629.500 -11.225
388467.500 130630.500 -11.260
388467.500 130631.500 -11.285
388467.500 130632.500 -11.310
388467.500 130633.500 -11.335
388467.500 130634.500 -11.320
388467.500 130635.500 -11.300
388468.500 130592.500 -10.750
388468.500 130593.500 -10.755
388468.500 130594.500 -10.773
388468.500 130595.500 -10.785
388468.500 130596.500 -10.787
388468.500 130597.500 -10.792
388468.500 130598.500 -10.803
388468.500 130599.500 -10.808
388468.500 130600.500 -10.803
388468.500 130601.500 -10.795
388468.500 130602.500 -10.777
388468.500 130603.500 -10.770
388468.500 130604.500 -10.787
388468.500 130605.500 -10.795
388468.500 130606.500 -10.795
388468.500 130607.500 -10.792
388468.500 130608.500 -10.792
388468.500 130609.500 -10.802
388468.500 130610.500 -10.798
388468.500 130611.500 -10.812
388468.500 130612.500 -10.840
388468.500 130613.500 -10.875
388468.500 130614.500 -10.870
388468.500 130615.500 -10.855
388468.500 130616.500 -10.828
388468.500 130617.500 -10.840
388468.500 130618.500 -10.878
388468.500 130619.500 -10.932
388468.500 130620.500 -10.950
388468.500 130621.500 -10.945
388468.500 130622.500 -10.965
388468.500 130623.500 -11.012
388468.500 130624.500 -11.045
388468.500 130625.500 -11.058
388468.500 130626.500 -11.095
388468.500 130627.500 -11.137
388468.500 130628.500 -11.185
388468.500 130629.500 -11.213
388468.500 130630.500 -11.250
388468.500 130631.500 -11.267
388468.500 130632.500 -11.303
388468.500 130633.500 -11.322
388468.500 130634.500 -11.318
388469.500 130592.500 -10.755
388469.500 130593.500 -10.750
388469.500 130594.500 -10.758
388469.500 130595.500 -10.768
388469.500 130596.500 -10.768
388469.500 130597.500 -10.775
388469.500 130598.500 -10.790
388469.500 130599.500 -10.795
388469.500 130600.500 -10.787
388469.500 130601.500 -10.808
388469.500 130602.500 -10.800
388469.500 130603.500 -10.790
388469.500 130604.500 -10.797
388469.500 130605.500 -10.780
388469.500 130606.500 -10.792
388469.500 130607.500 -10.797
388469.500 130608.500 -10.797
388469.500 130609.500 -10.808
388469.500 130610.500 -10.803
388469.500 130611.500 -10.805
388469.500 130612.500 -10.812
388469.500 130613.500 -10.848
388469.500 130614.500 -10.865
388469.500 130615.500 -10.857
388469.500 130616.500 -10.848
388469.500 130617.500 -10.848
388469.500 130618.500 -10.875
388469.500 130619.500 -10.932
388469.500 130620.500 -10.910
388469.500 130621.500 -10.900
388469.500 130622.500 -10.938
388469.500 130623.500 -10.990
388469.500 130624.500 -11.053
388469.500 130625.500 -11.100
388469.500 130626.500 -11.135
388469.500 130627.500 -11.165
388469.500 130628.500 -11.192
388469.500 130629.500 -11.228
388469.500 130630.500 -11.252
388469.500 130631.500 -11.270
388469.500 130632.500 -11.293
388469.500 130633.500 -11.310
388469.500 130634.500 -11.302
388470.500 130592.500 -10.728
388470.500 130593.500 -10.738
388470.500 130594.500 -10.752
388470.500 130595.500 -10.765
388470.500 130596.500 -10.760
388470.500 130597.500 -10.767
388470.500 130598.500 -10.782
388470.500 130599.500 -10.785
388470.500 130600.500 -10.782
388470.500 130601.500 -10.812
388470.500 130602.500 -10.815
388470.500 130603.500 -10.810
388470.500 130604.500 -10.815
388470.500 130605.500 -10.803
388470.500 130606.500 -10.792
388470.500 130607.500 -10.790
388470.500 130608.500 -10.800
388470.500 130609.500 -10.808
388470.500 130610.500 -10.820
388470.500 130611.500 -10.815
388470.500 130612.500 -10.818
388470.500 130613.500 -10.840
388470.500 130614.500 -10.862
388470.500 130615.500 -10.867
388470.500 130616.500 -10.867
388470.500 130617.500 -10.872
388470.500 130618.500 -10.880
388470.500 130619.500 -10.932
388470.500 130620.500 -10.888
388470.500 130621.500 -10.877
388470.500 130622.500 -10.902
388470.500 130623.500 -10.953
388470.500 130624.500 -11.000
388470.500 130625.500 -11.055
388470.500 130626.500 -11.107
388470.500 130627.500 -11.163
388470.500 130628.500 -11.188
388470.500 130629.500 -11.213
388470.500 130630.500 -11.240
388470.500 130631.500 -11.260
388470.500 130632.500 -11.293
388470.500 130633.500 -11.300
388471.500 130592.500 -10.715
388471.500 130593.500 -10.723
388471.500 130594.500 -10.743
388471.500 130595.500 -10.762
388471.500 130596.500 -10.758
388471.500 130597.500 -10.757
388471.500 130598.500 -10.782
388471.500 130599.500 -10.783
388471.500 130600.500 -10.782
388471.500 130601.500 -10.805
388471.500 130602.500 -10.822
388471.500 130603.500 -10.815
388471.500 130604.500 -10.818
388471.500 130605.500 -10.818
388471.500 130606.500 -10.797
388471.500 130607.500 -10.790
388471.500 130608.500 -10.782
388471.500 130609.500 -10.795
388471.500 130610.500 -10.787
388471.500 130611.500 -10.782
388471.500 130612.500 -10.797
388471.500 130613.500 -10.820
388471.500 130614.500 -10.855
388471.500 130615.500 -10.880
388471.500 130616.500 -10.878
388471.500 130617.500 -10.868
388471.500 130618.500 -10.885
388471.500 130619.500 -10.940
388471.500 130620.500 -10.910
388471.500 130621.500 -10.900
388471.500 130622.500 -10.940
388471.500 130623.500 -10.970
388471.500 130624.500 -11.000
388471.500 130625.500 -11.025
388471.500 130626.500 -11.062
388471.500 130627.500 -11.098
388471.500 130628.500 -11.137
388471.500 130629.500 -11.165
388471.500 130630.500 -11.203
388471.500 130631.500 -11.240
388471.500 130632.500 -11.282
388472.500 130592.500 -10.707
388472.500 130593.500 -10.700
388472.500 130594.500 -10.720
388472.500 130595.500 -10.745
388472.500 130596.500 -10.748
388472.500 130597.500 -10.752
388472.500 130598.500 -10.780
388472.500 130599.500 -10.790
388472.500 130600.500 -10.787
388472.500 130601.500 -10.788
388472.500 130602.500 -10.797
388472.500 130603.500 -10.817
388472.500 130604.500 -10.825
388472.500 130605.500 -10.822
388472.500 130606.500 -10.828
388472.500 130607.500 -10.808
388472.500 130608.500 -10.800
388472.500 130609.500 -10.787
388472.500 130610.500 -10.777
388472.500 130611.500 -10.788
388472.500 130612.500 -10.810
388472.500 130613.500 -10.825
388472.500 130614.500 -10.848
388472.500 130615.500 -10.880
388472.500 130616.500 -10.885
388472.500 130617.500 -10.805
388472.500 130618.500 -10.895
388472.500 130619.500 -10.958
388472.500 130620.500 -10.945
388472.500 130621.500 -10.942
388472.500 130622.500 -10.973
388472.500 130623.500 -10.998
388472.500 130624.500 -11.023
388472.500 130625.500 -11.035
388472.500 130626.500 -11.065
388472.500 130627.500 -11.072
388472.500 130628.500 -11.075
388472.500 130629.500 -11.107
388472.500 130630.500 -11.172
388472.500 130631.500 -11.238
388472.500 130632.500 -11.248
388473.500 130592.500 -10.680
388473.500 130593.500 -10.688
388473.500 130594.500 -10.698
388473.500 130595.500 -10.725
388473.500 130596.500 -10.752
388473.500 130597.500 -10.752
388473.500 130598.500 -10.773
388473.500 130599.500 -10.780
388473.500 130600.500 -10.780
388473.500 130601.500 -10.777
388473.500 130602.500 -10.787
388473.500 130603.500 -10.805
388473.500 130604.500 -10.808
388473.500 130605.500 -10.810
388473.500 130606.500 -10.825
388473.500 130607.500 -10.812
388473.500 130608.500 -10.805
388473.500 130609.500 -10.785
388473.500 130610.500 -10.797
388473.500 130611.500 -10.810
388473.500 130612.500 -10.822
388473.500 130613.500 -10.843
388473.500 130614.500 -10.862
388473.500 130615.500 -10.872
388473.500 130616.500 -10.873
388473.500 130617.500 -10.817
388473.500 130618.500 -10.925
388473.500 130619.500 -10.967
388473.500 130620.500 -10.958
388473.500 130621.500 -10.955
388473.500 130622.500 -10.980
388473.500 130623.500 -11.002
388473.500 130624.500 -11.030
388473.500 130625.500 -11.062
388473.500 130626.500 -11.072
388473.500 130627.500 -11.070
388473.500 130628.500 -11.075
388473.500 130629.500 -11.125
388473.500 130630.500 -11.175
388473.500 130631.500 -11.228
388474.500 130592.500 -10.650
388474.500 130593.500 -10.672
388474.500 130594.500 -10.680
388474.500 130595.500 -10.705
388474.500 130596.500 -10.723
388474.500 130597.500 -10.735
388474.500 130598.500 -10.757
388474.500 130599.500 -10.765
388474.500 130600.500 -10.777
388474.500 130601.500 -10.777
388474.500 130602.500 -10.777
388474.500 130603.500 -10.787
388474.500 130604.500 -10.792
388474.500 130605.500 -10.808
388474.500 130606.500 -10.815
388474.500 130607.500 -10.798
388474.500 130608.500 -10.797
388474.500 130609.500 -10.795
388474.500 130610.500 -10.805
388474.500 130611.500 -10.808
388474.500 130612.500 -10.822
388474.500 130613.500 -10.832
388474.500 130614.500 -10.860
388474.500 130615.500 -10.878
388474.500 130616.500 -10.865
388474.500 130617.500 -10.842
388474.500 130618.500 -10.940
388474.500 130619.500 -10.953
388474.500 130620.500 -10.947
388474.500 130621.500 -10.955
388474.500 130622.500 -10.970
388474.500 130623.500 -10.977
388474.500 130624.500 -11.037
388474.500 130625.500 -11.070
388474.500 130626.500 -11.072
388474.500 130627.500 -11.078
388474.500 130628.500 -11.105
388474.500 130629.500 -11.155
388474.500 130630.500 -11.185
388475.500 130592.500 -10.613
388475.500 130593.500 -10.655
388475.500 130594.500 -10.682
388475.500 130595.500 -10.687
388475.500 130596.500 -10.710
388475.500 130597.500 -10.727
388475.500 130598.500 -10.745
388475.500 130599.500 -10.745
388475.500 130600.500 -10.755
388475.500 130601.500 -10.755
388475.500 130602.500 -10.767
388475.500 130603.500 -10.770
388475.500 130604.500 -10.773
388475.500 130605.500 -10.780
388475.500 130606.500 -10.787
388475.500 130607.500 -10.770
388475.500 130608.500 -10.797
388475.500 130609.500 -10.817
388475.500 130610.500 -10.830
388475.500 130611.500 -10.838
388475.500 130612.500 -10.845
388475.500 130613.500 -10.857
388475.500 130614.500 -10.862
388475.500 130615.500 -10.865
388475.500 130616.500 -10.860
388475.500 130617.500 -10.890
388475.500 130618.500 -10.930
388475.500 130619.500 -10.925
388475.500 130620.500 -10.925
388475.500 130621.500 -10.957
388475.500 130622.500 -10.973
388475.500 130623.500 -10.960
388475.500 130624.500 -11.020
388475.500 130625.500 -11.055
388475.500 130626.500 -11.068
388475.500 130627.500 -11.095
388475.500 130628.500 -11.132
388475.500 130629.500 -11.162
388475.500 130630.500 -11.155
388476.500 130592.500 -10.578
388476.500 130593.500 -10.625
388476.500 130594.500 -10.672
388476.500 130595.500 -10.692
388476.500 130596.500 -10.692
388476.500 130597.500 -10.713
388476.500 130598.500 -10.725
388476.500 130599.500 -10.735
388476.500 130600.500 -10.735
388476.500 130601.500 -10.735
388476.500 130602.500 -10.755
388476.500 130603.500 -10.753
388476.500 130604.500 -10.757
388476.500 130605.500 -10.765
388476.500 130606.500 -10.765
388476.500 130607.500 -10.775
388476.500 130608.500 -10.790
388476.500 130609.500 -10.825
388476.500 130610.500 -10.842
388476.500 130611.500 -10.862
388476.500 130612.500 -10.865
388476.500 130613.500 -10.853
388476.500 130614.500 -10.857
388476.500 130615.500 -10.860
388476.500 130616.500 -10.828
388476.500 130617.500 -10.898
388476.500 130618.500 -10.930
388476.500 130619.500 -10.923
388476.500 130620.500 -10.925
388476.500 130621.500 -10.947
388476.500 130622.500 -10.960
388476.500 130623.500 -10.975
388476.500 130624.500 -11.002
388476.500 130625.500 -11.040
388476.500 130626.500 -11.062
388476.500 130627.500 -11.087
388476.500 130628.500 -11.110
388476.500 130629.500 -11.130
388477.500 130592.500 -10.558
388477.500 130593.500 -10.598
388477.500 130594.500 -10.645
388477.500 130595.500 -10.678
388477.500 130596.500 -10.677
388477.500 130597.500 -10.685
388477.500 130598.500 -10.700
388477.500 130599.500 -10.707
388477.500 130600.500 -10.733
388477.500 130601.500 -10.740
388477.500 130602.500 -10.738
388477.500 130603.500 -10.735
388477.500 130604.500 -10.740
388477.500 130605.500 -10.755
388477.500 130606.500 -10.760
388477.500 130607.500 -10.777
388477.500 130608.500 -10.798
388477.500 130609.500 -10.820
388477.500 130610.500 -10.848
388477.500 130611.500 -10.857
388477.500 130612.500 -10.848
388477.500 130613.500 -10.855
388477.500 130614.500 -10.865
388477.500 130615.500 -10.850
388477.500 130616.500 -10.803
388477.500 130617.500 -10.910
388477.500 130618.500 -10.930
388477.500 130619.500 -10.932
388477.500 130620.500 -10.928
388477.500 130621.500 -10.940
388477.500 130622.500 -10.942
388477.500 130623.500 -10.968
388477.500 130624.500 -10.995
388477.500 130625.500 -11.027
388477.500 130626.500 -11.045
388477.500 130627.500 -11.068
388477.500 130628.500 -11.075
388477.500 130629.500 -11.093
388478.500 130592.500 -10.543
388478.500 130593.500 -10.570
388478.500 130594.500 -10.617
388478.500 130595.500 -10.652
388478.500 130596.500 -10.672
388478.500 130597.500 -10.682
388478.500 130598.500 -10.672
388478.500 130599.500 -10.690
388478.500 130600.500 -10.720
388478.500 130601.500 -10.725
388478.500 130602.500 -10.730
388478.500 130603.500 -10.733
388478.500 130604.500 -10.735
388478.500 130605.500 -10.750
388478.500 130606.500 -10.772
388478.500 130607.500 -10.795
388478.500 130608.500 -10.798
388478.500 130609.500 -10.800
388478.500 130610.500 -10.840
388478.500 130611.500 -10.845
388478.500 130612.500 -10.840
388478.500 130613.500 -10.865
388478.500 130614.500 -10.870
388478.500 130615.500 -10.817
388478.500 130616.500 -10.835
388478.500 130617.500 -10.910
388478.500 130618.500 -10.925
388478.500 130619.500 -10.920
388478.500 130620.500 -10.932
388478.500 130621.500 -10.937
388478.500 130622.500 -10.942
388478.500 130623.500 -10.960
388478.500 130624.500 -10.992
388478.500 130625.500 -11.015
388478.500 130626.500 -11.035
388478.500 130627.500 -11.042
388478.500 130628.500 -11.040
388479.500 130592.500 -10.527
388479.500 130593.500 -10.543
388479.500 130594.500 -10.582
388479.500 130595.500 -10.625
388479.500 130596.500 -10.668
388479.500 130597.500 -10.703
388479.500 130598.500 -10.688
388479.500 130599.500 -10.695
388479.500 130600.500 -10.713
388479.500 130601.500 -10.725
388479.500 130602.500 -10.727
388479.500 130603.500 -10.713
388479.500 130604.500 -10.723
388479.500 130605.500 -10.730
388479.500 130606.500 -10.755
388479.500 130607.500 -10.800
388479.500 130608.500 -10.808
388479.500 130609.500 -10.798
388479.500 130610.500 -10.808
388479.500 130611.500 -10.830
388479.500 130612.500 -10.845
388479.500 130613.500 -10.850
388479.500 130614.500 -10.850
388479.500 130615.500 -10.800
388479.500 130616.500 -10.892
388479.500 130617.500 -10.913
388479.500 130618.500 -10.908
388479.500 130619.500 -10.908
388479.500 130620.500 -10.925
388479.500 130621.500 -10.932
388479.500 130622.500 -10.945
388479.500 130623.500 -10.965
388479.500 130624.500 -10.978
388479.500 130625.500 -10.998
388479.500 130626.500 -11.020
388479.500 130627.500 -11.007
388480.500 130592.500 -10.522
388480.500 130593.500 -10.537
388480.500 130594.500 -10.568
388480.500 130595.500 -10.620
388480.500 130596.500 -10.648
388480.500 130597.500 -10.663
388480.500 130598.500 -10.680
388480.500 130599.500 -10.687
388480.500 130600.500 -10.705
388480.500 130601.500 -10.723
388480.500 130602.500 -10.728
388480.500 130603.500 -10.725
388480.500 130604.500 -10.723
388480.500 130605.500 -10.725
388480.500 130606.500 -10.753
388480.500 130607.500 -10.795
388480.500 130608.500 -10.800
388480.500 130609.500 -10.785
388480.500 130610.500 -10.773
388480.500 130611.500 -10.808
388480.500 130612.500 -10.835
388480.500 130613.500 -10.835
388480.500 130614.500 -10.810
388480.500 130615.500 -10.797
388480.500 130616.500 -10.913
388480.500 130617.500 -10.912
388480.500 130618.500 -10.897
388480.500 130619.500 -10.895
388480.500 130620.500 -10.907
388480.500 130621.500 -10.930
388480.500 130622.500 -10.945
388480.500 130623.500 -10.963
388480.500 130624.500 -10.967
388480.500 130625.500 -10.983
388480.500 130626.500 -10.993
388480.500 130627.500 -10.995
388481.500 130592.500 -10.500
388481.500 130593.500 -10.535
388481.500 130594.500 -10.560
388481.500 130595.500 -10.607
388481.500 130596.500 -10.628
388481.500 130597.500 -10.650
388481.500 130598.500 -10.652
388481.500 130599.500 -10.665
388481.500 130600.500 -10.693
388481.500 130601.500 -10.702
388481.500 130602.500 -10.700
388481.500 130603.500 -10.723
388481.500 130604.500 -10.735
388481.500 130605.500 -10.733
388481.500 130606.500 -10.758
388481.500 130607.500 -10.765
388481.500 130608.500 -10.775
388481.500 130609.500 -10.775
388481.500 130610.500 -10.762
388481.500 130611.500 -10.777
388481.500 130612.500 -10.815
388481.500 130613.500 -10.828
388481.500 130614.500 -10.775
388481.500 130615.500 -10.838
388481.500 130616.500 -10.910
388481.500 130617.500 -10.913
388481.500 130618.500 -10.912
388481.500 130619.500 -10.902
388481.500 130620.500 -10.902
388481.500 130621.500 -10.910
388481.500 130622.500 -10.932
388481.500 130623.500 -10.957
388481.500 130624.500 -10.975
388481.500 130625.500 -10.977
388481.500 130626.500 -10.982
388482.500 130592.500 -10.475
388482.500 130593.500 -10.515
388482.500 130594.500 -10.540
388482.500 130595.500 -10.565
388482.500 130596.500 -10.590
388482.500 130597.500 -10.638
388482.500 130598.500 -10.643
388482.500 130599.500 -10.637
388482.500 130600.500 -10.663
388482.500 130601.500 -10.682
388482.500 130602.500 -10.695
388482.500 130603.500 -10.713
388482.500 130604.500 -10.733
388482.500 130605.500 -10.732
388482.500 130606.500 -10.752
388482.500 130607.500 -10.748
388482.500 130608.500 -10.752
388482.500 130609.500 -10.758
388482.500 130610.500 -10.762
388482.500 130611.500 -10.762
388482.500 130612.500 -10.797
388482.500 130613.500 -10.812
388482.500 130614.500 -10.742
388482.500 130615.500 -10.865
388482.500 130616.500 -10.902
388482.500 130617.500 -10.905
388482.500 130618.500 -10.913
388482.500 130619.500 -10.910
388482.500 130620.500 -10.897
388482.500 130621.500 -10.897
388482.500 130622.500 -10.918
388482.500 130623.500 -10.960
388482.500 130624.500 -10.983
388482.500 130625.500 -10.973
388483.500 130592.500 -10.475
388483.500 130593.500 -10.527
388483.500 130594.500 -10.538
388483.500 130595.500 -10.565
388483.500 130596.500 -10.582
388483.500 130597.500 -10.622
388483.500 130598.500 -10.638
388483.500 130599.500 -10.652
388483.500 130600.500 -10.665
388483.500 130601.500 -10.668
388483.500 130602.500 -10.670
388483.500 130603.500 -10.695
388483.500 130604.500 -10.720
388483.500 130605.500 -10.735
388483.500 130606.500 -10.757
388483.500 130607.500 -10.750
388483.500 130608.500 -10.758
388483.500 130609.500 -10.755
388483.500 130610.500 -10.772
388483.500 130611.500 -10.793
388483.500 130612.500 -10.797
388483.500 130613.500 -10.762
388483.500 130614.500 -10.755
388483.500 130615.500 -10.860
388483.500 130616.500 -10.885
388483.500 130617.500 -10.890
388483.500 130618.500 -10.895
388483.500 130619.500 -10.908
388483.500 130620.500 -10.910
388483.500 130621.500 -10.918
388483.500 130622.500 -10.925
388483.500 130623.500 -10.942
388483.500 130624.500 -10.960
388483.500 130625.500 -10.955
388484.500 130592.500 -10.500
388484.500 130593.500 -10.543
388484.500 130594.500 -10.558
388484.500 130595.500 -10.575
388484.500 130596.500 -10.598
388484.500 130597.500 -10.595
388484.500 130598.500 -10.613
388484.500 130599.500 -10.643
388484.500 130600.500 -10.658
388484.500 130601.500 -10.662
388484.500 130602.500 -10.645
388484.500 130603.500 -10.675
388484.500 130604.500 -10.710
388484.500 130605.500 -10.730
388484.500 130606.500 -10.735
388484.500 130607.500 -10.738
388484.500 130608.500 -10.765
388484.500 130609.500 -10.758
388484.500 130610.500 -10.775
388484.500 130611.500 -10.805
388484.500 130612.500 -10.795
388484.500 130613.500 -10.755
388484.500 130614.500 -10.817
388484.500 130615.500 -10.853
388484.500 130616.500 -10.867
388484.500 130617.500 -10.885
388484.500 130618.500 -10.893
388484.500 130619.500 -10.902
388484.500 130620.500 -10.913
388484.500 130621.500 -10.942
388484.500 130622.500 -10.942
388484.500 130623.500 -10.938
388484.500 130624.500 -10.925
388485.500 130592.500 -10.525
388485.500 130593.500 -10.537
388485.500 130594.500 -10.547
388485.500 130595.500 -10.560
388485.500 130596.500 -10.570
388485.500 130597.500 -10.590
388485.500 130598.500 -10.615
388485.500 130599.500 -10.628
388485.500 130600.500 -10.640
388485.500 130601.500 -10.635
388485.500 130602.500 -10.648
388485.500 130603.500 -10.668
388485.500 130604.500 -10.695
388485.500 130605.500 -10.723
388485.500 130606.500 -10.720
388485.500 130607.500 -10.730
388485.500 130608.500 -10.755
388485.500 130609.500 -10.750
388485.500 130610.500 -10.748
388485.500 130611.500 -10.768
388485.500 130612.500 -10.770
388485.500 130613.500 -10.747
388485.500 130614.500 -10.830
388485.500 130615.500 -10.848
388485.500 130616.500 -10.860
388485.500 130617.500 -10.872
388485.500 130618.500 -10.883
388485.500 130619.500 -10.888
388485.500 130620.500 -10.905
388485.500 130621.500 -10.930
388485.500 130622.500 -10.950
388485.500 130623.500 -10.942
388485.500 130624.500 -10.932
388486.500 130592.500 -10.525
388486.500 130593.500 -10.505
388486.500 130594.500 -10.510
388486.500 130595.500 -10.518
388486.500 130596.500 -10.560
388486.500 130597.500 -10.585
388486.500 130598.500 -10.605
388486.500 130599.500 -10.595
388486.500 130600.500 -10.600
388486.500 130601.500 -10.623
388486.500 130602.500 -10.643
388486.500 130603.500 -10.655
388486.500 130604.500 -10.652
388486.500 130605.500 -10.652
388486.500 130606.500 -10.677
388486.500 130607.500 -10.707
388486.500 130608.500 -10.732
388486.500 130609.500 -10.730
388486.500 130610.500 -10.723
388486.500 130611.500 -10.735
388486.500 130612.500 -10.720
388486.500 130613.500 -10.760
388486.500 130614.500 -10.818
388486.500 130615.500 -10.820
388486.500 130616.500 -10.835
388486.500 130617.500 -10.843
388486.500 130618.500 -10.857
388486.500 130619.500 -10.867
388486.500 130620.500 -10.885
388486.500 130621.500 -10.913
388486.500 130622.500 -10.928
388486.500 130623.500 -10.950
388487.500 130592.500 -10.532
388487.500 130593.500 -10.520
388487.500 130594.500 -10.508
388487.500 130595.500 -10.500
388487.500 130596.500 -10.543
388487.500 130597.500 -10.568
388487.500 130598.500 -10.572
388487.500 130599.500 -10.575
388487.500 130600.500 -10.602
388487.500 130601.500 -10.605
388487.500 130602.500 -10.617
388487.500 130603.500 -10.643
388487.500 130604.500 -10.627
388487.500 130605.500 -10.625
388487.500 130606.500 -10.633
388487.500 130607.500 -10.637
388487.500 130608.500 -10.678
388487.500 130609.500 -10.685
388487.500 130610.500 -10.685
388487.500 130611.500 -10.685
388487.500 130612.500 -10.675
388487.500 130613.500 -10.755
388487.500 130614.500 -10.790
388487.500 130615.500 -10.793
388487.500 130616.500 -10.787
388487.500 130617.500 -10.810
388487.500 130618.500 -10.825
388487.500 130619.500 -10.850
388487.500 130620.500 -10.873
388487.500 130621.500 -10.895
388487.500 130622.500 -10.915
388488.500 130592.500 -10.525
388488.500 130593.500 -10.518
388488.500 130594.500 -10.510
388488.500 130595.500 -10.498
388488.500 130596.500 -10.502
388488.500 130597.500 -10.532
388488.500 130598.500 -10.555
388488.500 130599.500 -10.570
388488.500 130600.500 -10.585
388488.500 130601.500 -10.582
388488.500 130602.500 -10.595
388488.500 130603.500 -10.613
388488.500 130604.500 -10.620
388488.500 130605.500 -10.613
388488.500 130606.500 -10.615
388488.500 130607.500 -10.613
388488.500 130608.500 -10.648
388488.500 130609.500 -10.658
388488.500 130610.500 -10.680
388488.500 130611.500 -10.662
388488.500 130612.500 -10.675
388488.500 130613.500 -10.732
388488.500 130614.500 -10.752
388488.500 130615.500 -10.755
388488.500 130616.500 -10.752
388488.500 130617.500 -10.775
388488.500 130618.500 -10.793
388488.500 130619.500 -10.828
388488.500 130620.500 -10.852
388488.500 130621.500 -10.865
388488.500 130622.500 -10.907
388489.500 130592.500 -10.507
388489.500 130593.500 -10.510
388489.500 130594.500 -10.500
388489.500 130595.500 -10.473
388489.500 130596.500 -10.475
388489.500 130597.500 -10.518
388489.500 130598.500 -10.543
388489.500 130599.500 -10.560
388489.500 130600.500 -10.568
388489.500 130601.500 -10.572
388489.500 130602.500 -10.572
388489.500 130603.500 -10.578
388489.500 130604.500 -10.587
388489.500 130605.500 -10.582
388489.500 130606.500 -10.580
388489.500 130607.500 -10.585
388489.500 130608.500 -10.605
388489.500 130609.500 -10.617
388489.500 130610.500 -10.630
388489.500 130611.500 -10.640
388489.500 130612.500 -10.658
388489.500 130613.500 -10.680
388489.500 130614.500 -10.710
388489.500 130615.500 -10.710
388489.500 130616.500 -10.728
388489.500 130617.500 -10.743
388489.500 130618.500 -10.770
388489.500 130619.500 -10.800
388489.500 130620.500 -10.818
388489.500 130621.500 -10.842
388490.500 130592.500 -10.510
388490.500 130593.500 -10.515
388490.500 130594.500 -10.508
388490.500 130595.500 -10.488
388490.500 130596.500 -10.505
388490.500 130597.500 -10.517
388490.500 130598.500 -10.537
388490.500 130599.500 -10.555
388490.500 130600.500 -10.547
388490.500 130601.500 -10.540
388490.500 130602.500 -10.555
388490.500 130603.500 -10.572
388490.500 130604.500 -10.575
388490.500 130605.500 -10.577
388490.500 130606.500 -10.575
388490.500 130607.500 -10.600
388490.500 130608.500 -10.595
388490.500 130609.500 -10.598
388490.500 130610.500 -10.600
388490.500 130611.500 -10.612
388490.500 130612.500 -10.613
388490.500 130613.500 -10.620
388490.500 130614.500 -10.672
388490.500 130615.500 -10.705
388490.500 130616.500 -10.727
388490.500 130617.500 -10.728
388490.500 130618.500 -10.748
388490.500 130619.500 -10.775
388490.500 130620.500 -10.800
388491.500 130592.500 -10.515
388491.500 130593.500 -10.522
388491.500 130594.500 -10.515
388491.500 130595.500 -10.500
388491.500 130596.500 -10.510
388491.500 130597.500 -10.518
388491.500 130598.500 -10.547
388491.500 130599.500 -10.558
388491.500 130600.500 -10.550
388491.500 130601.500 -10.532
388491.500 130602.500 -10.545
388491.500 130603.500 -10.572
388491.500 130604.500 -10.570
388491.500 130605.500 -10.580
388491.500 130606.500 -10.593
388491.500 130607.500 -10.623
388491.500 130608.500 -10.595
388491.500 130609.500 -10.580
388491.500 130610.500 -10.592
388491.500 130611.500 -10.607
388491.500 130612.500 -10.605
388491.500 130613.500 -10.598
388491.500 130614.500 -10.652
388491.500 130615.500 -10.692
388491.500 130616.500 -10.725
388491.500 130617.500 -10.723
388491.500 130618.500 -10.725
388491.500 130619.500 -10.747
388491.500 130620.500 -10.782
388492.500 130592.500 -10.532
388492.500 130593.500 -10.537
388492.500 130594.500 -10.522
388492.500 130595.500 -10.525
388492.500 130596.500 -10.508
388492.500 130597.500 -10.517
388492.500 130598.500 -10.545
388492.500 130599.500 -10.585
388492.500 130600.500 -10.570
388492.500 130601.500 -10.537
388492.500 130602.500 -10.547
388492.500 130603.500 -10.555
388492.500 130604.500 -10.570
388492.500 130605.500 -10.585
388492.500 130606.500 -10.590
388492.500 130607.500 -10.600
388492.500 130608.500 -10.582
388492.500 130609.500 -10.575
388492.500 130610.500 -10.610
388492.500 130611.500 -10.623
388492.500 130612.500 -10.615
388492.500 130613.500 -10.623
388492.500 130614.500 -10.655
388492.500 130615.500 -10.707
388492.500 130616.500 -10.715
388492.500 130617.500 -10.723
388492.500 130618.500 -10.717
388492.500 130619.500 -10.742
388493.500 130592.500 -10.545
388493.500 130593.500 -10.547
388493.500 130594.500 -10.540
388493.500 130595.500 -10.543
388493.500 130596.500 -10.547
388493.500 130597.500 -10.555
388493.500 130598.500 -10.558
388493.500 130599.500 -10.580
388493.500 130600.500 -10.570
388493.500 130601.500 -10.550
388493.500 130602.500 -10.547
388493.500 130603.500 -10.547
388493.500 130604.500 -10.555
388493.500 130605.500 -10.562
388493.500 130606.500 -10.572
388493.500 130607.500 -10.585
388493.500 130608.500 -10.578
388493.500 130609.500 -10.582
388493.500 130610.500 -10.630
388493.500 130611.500 -10.630
388493.500 130612.500 -10.617
388493.500 130613.500 -10.633
388493.500 130614.500 -10.643
388493.500 130615.500 -10.690
388493.500 130616.500 -10.707
388493.500 130617.500 -10.720
388493.500 130618.500 -10.723
388494.500 130592.500 -10.553
388494.500 130593.500 -10.550
388494.500 130594.500 -10.562
388494.500 130595.500 -10.555
388494.500 130596.500 -10.555
388494.500 130597.500 -10.555
388494.500 130598.500 -10.555
388494.500 130599.500 -10.555
388494.500 130600.500 -10.547
388494.500 130601.500 -10.550
388494.500 130602.500 -10.553
388494.500 130603.500 -10.545
388494.500 130604.500 -10.540
388494.500 130605.500 -10.545
388494.500 130606.500 -10.575
388494.500 130607.500 -10.585
388494.500 130608.500 -10.578
388494.500 130609.500 -10.592
388494.500 130610.500 -10.628
388494.500 130611.500 -10.615
388494.500 130612.500 -10.582
388494.500 130613.500 -10.600
388494.500 130614.500 -10.612
388494.500 130615.500 -10.640
388494.500 130616.500 -10.678
388494.500 130617.500 -10.713
388494.500 130618.500 -10.723
