388351.500 130592.500 -11.900
388351.500 130593.500 -11.937
388352.500 130592.500 -11.890
388352.500 130593.500 -11.912
388352.500 130594.500 -11.947
388352.500 130595.500 -11.998
388353.500 130592.500 -11.867
388353.500 130593.500 -11.882
388353.500 130594.500 -11.920
388353.500 130595.500 -11.975
388353.500 130596.500 -12.000
388354.500 130592.500 -11.950
388354.500 130593.500 -11.848
388354.500 130594.500 -11.905
388354.500 130595.500 -11.965
388354.500 130596.500 -11.990
388354.500 130597.500 -12.018
388354.500 130598.500 -12.057
388355.500 130592.500 -11.957
388355.500 130593.500 -11.857
388355.500 130594.500 -11.895
388355.500 130595.500 -11.947
388355.500 130596.500 -11.967
388355.500 130597.500 -11.992
388355.500 130598.500 -12.030
388355.500 130599.500 -12.062
388356.500 130592.500 -12.015
388356.500 130593.500 -11.865
388356.500 130594.500 -11.898
388356.500 130595.500 -11.927
388356.500 130596.500 -11.945
388356.500 130597.500 -11.978
388356.500 130598.500 -12.020
388356.500 130599.500 -12.042
388356.500 130600.500 -12.068
388356.500 130601.500 -12.090
388357.500 130592.500 -11.838
388357.500 130593.500 -11.855
388357.500 130594.500 -11.893
388357.500 130595.500 -11.912
388357.500 130596.500 -11.918
388357.500 130597.500 -11.960
388357.500 130598.500 -11.995
388357.500 130599.500 -12.015
388357.500 130600.500 -12.045
388357.500 130601.500 -12.075
388357.500 130602.500 -12.090
388357.500 130603.500 -12.110
388358.500 130592.500 -11.840
388358.500 130593.500 -11.857
388358.500 130594.500 -11.873
388358.500 130595.500 -11.908
388358.500 130596.500 -11.910
388358.500 130597.500 -11.940
388358.500 130598.500 -11.967
388358.500 130599.500 -11.992
388358.500 130600.500 -12.033
388358.500 130601.500 -12.065
388358.500 130602.500 -12.085
388358.500 130603.500 -12.105
388358.500 130604.500 -12.212
388359.500 130592.500 -11.832
388359.500 130593.500 -11.847
388359.500 130594.500 -11.827
388359.500 130595.500 -11.870
388359.500 130596.500 -11.890
388359.500 130597.500 -11.935
388359.500 130598.500 -11.960
388359.500 130599.500 -11.987
388359.500 130600.500 -12.047
388359.500 130601.500 -12.070
388359.500 130602.500 -12.083
388359.500 130603.500 -12.140
388359.500 130604.500 -12.178
388359.500 130605.500 -12.200
388359.500 130606.500 -12.207
388360.500 130592.500 -11.817
388360.500 130593.500 -11.770
388360.500 130594.500 -11.798
388360.500 130595.500 -11.873
388360.500 130596.500 -11.908
388360.500 130597.500 -11.932
388360.500 130598.500 -11.960
388360.500 130599.500 -11.995
388360.500 130600.500 -12.040
388360.500 130601.500 -12.057
388360.500 130602.500 -12.060
388360.500 130603.500 -12.140
388360.500 130604.500 -12.160
388360.500 130605.500 -12.175
388360.500 130606.500 -12.182
388360.500 130607.500 -12.197
388360.500 130608.500 -12.172
388361.500 130592.500 -11.805
388361.500 130593.500 -11.820
388361.500 130594.500 -11.870
388361.500 130595.500 -11.890
388361.500 130596.500 -11.905
388361.500 130597.500 -11.925
388361.500 130598.500 -11.957
388361.500 130599.500 -11.995
388361.500 130600.500 -12.053
388361.500 130601.500 -12.068
388361.500 130602.500 -12.055
388361.500 130603.500 -12.113
388361.500 130604.500 -12.145
388361.500 130605.500 -12.152
388361.500 130606.500 -12.160
388361.500 130607.500 -12.190
388361.500 130608.500 -12.165
388361.500 130609.500 -12.160
388362.500 130592.500 -11.798
388362.500 130593.500 -11.845
388362.500 130594.500 -11.890
388362.500 130595.500 -11.897
388362.500 130596.500 -11.895
388362.500 130597.500 -11.908
388362.500 130598.500 -11.945
388362.500 130599.500 -11.998
388362.500 130600.500 -12.048
388362.500 130601.500 -12.072
388362.500 130602.500 -12.190
388362.500 130603.500 -12.112
388362.500 130604.500 -12.125
388362.500 130605.500 -12.157
388362.500 130606.500 -12.157
388362.500 130607.500 -12.178
388362.500 130608.500 -12.190
388362.500 130609.500 -12.147
388362.500 130610.500 -12.145
388362.500 130611.500 -12.162
388363.500 130592.500 -11.770
388363.500 130593.500 -11.850
388363.500 130594.500 -11.885
388363.500 130595.500 -11.905
388363.500 130596.500 -11.917
388363.500 130597.500 -11.925
388363.500 130598.500 -11.945
388363.500 130599.500 -11.990
388363.500 130600.500 -12.037
388363.500 130601.500 -12.062
388363.500 130602.500 -12.192
388363.500 130603.500 -12.125
388363.500 130604.500 -12.147
388363.500 130605.500 -12.182
388363.500 130606.500 -12.205
388363.500 130607.500 -12.183
388363.500 130608.500 -12.170
388363.500 130609.500 -12.140
388363.500 130610.500 -12.130
388363.500 130611.500 -12.132
388363.500 130612.500 -12.158
388364.500 130592.500 -11.823
388364.500 130593.500 -11.850
388364.500 130594.500 -11.865
388364.500 130595.500 -11.900
388364.500 130596.500 -11.920
388364.500 130597.500 -11.928
388364.500 130598.500 -11.957
388364.500 130599.500 -11.988
388364.500 130600.500 -12.018
388364.500 130601.500 -12.135
388364.500 130602.500 -12.120
388364.500 130603.500 -12.115
388364.500 130604.500 -12.127
388364.500 130605.500 -12.125
388364.500 130606.500 -12.145
388364.500 130607.500 -12.195
388364.500 130608.500 -12.160
388364.500 130609.500 -12.167
388364.500 130610.500 -12.132
388364.500 130611.500 -12.130
388364.500 130612.500 -12.155
388364.500 130613.500 -12.190
388364.500 130614.500 -12.190
388365.500 130592.500 -11.817
388365.500 130593.500 -11.827
388365.500 130594.500 -11.867
388365.500 130595.500 -11.900
388365.500 130596.500 -11.910
388365.500 130597.500 -11.920
388365.500 130598.500 -11.952
388365.500 130599.500 -11.985
388365.500 130600.500 -12.010
388365.500 130601.500 -12.113
388365.500 130602.500 -12.105
388365.500 130603.500 -12.120
388365.500 130604.500 -12.112
388365.500 130605.500 -12.102
388365.500 130606.500 -12.103
388365.500 130607.500 -12.130
388365.500 130608.500 -12.110
388365.500 130609.500 -12.123
388365.500 130610.500 -12.123
388365.500 130611.500 -12.127
388365.500 130612.500 -12.155
388365.500 130613.500 -12.182
388365.500 130614.500 -12.173
388365.500 130615.500 -12.160
388365.500 130616.500 -12.182
388366.500 130592.500 -11.803
388366.500 130593.500 -11.820
388366.500 130594.500 -11.867
388366.500 130595.500 -11.895
388366.500 130596.500 -11.890
388366.500 130597.500 -11.910
388366.500 130598.500 -11.937
388366.500 130599.500 -11.975
388366.500 130600.500 -11.998
388366.500 130601.500 -12.093
388366.500 130602.500 -12.102
388366.500 130603.500 -12.088
388366.500 130604.500 -12.082
388366.500 130605.500 -12.088
388366.500 130606.500 -12.088
388366.500 130607.500 -12.095
388366.500 130608.500 -12.083
388366.500 130609.500 -12.088
388366.500 130610.500 -12.112
388366.500 130611.500 -12.132
388366.500 130612.500 -12.167
388366.500 130613.500 -12.193
388366.500 130614.500 -12.185
388366.500 130615.500 -12.188
388366.500 130616.500 -12.185
388366.500 130617.500 -12.202
388495.500 130577.500 -10.688
388495.500 130578.500 -10.650
388495.500 130579.500 -10.640
388495.500 130580.500 -10.610
388495.500 130581.500 -10.583
388495.500 130582.500 -10.553
388495.500 130583.500 -10.522
388495.500 130584.500 -10.500
388495.500 130585.500 -10.467
388495.500 130586.500 -10.390
388495.500 130587.500 -10.357
388495.500 130588.500 -10.350
388495.500 130589.500 -10.332
388495.500 130590.500 -10.322
388495.500 130591.500 -10.315
388496.500 130579.500 -10.655
388496.500 130580.500 -10.640
388496.500 130581.500 -10.600
388496.500 130582.500 -10.552
388496.500 130583.500 -10.532
388496.500 130584.500 -10.515
388496.500 130585.500 -10.475
388496.500 130586.500 -10.412
388496.500 130587.500 -10.380
388496.500 130588.500 -10.357
388496.500 130589.500 -10.345
388496.500 130590.500 -10.345
388496.500 130591.500 -10.327
388497.500 130580.500 -10.647
388497.500 130581.500 -10.600
388497.500 130582.500 -10.567
388497.500 130583.500 -10.550
388497.500 130584.500 -10.520
388497.500 130585.500 -10.482
388497.500 130586.500 -10.390
388497.500 130587.500 -10.375
388497.500 130588.500 -10.355
388497.500 130589.500 -10.340
388497.500 130590.500 -10.333
388497.500 130591.500 -10.342
388498.500 130582.500 -10.580
388498.500 130583.500 -10.570
388498.500 130584.500 -10.525
388498.500 130585.500 -10.450
388498.500 130586.500 -10.408
388498.500 130587.500 -10.387
388498.500 130588.500 -10.362
388498.500 130589.500 -10.335
388498.500 130590.500 -10.305
388498.500 130591.500 -10.325
388499.500 130584.500 -10.518
388499.500 130585.500 -10.450
388499.500 130586.500 -10.395
388499.500 130587.500 -10.360
388499.500 130588.500 -10.332
388499.500 130589.500 -10.318
388499.500 130590.500 -10.310
388499.500 130591.500 -10.315
388500.500 130585.500 -10.473
388500.500 130586.500 -10.405
388500.500 130587.500 -10.357
388500.500 130588.500 -10.342
388500.500 130589.500 -10.330
388500.500 130590.500 -10.315
388500.500 130591.500 -10.303
388501.500 130587.500 -10.375
388501.500 130588.500 -10.372
388501.500 130589.500 -10.345
388501.500 130590.500 -10.318
388501.500 130591.500 -10.303
388502.500 130589.500 -10.425
388502.500 130590.500 -10.360
388502.500 130591.500 -10.348
388503.500 130590.500 -10.405
388503.500 130591.500 -10.402
388495.500 130592.500 -10.350
388495.500 130593.500 -10.362
388495.500 130594.500 -10.390
388495.500 130595.500 -10.395
388495.500 130596.500 -10.393
388495.500 130597.500 -10.387
388495.500 130598.500 -10.393
388495.500 130599.500 -10.390
388495.500 130600.500 -10.387
388495.500 130601.500 -10.400
388495.500 130602.500 -10.408
388496.500 130592.500 -10.340
388496.500 130593.500 -10.362
388496.500 130594.500 -10.385
388496.500 130595.500 -10.387
388496.500 130596.500 -10.393
388496.500 130597.500 -10.370
388496.500 130598.500 -10.382
388496.500 130599.500 -10.383
388496.500 130600.500 -10.375
388496.500 130601.500 -10.382
388497.500 130592.500 -10.340
388497.500 130593.500 -10.360
388497.500 130594.500 -10.382
388497.500 130595.500 -10.372
388497.500 130596.500 -10.362
388497.500 130597.500 -10.377
388497.500 130598.500 -10.387
388497.500 130599.500 -10.370
388497.500 130600.500 -10.365
388498.500 130592.500 -10.333
388498.500 130593.500 -10.342
388498.500 130594.500 -10.348
388498.500 130595.500 -10.365
388498.500 130596.500 -10.377
388498.500 130597.500 -10.380
388498.500 130598.500 -10.377
388498.500 130599.500 -10.375
388498.500 130600.500 -10.375
388499.500 130592.500 -10.338
388499.500 130593.500 -10.345
388499.500 130594.500 -10.345
388499.500 130595.500 -10.352
388499.500 130596.500 -10.362
388499.500 130597.500 -10.350
388499.500 130598.500 -10.348
388499.500 130599.500 -10.367
388500.500 130592.500 -10.325
388500.500 130593.500 -10.340
388500.500 130594.500 -10.345
388500.500 130595.500 -10.342
388500.500 130596.500 -10.360
388500.500 130597.500 -10.348
388500.500 130598.500 -10.350
388501.500 130592.500 -10.315
388501.500 130593.500 -10.353
388501.500 130594.500 -10.343
388501.500 130595.500 -10.333
388501.500 130596.500 -10.335
388501.500 130597.500 -10.360
388501.500 130598.500 -10.365
388502.500 130592.500 -10.348
388502.500 130593.500 -10.367
388502.500 130594.500 -10.340
388502.500 130595.500 -10.325
388502.500 130596.500 -10.340
388502.500 130597.500 -10.348
388503.500 130592.500 -10.382
388503.500 130593.500 -10.377
388503.500 130594.500 -10.365
388503.500 130595.500 -10.335
388503.500 130596.500 -10.348
388504.500 130592.500 -10.342
388504.500 130593.500 -10.350
388504.500 130594.500 -10.353
388504.500 130595.500 -10.397
388504.500 130596.500 -10.370
388505.500 130593.500 -10.328
388505.500 130594.500 -10.332
388505.500 130595.500 -10.345
388316.500 130535.500 -11.583
388316.500 130536.500 -11.590
388317.500 130534.500 -11.565
388317.500 130535.500 -11.580
388317.500 130536.500 -11.593
388317.500 130537.500 -11.598
388317.500 130538.500 -11.600
388318.500 130534.500 -11.560
388318.500 130535.500 -11.580
388318.500 130536.500 -11.602
388318.500 130537.500 -11.612
388318.500 130538.500 -11.600
388318.500 130539.500 -11.593
388319.500 130533.500 -11.537
388319.500 130534.500 -11.553
388319.500 130535.500 -11.572
388319.500 130536.500 -11.595
388319.500 130537.500 -11.605
388319.500 130538.500 -11.595
388319.500 130539.500 -11.598
388319.500 130540.500 -11.598
388319.500 130541.500 -11.598
388320.500 130532.500 -11.515
388320.500 130533.500 -11.532
388320.500 130534.500 -11.542
388320.500 130535.500 -11.558
388320.500 130536.500 -11.572
388320.500 130537.500 -11.598
388320.500 130538.500 -11.588
388320.500 130539.500 -11.588
388320.500 130540.500 -11.595
388320.500 130541.500 -11.607
388320.500 130542.500 -11.615
388321.500 130532.500 -11.533
388321.500 130533.500 -11.560
388321.500 130534.500 -11.572
388321.500 130535.500 -11.575
388321.500 130536.500 -11.585
388321.500 130537.500 -11.602
388321.500 130538.500 -11.607
388321.500 130539.500 -11.610
388321.500 130540.500 -11.623
388321.500 130541.500 -11.635
388321.500 130542.500 -11.635
388321.500 130543.500 -11.605
388321.500 130544.500 -11.597
388322.500 130531.500 -11.482
388322.500 130532.500 -11.525
388322.500 130533.500 -11.550
388322.500 130534.500 -11.557
388322.500 130535.500 -11.560
388322.500 130536.500 -11.582
388322.500 130537.500 -11.600
388322.500 130538.500 -11.610
388322.500 130539.500 -11.625
388322.500 130540.500 -11.653
388322.500 130541.500 -11.660
388322.500 130542.500 -11.645
388322.500 130543.500 -11.598
388322.500 130544.500 -11.620
388322.500 130545.500 -11.617
388322.500 130546.500 -11.682
388323.500 130530.500 -11.460
388323.500 130531.500 -11.495
388323.500 130532.500 -11.525
388323.500 130533.500 -11.555
388323.500 130534.500 -11.565
388323.500 130535.500 -11.595
388323.500 130536.500 -11.615
388323.500 130537.500 -11.632
388323.500 130538.500 -11.660
388323.500 130539.500 -11.670
388323.500 130540.500 -11.690
388323.500 130541.500 -11.687
388323.500 130542.500 -11.658
388323.500 130543.500 -11.627
388323.500 130544.500 -11.632
388323.500 130545.500 -11.662
388323.500 130546.500 -11.702
388323.500 130547.500 -11.723
388324.500 130530.500 -11.488
388324.500 130531.500 -11.505
388324.500 130532.500 -11.527
388324.500 130533.500 -11.575
388324.500 130534.500 -11.582
388324.500 130535.500 -11.598
388324.500 130536.500 -11.627
388324.500 130537.500 -11.655
388324.500 130538.500 -11.665
388324.500 130539.500 -11.665
388324.500 130540.500 -11.672
388324.500 130541.500 -11.682
388324.500 130542.500 -11.690
388324.500 130543.500 -11.690
388324.500 130544.500 -11.645
388324.500 130545.500 -11.685
388324.500 130546.500 -11.710
388324.500 130547.500 -11.728
388324.500 130548.500 -11.727
388324.500 130549.500 -11.755
388325.500 130529.500 -11.508
388325.500 130530.500 -11.495
388325.500 130531.500 -11.508
388325.500 130532.500 -11.530
388325.500 130533.500 -11.548
388325.500 130534.500 -11.583
388325.500 130535.500 -11.607
388325.500 130536.500 -11.622
388325.500 130537.500 -11.635
388325.500 130538.500 -11.637
388325.500 130539.500 -11.643
388325.500 130540.500 -11.672
388325.500 130541.500 -11.697
388325.500 130542.500 -11.695
388325.500 130543.500 -11.732
388325.500 130544.500 -11.668
388325.500 130545.500 -11.702
388325.500 130546.500 -11.710
388325.500 130547.500 -11.705
388325.500 130548.500 -11.707
388325.500 130549.500 -11.710
388325.500 130550.500 -11.730
388325.500 130551.500 -11.745
388326.500 130528.500 -11.470
388326.500 130529.500 -11.520
388326.500 130530.500 -11.513
388326.500 130531.500 -11.520
388326.500 130532.500 -11.520
388326.500 130533.500 -11.525
388326.500 130534.500 -11.592
388326.500 130535.500 -11.615
388326.500 130536.500 -11.627
388326.500 130537.500 -11.622
388326.500 130538.500 -11.630
388326.500 130539.500 -11.650
388326.500 130540.500 -11.680
388326.500 130541.500 -11.720
388326.500 130542.500 -11.730
388326.500 130543.500 -11.750
388326.500 130544.500 -11.705
388326.500 130545.500 -11.700
388326.500 130546.500 -11.697
388326.500 130547.500 -11.683
388326.500 130548.500 -11.670
388326.500 130549.500 -11.688
388326.500 130550.500 -11.690
388326.500 130551.500 -11.722
388326.500 130552.500 -11.735
388327.500 130528.500 -11.498
388327.500 130529.500 -11.520
388327.500 130530.500 -11.530
388327.500 130531.500 -11.535
388327.500 130532.500 -11.535
388327.500 130533.500 -11.547
388327.500 130534.500 -11.598
388327.500 130535.500 -11.607
388327.500 130536.500 -11.615
388327.500 130537.500 -11.620
388327.500 130538.500 -11.627
388327.500 130539.500 -11.658
388327.500 130540.500 -11.700
388327.500 130541.500 -11.750
388327.500 130542.500 -11.768
388327.500 130543.500 -11.745
388327.500 130544.500 -11.715
388327.500 130545.500 -11.702
388327.500 130546.500 -11.675
388327.500 130547.500 -11.662
388327.500 130548.500 -11.658
388327.500 130549.500 -11.633
388327.500 130550.500 -11.650
388327.500 130551.500 -11.690
388327.500 130552.500 -11.717
388327.500 130553.500 -11.707
388327.500 130554.500 -11.727
388328.500 130527.500 -11.482
388328.500 130528.500 -11.480
388328.500 130529.500 -11.513
388328.500 130530.500 -11.530
388328.500 130531.500 -11.535
388328.500 130532.500 -11.512
388328.500 130533.500 -11.532
388328.500 130534.500 -11.552
388328.500 130535.500 -11.577
388328.500 130536.500 -11.595
388328.500 130537.500 -11.605
388328.500 130538.500 -11.605
388328.500 130539.500 -11.638
388328.500 130540.500 -11.705
388328.500 130541.500 -11.755
388328.500 130542.500 -11.750
388328.500 130543.500 -11.725
388328.500 130544.500 -11.700
388328.500 130545.500 -11.705
388328.500 130546.500 -11.675
388328.500 130547.500 -11.648
388328.500 130548.500 -11.640
388328.500 130549.500 -11.602
388328.500 130550.500 -11.612
388328.500 130551.500 -11.627
388328.500 130552.500 -11.682
388328.500 130553.500 -11.660
388328.500 130554.500 -11.697
388328.500 130555.500 -11.725
388329.500 130527.500 -11.447
388329.500 130528.500 -11.463
388329.500 130529.500 -11.475
388329.500 130530.500 -11.502
388329.500 130531.500 -11.498
388329.500 130532.500 -11.495
388329.500 130533.500 -11.498
388329.500 130534.500 -11.520
388329.500 130535.500 -11.535
388329.500 130536.500 -11.562
388329.500 130537.500 -11.583
388329.500 130538.500 -11.575
388329.500 130539.500 -11.617
388329.500 130540.500 -11.672
388329.500 130541.500 -11.697
388329.500 130542.500 -11.697
388329.500 130543.500 -11.655
388329.500 130544.500 -11.678
388329.500 130545.500 -11.692
388329.500 130546.500 -11.672
388329.500 130547.500 -11.660
388329.500 130548.500 -11.640
388329.500 130549.500 -11.620
388329.500 130550.500 -11.582
388329.500 130551.500 -11.572
388329.500 130552.500 -11.630
388329.500 130553.500 -11.660
388329.500 130554.500 -11.650
388329.500 130555.500 -11.685
388329.500 130556.500 -11.700
388329.500 130557.500 -11.715
388330.500 130526.500 -11.450
388330.500 130527.500 -11.445
388330.500 130528.500 -11.443
388330.500 130529.500 -11.447
388330.500 130530.500 -11.460
388330.500 130531.500 -11.480
388330.500 130532.500 -11.473
388330.500 130533.500 -11.463
388330.500 130534.500 -11.495
388330.500 130535.500 -11.515
388330.500 130536.500 -11.545
388330.500 130537.500 -11.572
388330.500 130538.500 -11.572
388330.500 130539.500 -11.590
388330.500 130540.500 -11.623
388330.500 130541.500 -11.645
388330.500 130542.500 -11.643
388330.500 130543.500 -11.607
388330.500 130544.500 -11.623
388330.500 130545.500 -11.655
388330.500 130546.500 -11.655
388330.500 130547.500 -11.662
388330.500 130548.500 -11.640
388330.500 130549.500 -11.605
388330.500 130550.500 -11.585
388330.500 130551.500 -11.560
388330.500 130552.500 -11.583
388330.500 130553.500 -11.637
388330.500 130554.500 -11.635
388330.500 130555.500 -11.650
388330.500 130556.500 -11.682
388330.500 130557.500 -11.702
388330.500 130558.500 -11.717
388330.500 130559.500 -11.700
388331.500 130525.500 -11.432
388331.500 130526.500 -11.435
388331.500 130527.500 -11.430
388331.500 130528.500 -11.432
388331.500 130529.500 -11.412
388331.500 130530.500 -11.418
388331.500 130531.500 -11.443
388331.500 130532.500 -11.442
388331.500 130533.500 -11.435
388331.500 130534.500 -11.475
388331.500 130535.500 -11.505
388331.500 130536.500 -11.545
388331.500 130537.500 -11.565
388331.500 130538.500 -11.568
388331.500 130539.500 -11.578
388331.500 130540.500 -11.592
388331.500 130541.500 -11.595
388331.500 130542.500 -11.602
388331.500 130543.500 -11.572
388331.500 130544.500 -11.602
388331.500 130545.500 -11.660
388331.500 130546.500 -11.660
388331.500 130547.500 -11.665
388331.500 130548.500 -11.673
388331.500 130549.500 -11.615
388331.500 130550.500 -11.612
388331.500 130551.500 -11.540
388331.500 130552.500 -11.540
388331.500 130553.500 -11.577
388331.500 130554.500 -11.600
388331.500 130555.500 -11.620
388331.500 130556.500 -11.653
388331.500 130557.500 -11.670
388331.500 130558.500 -11.677
388331.500 130559.500 -11.680
388331.500 130560.500 -11.683
388332.500 130525.500 -11.395
388332.500 130526.500 -11.418
388332.500 130527.500 -11.425
388332.500 130528.500 -11.415
388332.500 130529.500 -11.390
388332.500 130530.500 -11.380
388332.500 130531.500 -11.405
388332.500 130532.500 -11.422
388332.500 130533.500 -11.412
388332.500 130534.500 -11.442
388332.500 130535.500 -11.480
388332.500 130536.500 -11.522
388332.500 130537.500 -11.547
388332.500 130538.500 -11.560
388332.500 130539.500 -11.568
388332.500 130540.500 -11.565
388332.500 130541.500 -11.583
388332.500 130542.500 -11.580
388332.500 130543.500 -11.572
388332.500 130544.500 -11.582
388332.500 130545.500 -11.605
388332.500 130546.500 -11.617
388332.500 130547.500 -11.607
388332.500 130548.500 -11.597
388332.500 130549.500 -11.602
388332.500 130550.500 -11.575
388332.500 130551.500 -11.535
388332.500 130552.500 -11.510
388332.500 130553.500 -11.542
388332.500 130554.500 -11.562
388332.500 130555.500 -11.592
388332.500 130556.500 -11.617
388332.500 130557.500 -11.640
388332.500 130558.500 -11.650
388332.500 130559.500 -11.655
388332.500 130560.500 -11.658
388332.500 130561.500 -11.672
388332.500 130562.500 -11.690
388333.500 130524.500 -11.345
388333.500 130525.500 -11.360
388333.500 130526.500 -11.393
388333.500 130527.500 -11.405
388333.500 130528.500 -11.402
388333.500 130529.500 -11.385
388333.500 130530.500 -11.375
388333.500 130531.500 -11.397
388333.500 130532.500 -11.405
388333.500 130533.500 -11.387
388333.500 130534.500 -11.412
388333.500 130535.500 -11.463
388333.500 130536.500 -11.488
388333.500 130537.500 -11.513
388333.500 130538.500 -11.547
388333.500 130539.500 -11.562
388333.500 130540.500 -11.562
388333.500 130541.500 -11.575
388333.500 130542.500 -11.588
388333.500 130543.500 -11.560
388333.500 130544.500 -11.580
388333.500 130545.500 -11.575
388333.500 130546.500 -11.572
388333.500 130547.500 -11.572
388333.500 130548.500 -11.533
388333.500 130549.500 -11.557
388333.500 130550.500 -11.575
388333.500 130551.500 -11.522
388333.500 130552.500 -11.535
388333.500 130553.500 -11.537
388333.500 130554.500 -11.558
388333.500 130555.500 -11.570
388333.500 130556.500 -11.592
388333.500 130557.500 -11.620
388333.500 130558.500 -11.632
388333.500 130559.500 -11.632
388333.500 130560.500 -11.645
388333.500 130561.500 -11.645
388333.500 130562.500 -11.668
388333.500 130563.500 -11.668
388333.500 130564.500 -11.685
388334.500 130523.500 -11.295
388334.500 130524.500 -11.318
388334.500 130525.500 -11.328
388334.500 130526.500 -11.345
388334.500 130527.500 -11.373
388334.500 130528.500 -11.385
388334.500 130529.500 -11.382
388334.500 130530.500 -11.370
388334.500 130531.500 -11.387
388334.500 130532.500 -11.400
388334.500 130533.500 -11.395
388334.500 130534.500 -11.400
388334.500 130535.500 -11.430
388334.500 130536.500 -11.462
388334.500 130537.500 -11.487
388334.500 130538.500 -11.530
388334.500 130539.500 -11.537
388334.500 130540.500 -11.545
388334.500 130541.500 -11.560
388334.500 130542.500 -11.572
388334.500 130543.500 -11.553
388334.500 130544.500 -11.545
388334.500 130545.500 -11.545
388334.500 130546.500 -11.540
388334.500 130547.500 -11.525
388334.500 130548.500 -11.512
388334.500 130549.500 -11.535
388334.500 130550.500 -11.560
388334.500 130551.500 -11.565
388334.500 130552.500 -11.537
388334.500 130553.500 -11.555
388334.500 130554.500 -11.557
388334.500 130555.500 -11.572
388334.500 130556.500 -11.567
388334.500 130557.500 -11.592
388334.500 130558.500 -11.602
388334.500 130559.500 -11.610
388334.500 130560.500 -11.640
388334.500 130561.500 -11.653
388334.500 130562.500 -11.653
388334.500 130563.500 -11.650
388334.500 130564.500 -11.668
388334.500 130565.500 -11.678
388335.500 130523.500 -11.263
388335.500 130524.500 -11.270
388335.500 130525.500 -11.307
388335.500 130526.500 -11.315
388335.500 130527.500 -11.335
388335.500 130528.500 -11.367
388335.500 130529.500 -11.360
388335.500 130530.500 -11.362
388335.500 130531.500 -11.385
388335.500 130532.500 -11.408
388335.500 130533.500 -11.400
388335.500 130534.500 -11.400
388335.500 130535.500 -11.415
388335.500 130536.500 -11.427
388335.500 130537.500 -11.447
388335.500 130538.500 -11.488
388335.500 130539.500 -11.510
388335.500 130540.500 -11.520
388335.500 130541.500 -11.545
388335.500 130542.500 -11.560
388335.500 130543.500 -11.543
388335.500 130544.500 -11.530
388335.500 130545.500 -11.512
388335.500 130546.500 -11.518
388335.500 130547.500 -11.480
388335.500 130548.500 -11.480
388335.500 130549.500 -11.520
388335.500 130550.500 -11.530
388335.500 130551.500 -11.553
388335.500 130552.500 -11.560
388335.500 130553.500 -11.535
388335.500 130554.500 -11.537
388335.500 130555.500 -11.550
388335.500 130556.500 -11.540
388335.500 130557.500 -11.568
388335.500 130558.500 -11.598
388335.500 130559.500 -11.607
388335.500 130560.500 -11.635
388335.500 130561.500 -11.650
388335.500 130562.500 -11.650
388335.500 130563.500 -11.655
388335.500 130564.500 -11.668
388335.500 130565.500 -11.682
388335.500 130566.500 -11.685
388335.500 130567.500 -11.700
388336.500 130522.500 -11.225
388336.500 130523.500 -11.235
388336.500 130524.500 -11.258
388336.500 130525.500 -11.290
388336.500 130526.500 -11.303
388336.500 130527.500 -11.303
388336.500 130528.500 -11.327
388336.500 130529.500 -11.348
388336.500 130530.500 -11.340
388336.500 130531.500 -11.348
388336.500 130532.500 -11.380
388336.500 130533.500 -11.372
388336.500 130534.500 -11.377
388336.500 130535.500 -11.395
388336.500 130536.500 -11.400
388336.500 130537.500 -11.397
388336.500 130538.500 -11.440
388336.500 130539.500 -11.467
388336.500 130540.500 -11.490
388336.500 130541.500 -11.522
388336.500 130542.500 -11.545
388336.500 130543.500 -11.533
388336.500 130544.500 -11.518
388336.500 130545.500 -11.495
388336.500 130546.500 -11.495
388336.500 130547.500 -11.472
388336.500 130548.500 -11.457
388336.500 130549.500 -11.500
388336.500 130550.500 -11.530
388336.500 130551.500 -11.533
388336.500 130552.500 -11.555
388336.500 130553.500 -11.553
388336.500 130554.500 -11.530
388336.500 130555.500 -11.540
388336.500 130556.500 -11.532
388336.500 130557.500 -11.548
388336.500 130558.500 -11.562
388336.500 130559.500 -11.585
388336.500 130560.500 -11.607
388336.500 130561.500 -11.630
388336.500 130562.500 -11.635
388336.500 130563.500 -11.645
388336.500 130564.500 -11.650
388336.500 130565.500 -11.672
388336.500 130566.500 -11.672
388336.500 130567.500 -11.677
388336.500 130568.500 -11.707
388337.500 130521.500 -11.170
388337.500 130522.500 -11.207
388337.500 130523.500 -11.202
388337.500 130524.500 -11.232
388337.500 130525.500 -11.252
388337.500 130526.500 -11.290
388337.500 130527.500 -11.280
388337.500 130528.500 -11.287
388337.500 130529.500 -11.290
388337.500 130530.500 -11.300
388337.500 130531.500 -11.295
388337.500 130532.500 -11.335
388337.500 130533.500 -11.350
388337.500 130534.500 -11.342
388337.500 130535.500 -11.355
388337.500 130536.500 -11.372
388337.500 130537.500 -11.387
388337.500 130538.500 -11.397
388337.500 130539.500 -11.430
388337.500 130540.500 -11.475
388337.500 130541.500 -11.495
388337.500 130542.500 -11.513
388337.500 130543.500 -11.515
388337.500 130544.500 -11.502
388337.500 130545.500 -11.490
388337.500 130546.500 -11.467
388337.500 130547.500 -11.465
388337.500 130548.500 -11.470
388337.500 130549.500 -11.475
388337.500 130550.500 -11.518
388337.500 130551.500 -11.520
388337.500 130552.500 -11.542
388337.500 130553.500 -11.565
388337.500 130554.500 -11.553
388337.500 130555.500 -11.537
388337.500 130556.500 -11.527
388337.500 130557.500 -11.537
388337.500 130558.500 -11.540
388337.500 130559.500 -11.553
388337.500 130560.500 -11.580
388337.500 130561.500 -11.600
388337.500 130562.500 -11.617
388337.500 130563.500 -11.632
388337.500 130564.500 -11.642
388337.500 130565.500 -11.647
388337.500 130566.500 -11.658
388337.500 130567.500 -11.658
388337.500 130568.500 -11.693
388337.500 130569.500 -11.703
388337.500 130570.500 -11.705
388338.500 130521.500 -11.158
388338.500 130522.500 -11.185
388338.500 130523.500 -11.160
388338.500 130524.500 -11.200
388338.500 130525.500 -11.232
388338.500 130526.500 -11.268
388338.500 130527.500 -11.245
388338.500 130528.500 -11.252
388338.500 130529.500 -11.252
388338.500 130530.500 -11.260
388338.500 130531.500 -11.268
388338.500 130532.500 -11.275
388338.500 130533.500 -11.300
388338.500 130534.500 -11.303
388338.500 130535.500 -11.310
388338.500 130536.500 -11.345
388338.500 130537.500 -11.367
388338.500 130538.500 -11.365
388338.500 130539.500 -11.382
388338.500 130540.500 -11.417
388338.500 130541.500 -11.445
388338.500 130542.500 -11.465
388338.500 130543.500 -11.490
388338.500 130544.500 -11.490
388338.500 130545.500 -11.462
388338.500 130546.500 -11.415
388338.500 130547.500 -11.455
388338.500 130548.500 -11.467
388338.500 130549.500 -11.480
388338.500 130550.500 -11.485
388338.500 130551.500 -11.515
388338.500 130552.500 -11.545
388338.500 130553.500 -11.553
388338.500 130554.500 -11.562
388338.500 130555.500 -11.535
388338.500 130556.500 -11.513
388338.500 130557.500 -11.505
388338.500 130558.500 -11.520
388338.500 130559.500 -11.532
388338.500 130560.500 -11.553
388338.500 130561.500 -11.580
388338.500 130562.500 -11.590
388338.500 130563.500 -11.605
388338.500 130564.500 -11.602
388338.500 130565.500 -11.615
388338.500 130566.500 -11.635
388338.500 130567.500 -11.650
388338.500 130568.500 -11.658
388338.500 130569.500 -11.677
388338.500 130570.500 -11.693
388338.500 130571.500 -11.700
388338.500 130572.500 -11.720
388339.500 130520.500 -11.130
388339.500 130521.500 -11.142
388339.500 130522.500 -11.168
388339.500 130523.500 -11.153
388339.500 130524.500 -11.170
388339.500 130525.500 -11.205
388339.500 130526.500 -11.238
388339.500 130527.500 -11.240
388339.500 130528.500 -11.240
388339.500 130529.500 -11.242
388339.500 130530.500 -11.260
388339.500 130531.500 -11.248
388339.500 130532.500 -11.227
388339.500 130533.500 -11.250
388339.500 130534.500 -11.280
388339.500 130535.500 -11.275
388339.500 130536.500 -11.295
388339.500 130537.500 -11.308
388339.500 130538.500 -11.345
388339.500 130539.500 -11.352
388339.500 130540.500 -11.373
388339.500 130541.500 -11.380
388339.500 130542.500 -11.422
388339.500 130543.500 -11.450
388339.500 130544.500 -11.450
388339.500 130545.500 -11.430
388339.500 130546.500 -11.410
388339.500 130547.500 -11.425
388339.500 130548.500 -11.430
388339.500 130549.500 -11.455
388339.500 130550.500 -11.482
388339.500 130551.500 -11.487
388339.500 130552.500 -11.525
388339.500 130553.500 -11.530
388339.500 130554.500 -11.542
388339.500 130555.500 -11.542
388339.500 130556.500 -11.495
388339.500 130557.500 -11.465
388339.500 130558.500 -11.482
388339.500 130559.500 -11.480
388339.500 130560.500 -11.522
388339.500 130561.500 -11.553
388339.500 130562.500 -11.570
388339.500 130563.500 -11.585
388339.500 130564.500 -11.585
388339.500 130565.500 -11.592
388339.500 130566.500 -11.620
388339.500 130567.500 -11.630
388339.500 130568.500 -11.635
388339.500 130569.500 -11.655
388339.500 130570.500 -11.668
388339.500 130571.500 -11.675
388339.500 130572.500 -11.687
388339.500 130573.500 -11.697
388340.500 130519.500 -11.185
388340.500 130520.500 -11.140
388340.500 130521.500 -11.105
388340.500 130522.500 -11.137
388340.500 130523.500 -11.132
388340.500 130524.500 -11.120
388340.500 130525.500 -11.175
388340.500 130526.500 -11.202
388340.500 130527.500 -11.222
388340.500 130528.500 -11.238
388340.500 130529.500 -11.240
388340.500 130530.500 -11.242
388340.500 130531.500 -11.252
388340.500 130532.500 -11.215
388340.500 130533.500 -11.225
388340.500 130534.500 -11.245
388340.500 130535.500 -11.257
388340.500 130536.500 -11.263
388340.500 130537.500 -11.280
388340.500 130538.500 -11.305
388340.500 130539.500 -11.328
388340.500 130540.500 -11.338
388340.500 130541.500 -11.355
388340.500 130542.500 -11.380
388340.500 130543.500 -11.393
388340.500 130544.500 -11.402
388340.500 130545.500 -11.400
388340.500 130546.500 -11.387
388340.500 130547.500 -11.393
388340.500 130548.500 -11.408
388340.500 130549.500 -11.418
388340.500 130550.500 -11.450
388340.500 130551.500 -11.447
388340.500 130552.500 -11.490
388340.500 130553.500 -11.502
388340.500 130554.500 -11.515
388340.500 130555.500 -11.522
388340.500 130556.500 -11.505
388340.500 130557.500 -11.440
388340.500 130558.500 -11.450
388340.500 130559.500 -11.465
388340.500 130560.500 -11.487
388340.500 130561.500 -11.530
388340.500 130562.500 -11.540
388340.500 130563.500 -11.560
388340.500 130564.500 -11.560
388340.500 130565.500 -11.565
388340.500 130566.500 -11.582
388340.500 130567.500 -11.595
388340.500 130568.500 -11.600
388340.500 130569.500 -11.623
388340.500 130570.500 -11.635
388340.500 130571.500 -11.650
388340.500 130572.500 -11.670
388340.500 130573.500 -11.672
388340.500 130574.500 -11.668
388340.500 130575.500 -11.685
388341.500 130519.500 -11.125
388341.500 130520.500 -11.120
388341.500 130521.500 -11.063
388341.500 130522.500 -11.090
388341.500 130523.500 -11.112
388341.500 130524.500 -11.103
388341.500 130525.500 -11.140
388341.500 130526.500 -11.182
388341.500 130527.500 -11.212
388341.500 130528.500 -11.227
388341.500 130529.500 -11.225
388341.500 130530.500 -11.227
388341.500 130531.500 -11.225
388341.500 130532.500 -11.223
388341.500 130533.500 -11.212
388341.500 130534.500 -11.248
388341.500 130535.500 -11.255
388341.500 130536.500 -11.230
388341.500 130537.500 -11.240
388341.500 130538.500 -11.270
388341.500 130539.500 -11.292
388341.500 130540.500 -11.307
388341.500 130541.500 -11.325
388341.500 130542.500 -11.328
388341.500 130543.500 -11.332
388341.500 130544.500 -11.330
388341.500 130545.500 -11.387
388341.500 130546.500 -11.387
388341.500 130547.500 -11.390
388341.500 130548.500 -11.395
388341.500 130549.500 -11.407
388341.500 130550.500 -11.430
388341.500 130551.500 -11.440
388341.500 130552.500 -11.452
388341.500 130553.500 -11.463
388341.500 130554.500 -11.482
388341.500 130555.500 -11.480
388341.500 130556.500 -11.490
388341.500 130557.500 -11.463
388341.500 130558.500 -11.440
388341.500 130559.500 -11.440
388341.500 130560.500 -11.457
388341.500 130561.500 -11.480
388341.500 130562.500 -11.505
388341.500 130563.500 -11.515
388341.500 130564.500 -11.527
388341.500 130565.500 -11.532
388341.500 130566.500 -11.537
388341.500 130567.500 -11.555
388341.500 130568.500 -11.568
388341.500 130569.500 -11.598
388341.500 130570.500 -11.605
388341.500 130571.500 -11.625
388341.500 130572.500 -11.645
388341.500 130573.500 -11.648
388341.500 130574.500 -11.655
388341.500 130575.500 -11.675
388341.500 130576.500 -11.692
388341.500 130577.500 -11.712
388342.500 130518.500 -11.035
388342.500 130519.500 -11.060
388342.500 130520.500 -11.110
388342.500 130521.500 -11.055
388342.500 130522.500 -11.057
388342.500 130523.500 -11.092
388342.500 130524.500 -11.095
388342.500 130525.500 -11.120
388342.500 130526.500 -11.165
388342.500 130527.500 -11.188
388342.500 130528.500 -11.195
388342.500 130529.500 -11.193
388342.500 130530.500 -11.210
388342.500 130531.500 -11.210
388342.500 130532.500 -11.215
388342.500 130533.500 -11.212
388342.500 130534.500 -11.232
388342.500 130535.500 -11.225
388342.500 130536.500 -11.202
388342.500 130537.500 -11.205
388342.500 130538.500 -11.225
388342.500 130539.500 -11.248
388342.500 130540.500 -11.268
388342.500 130541.500 -11.275
388342.500 130542.500 -11.300
388342.500 130543.500 -11.325
388342.500 130544.500 -11.352
388342.500 130545.500 -11.350
388342.500 130546.500 -11.385
388342.500 130547.500 -11.370
388342.500 130548.500 -11.373
388342.500 130549.500 -11.400
388342.500 130550.500 -11.418
388342.500 130551.500 -11.417
388342.500 130552.500 -11.415
388342.500 130553.500 -11.410
388342.500 130554.500 -11.440
388342.500 130555.500 -11.452
388342.500 130556.500 -11.463
388342.500 130557.500 -11.465
388342.500 130558.500 -11.455
388342.500 130559.500 -11.410
388342.500 130560.500 -11.445
388342.500 130561.500 -11.463
388342.500 130562.500 -11.460
388342.500 130563.500 -11.490
388342.500 130564.500 -11.487
388342.500 130565.500 -11.500
388342.500 130566.500 -11.518
388342.500 130567.500 -11.532
388342.500 130568.500 -11.542
388342.500 130569.500 -11.562
388342.500 130570.500 -11.572
388342.500 130571.500 -11.588
388342.500 130572.500 -11.612
388342.500 130573.500 -11.623
388342.500 130574.500 -11.625
388342.500 130575.500 -11.645
388342.500 130576.500 -11.672
388342.500 130577.500 -11.682
388342.500 130578.500 -11.697
388343.500 130517.500 -11.025
388343.500 130518.500 -10.997
388343.500 130519.500 -10.982
388343.500 130520.500 -11.092
388343.500 130521.500 -11.078
388343.500 130522.500 -11.020
388343.500 130523.500 -11.042
388343.500 130524.500 -11.090
388343.500 130525.500 -11.105
388343.500 130526.500 -11.132
388343.500 130527.500 -11.153
388343.500 130528.500 -11.175
388343.500 130529.500 -11.185
388343.500 130530.500 -11.195
388343.500 130531.500 -11.190
388343.500 130532.500 -11.192
388343.500 130533.500 -11.197
388343.500 130534.500 -11.205
388343.500 130535.500 -11.182
388343.500 130536.500 -11.180
388343.500 130537.500 -11.185
388343.500 130538.500 -11.190
388343.500 130539.500 -11.215
388343.500 130540.500 -11.225
388343.500 130541.500 -11.242
388343.500 130542.500 -11.280
388343.500 130543.500 -11.322
388343.500 130544.500 -11.343
388343.500 130545.500 -11.338
388343.500 130546.500 -11.345
388343.500 130547.500 -11.357
388343.500 130548.500 -11.370
388343.500 130549.500 -11.385
388343.500 130550.500 -11.390
388343.500 130551.500 -11.385
388343.500 130552.500 -11.395
388343.500 130553.500 -11.390
388343.500 130554.500 -11.390
388343.500 130555.500 -11.432
388343.500 130556.500 -11.412
388343.500 130557.500 -11.438
388343.500 130558.500 -11.428
388343.500 130559.500 -11.400
388343.500 130560.500 -11.417
388343.500 130561.500 -11.425
388343.500 130562.500 -11.430
388343.500 130563.500 -11.445
388343.500 130564.500 -11.455
388343.500 130565.500 -11.465
388343.500 130566.500 -11.485
388343.500 130567.500 -11.500
388343.500 130568.500 -11.515
388343.500 130569.500 -11.530
388343.500 130570.500 -11.550
388343.500 130571.500 -11.550
388343.500 130572.500 -11.572
388343.500 130573.500 -11.590
388343.500 130574.500 -11.595
388343.500 130575.500 -11.615
388343.500 130576.500 -11.637
388343.500 130577.500 -11.658
388343.500 130578.500 -11.655
388343.500 130579.500 -11.682
388343.500 130580.500 -11.692
388344.500 130517.500 -10.980
388344.500 130518.500 -10.930
388344.500 130519.500 -10.965
388344.500 130520.500 -11.057
388344.500 130521.500 -11.047
388344.500 130522.500 -10.990
388344.500 130523.500 -11.018
388344.500 130524.500 -11.090
388344.500 130525.500 -11.107
388344.500 130526.500 -11.105
388344.500 130527.500 -11.125
388344.500 130528.500 -11.150
388344.500 130529.500 -11.172
388344.500 130530.500 -11.168
388344.500 130531.500 -11.145
388344.500 130532.500 -11.143
388344.500 130533.500 -11.138
388344.500 130534.500 -11.150
388344.500 130535.500 -11.160
388344.500 130536.500 -11.150
388344.500 130537.500 -11.158
388344.500 130538.500 -11.168
388344.500 130539.500 -11.182
388344.500 130540.500 -11.185
388344.500 130541.500 -11.215
388344.500 130542.500 -11.260
388344.500 130543.500 -11.290
388344.500 130544.500 -11.300
388344.500 130545.500 -11.315
388344.500 130546.500 -11.305
388344.500 130547.500 -11.307
388344.500 130548.500 -11.340
388344.500 130549.500 -11.348
388344.500 130550.500 -11.357
388344.500 130551.500 -11.360
388344.500 130552.500 -11.357
388344.500 130553.500 -11.375
388344.500 130554.500 -11.375
388344.500 130555.500 -11.380
388344.500 130556.500 -11.400
388344.500 130557.500 -11.370
388344.500 130558.500 -11.360
388344.500 130559.500 -11.352
388344.500 130560.500 -11.377
388344.500 130561.500 -11.400
388344.500 130562.500 -11.395
388344.500 130563.500 -11.403
388344.500 130564.500 -11.415
388344.500 130565.500 -11.432
388344.500 130566.500 -11.453
388344.500 130567.500 -11.457
388344.500 130568.500 -11.470
388344.500 130569.500 -11.493
388344.500 130570.500 -11.515
388344.500 130571.500 -11.520
388344.500 130572.500 -11.527
388344.500 130573.500 -11.535
388344.500 130574.500 -11.567
388344.500 130575.500 -11.595
388344.500 130576.500 -11.607
388344.500 130577.500 -11.627
388344.500 130578.500 -11.640
388344.500 130579.500 -11.660
388344.500 130580.500 -11.672
388344.500 130581.500 -11.707
388344.500 130582.500 -11.752
388345.500 130516.500 -11.030
388345.500 130517.500 -10.992
388345.500 130518.500 -10.955
388345.500 130519.500 -10.993
388345.500 130520.500 -11.033
388345.500 130521.500 -11.027
388345.500 130522.500 -10.995
388345.500 130523.500 -11.043
388345.500 130524.500 -11.070
388345.500 130525.500 -11.077
388345.500 130526.500 -11.060
388345.500 130527.500 -11.095
388345.500 130528.500 -11.120
388345.500 130529.500 -11.130
388345.500 130530.500 -11.130
388345.500 130531.500 -11.115
388345.500 130532.500 -11.110
388345.500 130533.500 -11.100
388345.500 130534.500 -11.112
388345.500 130535.500 -11.130
388345.500 130536.500 -11.138
388345.500 130537.500 -11.137
388345.500 130538.500 -11.132
388345.500 130539.500 -11.152
388345.500 130540.500 -11.197
388345.500 130541.500 -11.215
388345.500 130542.500 -11.235
388345.500 130543.500 -11.255
388345.500 130544.500 -11.268
388345.500 130545.500 -11.268
388345.500 130546.500 -11.285
388345.500 130547.500 -11.277
388345.500 130548.500 -11.305
388345.500 130549.500 -11.340
388345.500 130550.500 -11.362
388345.500 130551.500 -11.380
388345.500 130552.500 -11.373
388345.500 130553.500 -11.370
388345.500 130554.500 -11.362
388345.500 130555.500 -11.343
388345.500 130556.500 -11.347
388345.500 130557.500 -11.315
388345.500 130558.500 -11.343
388345.500 130559.500 -11.338
388345.500 130560.500 -11.332
388345.500 130561.500 -11.348
388345.500 130562.500 -11.362
388345.500 130563.500 -11.377
388345.500 130564.500 -11.385
388345.500 130565.500 -11.415
388345.500 130566.500 -11.428
388345.500 130567.500 -11.415
388345.500 130568.500 -11.437
388345.500 130569.500 -11.462
388345.500 130570.500 -11.465
388345.500 130571.500 -11.482
388345.500 130572.500 -11.505
388345.500 130573.500 -11.510
388345.500 130574.500 -11.540
388345.500 130575.500 -11.580
388345.500 130576.500 -11.593
388345.500 130577.500 -11.607
388345.500 130578.500 -11.620
388345.500 130579.500 -11.640
388345.500 130580.500 -11.662
388345.500 130581.500 -11.693
388345.500 130582.500 -11.715
388345.500 130583.500 -11.745
388346.500 130516.500 -11.027
388346.500 130517.500 -11.007
388346.500 130518.500 -10.965
388346.500 130519.500 -11.005
388346.500 130520.500 -11.057
388346.500 130521.500 -11.088
388346.500 130522.500 -11.055
388346.500 130523.500 -11.022
388346.500 130524.500 -11.032
388346.500 130525.500 -11.057
388346.500 130526.500 -11.057
388346.500 130527.500 -11.078
388346.500 130528.500 -11.100
388346.500 130529.500 -11.098
388346.500 130530.500 -11.110
388346.500 130531.500 -11.100
388346.500 130532.500 -11.090
388346.500 130533.500 -11.080
388346.500 130534.500 -11.075
388346.500 130535.500 -11.072
388346.500 130536.500 -11.098
388346.500 130537.500 -11.090
388346.500 130538.500 -11.098
388346.500 130539.500 -11.107
388346.500 130540.500 -11.155
388346.500 130541.500 -11.182
388346.500 130542.500 -11.192
388346.500 130543.500 -11.215
388346.500 130544.500 -11.245
388346.500 130545.500 -11.255
388346.500 130546.500 -11.270
388346.500 130547.500 -11.273
388346.500 130548.500 -11.275
388346.500 130549.500 -11.322
388346.500 130550.500 -11.340
388346.500 130551.500 -11.357
388346.500 130552.500 -11.362
388346.500 130553.500 -11.360
388346.500 130554.500 -11.355
388346.500 130555.500 -11.340
388346.500 130556.500 -11.320
388346.500 130557.500 -11.305
388346.500 130558.500 -11.317
388346.500 130559.500 -11.312
388346.500 130560.500 -11.315
388346.500 130561.500 -11.310
388346.500 130562.500 -11.320
388346.500 130563.500 -11.367
388346.500 130564.500 -11.392
388346.500 130565.500 -11.397
388346.500 130566.500 -11.412
388346.500 130567.500 -11.415
388346.500 130568.500 -11.425
388346.500 130569.500 -11.435
388346.500 130570.500 -11.450
388346.500 130571.500 -11.450
388346.500 130572.500 -11.470
388346.500 130573.500 -11.485
388346.500 130574.500 -11.502
388346.500 130575.500 -11.535
388346.500 130576.500 -11.577
388346.500 130577.500 -11.577
388346.500 130578.500 -11.605
388346.500 130579.500 -11.625
388346.500 130580.500 -11.627
388346.500 130581.500 -11.665
388346.500 130582.500 -11.688
388346.500 130583.500 -11.732
388346.500 130584.500 -11.782
388346.500 130585.500 -11.807
388347.500 130515.500 -11.025
388347.500 130516.500 -11.018
388347.500 130517.500 -11.002
388347.500 130518.500 -10.992
388347.500 130519.500 -10.995
388347.500 130520.500 -11.062
388347.500 130521.500 -11.107
388347.500 130522.500 -11.100
388347.500 130523.500 -11.037
388347.500 130524.500 -11.005
388347.500 130525.500 -11.022
388347.500 130526.500 -11.027
388347.500 130527.500 -11.000
388347.500 130528.500 -11.057
388347.500 130529.500 -11.083
388347.500 130530.500 -11.082
388347.500 130531.500 -11.085
388347.500 130532.500 -11.088
388347.500 130533.500 -11.068
388347.500 130534.500 -11.045
388347.500 130535.500 -11.045
388347.500 130536.500 -11.070
388347.500 130537.500 -11.090
388347.500 130538.500 -11.083
388347.500 130539.500 -11.078
388347.500 130540.500 -11.103
388347.500 130541.500 -11.130
388347.500 130542.500 -11.162
388347.500 130543.500 -11.185
388347.500 130544.500 -11.225
388347.500 130545.500 -11.250
388347.500 130546.500 -11.272
388347.500 130547.500 -11.277
388347.500 130548.500 -11.248
388347.500 130549.500 -11.263
388347.500 130550.500 -11.308
388347.500 130551.500 -11.320
388347.500 130552.500 -11.335
388347.500 130553.500 -11.322
388347.500 130554.500 -11.315
388347.500 130555.500 -11.307
388347.500 130556.500 -11.293
388347.500 130557.500 -11.275
388347.500 130558.500 -11.277
388347.500 130559.500 -11.265
388347.500 130560.500 -11.275
388347.500 130561.500 -11.310
388347.500 130562.500 -11.335
388347.500 130563.500 -11.348
388347.500 130564.500 -11.365
388347.500 130565.500 -11.382
388347.500 130566.500 -11.382
388347.500 130567.500 -11.400
388347.500 130568.500 -11.410
388347.500 130569.500 -11.420
388347.500 130570.500 -11.407
388347.500 130571.500 -11.425
388347.500 130572.500 -11.438
388347.500 130573.500 -11.455
388347.500 130574.500 -11.475
388347.500 130575.500 -11.510
388347.500 130576.500 -11.542
388347.500 130577.500 -11.575
388347.500 130578.500 -11.575
388347.500 130579.500 -11.590
388347.500 130580.500 -11.612
388347.500 130581.500 -11.637
388347.500 130582.500 -11.678
388347.500 130583.500 -11.695
388347.500 130584.500 -11.730
388347.500 130585.500 -11.768
388347.500 130586.500 -11.807
388348.500 130514.500 -10.998
388348.500 130515.500 -10.998
388348.500 130516.500 -10.975
388348.500 130517.500 -10.985
388348.500 130518.500 -10.975
388348.500 130519.500 -10.957
388348.500 130520.500 -10.990
388348.500 130521.500 -11.068
388348.500 130522.500 -11.102
388348.500 130523.500 -11.043
388348.500 130524.500 -10.975
388348.500 130525.500 -10.985
388348.500 130526.500 -10.998
388348.500 130527.500 -10.977
388348.500 130528.500 -11.040
388348.500 130529.500 -11.072
388348.500 130530.500 -11.085
388348.500 130531.500 -11.090
388348.500 130532.500 -11.083
388348.500 130533.500 -11.062
388348.500 130534.500 -11.058
388348.500 130535.500 -11.037
388348.500 130536.500 -11.072
388348.500 130537.500 -11.105
388348.500 130538.500 -11.065
388348.500 130539.500 -11.045
388348.500 130540.500 -11.092
388348.500 130541.500 -11.117
388348.500 130542.500 -11.125
388348.500 130543.500 -11.147
388348.500 130544.500 -11.190
388348.500 130545.500 -11.232
388348.500 130546.500 -11.257
388348.500 130547.500 -11.252
388348.500 130548.500 -11.250
388348.500 130549.500 -11.232
388348.500 130550.500 -11.262
388348.500 130551.500 -11.303
388348.500 130552.500 -11.270
388348.500 130553.500 -11.262
388348.500 130554.500 -11.260
388348.500 130555.500 -11.290
388348.500 130556.500 -11.265
388348.500 130557.500 -11.247
388348.500 130558.500 -11.260
388348.500 130559.500 -11.255
388348.500 130560.500 -11.265
388348.500 130561.500 -11.287
388348.500 130562.500 -11.300
388348.500 130563.500 -11.315
388348.500 130564.500 -11.343
388348.500 130565.500 -11.348
388348.500 130566.500 -11.360
388348.500 130567.500 -11.367
388348.500 130568.500 -11.385
388348.500 130569.500 -11.400
388348.500 130570.500 -11.397
388348.500 130571.500 -11.405
388348.500 130572.500 -11.430
388348.500 130573.500 -11.447
388348.500 130574.500 -11.462
388348.500 130575.500 -11.495
388348.500 130576.500 -11.512
388348.500 130577.500 -11.535
388348.500 130578.500 -11.568
388348.500 130579.500 -11.575
388348.500 130580.500 -11.602
388348.500 130581.500 -11.623
388348.500 130582.500 -11.645
388348.500 130583.500 -11.665
388348.500 130584.500 -11.695
388348.500 130585.500 -11.723
388348.500 130586.500 -11.775
388348.500 130587.500 -11.822
388348.500 130588.500 -11.867
388349.500 130514.500 -10.952
388349.500 130515.500 -10.960
388349.500 130516.500 -10.950
388349.500 130517.500 -10.945
388349.500 130518.500 -10.967
388349.500 130519.500 -10.925
388349.500 130520.500 -10.920
388349.500 130521.500 -11.020
388349.500 130522.500 -11.067
388349.500 130523.500 -11.030
388349.500 130524.500 -10.937
388349.500 130525.500 -10.912
388349.500 130526.500 -10.947
388349.500 130527.500 -10.967
388349.500 130528.500 -10.970
388349.500 130529.500 -11.037
388349.500 130530.500 -11.063
388349.500 130531.500 -11.082
388349.500 130532.500 -11.090
388349.500 130533.500 -11.090
388349.500 130534.500 -11.075
388349.500 130535.500 -11.057
388349.500 130536.500 -11.070
388349.500 130537.500 -11.090
388349.500 130538.500 -11.045
388349.500 130539.500 -11.037
388349.500 130540.500 -11.080
388349.500 130541.500 -11.107
388349.500 130542.500 -11.110
388349.500 130543.500 -11.117
388349.500 130544.500 -11.160
388349.500 130545.500 -11.202
388349.500 130546.500 -11.223
388349.500 130547.500 -11.235
388349.500 130548.500 -11.252
388349.500 130549.500 -11.235
388349.500 130550.500 -11.238
388349.500 130551.500 -11.258
388349.500 130552.500 -11.260
388349.500 130553.500 -11.248
388349.500 130554.500 -11.252
388349.500 130555.500 -11.270
388349.500 130556.500 -11.260
388349.500 130557.500 -11.242
388349.500 130558.500 -11.230
388349.500 130559.500 -11.242
388349.500 130560.500 -11.232
388349.500 130561.500 -11.240
388349.500 130562.500 -11.263
388349.500 130563.500 -11.298
388349.500 130564.500 -11.310
388349.500 130565.500 -11.320
388349.500 130566.500 -11.342
388349.500 130567.500 -11.350
388349.500 130568.500 -11.360
388349.500 130569.500 -11.377
388349.500 130570.500 -11.385
388349.500 130571.500 -11.400
388349.500 130572.500 -11.425
388349.500 130573.500 -11.440
388349.500 130574.500 -11.462
388349.500 130575.500 -11.480
388349.500 130576.500 -11.495
388349.500 130577.500 -11.518
388349.500 130578.500 -11.565
388349.500 130579.500 -11.577
388349.500 130580.500 -11.570
388349.500 130581.500 -11.595
388349.500 130582.500 -11.617
388349.500 130583.500 -11.622
388349.500 130584.500 -11.665
388349.500 130585.500 -11.707
388349.500 130586.500 -11.752
388349.500 130587.500 -11.822
388349.500 130588.500 -11.860
388349.500 130589.500 -11.917
388349.500 130590.500 -11.888
388350.500 130513.500 -10.947
388350.500 130514.500 -10.937
388350.500 130515.500 -10.935
388350.500 130516.500 -10.910
388350.500 130517.500 -10.890
388350.500 130518.500 -10.967
388350.500 130519.500 -10.938
388350.500 130520.500 -10.855
388350.500 130521.500 -10.957
388350.500 130522.500 -11.042
388350.500 130523.500 -11.008
388350.500 130524.500 -10.905
388350.500 130525.500 -10.827
388350.500 130526.500 -10.887
388350.500 130527.500 -10.945
388350.500 130528.500 -10.953
388350.500 130529.500 -11.010
388350.500 130530.500 -11.027
388350.500 130531.500 -11.075
388350.500 130532.500 -11.090
388350.500 130533.500 -11.100
388350.500 130534.500 -11.082
388350.500 130535.500 -11.060
388350.500 130536.500 -11.053
388350.500 130537.500 -11.000
388350.500 130538.500 -10.990
388350.500 130539.500 -11.032
388350.500 130540.500 -11.082
388350.500 130541.500 -11.105
388350.500 130542.500 -11.093
388350.500 130543.500 -11.117
388350.500 130544.500 -11.143
388350.500 130545.500 -11.180
388350.500 130546.500 -11.203
388350.500 130547.500 -11.205
388350.500 130548.500 -11.225
388350.500 130549.500 -11.225
388350.500 130550.500 -11.215
388350.500 130551.500 -11.222
388350.500 130552.500 -11.240
388350.500 130553.500 -11.252
388350.500 130554.500 -11.245
388350.500 130555.500 -11.252
388350.500 130556.500 -11.227
388350.500 130557.500 -11.220
388350.500 130558.500 -11.217
388350.500 130559.500 -11.207
388350.500 130560.500 -11.220
388350.500 130561.500 -11.225
388350.500 130562.500 -11.233
388350.500 130563.500 -11.282
388350.500 130564.500 -11.285
388350.500 130565.500 -11.290
388350.500 130566.500 -11.320
388350.500 130567.500 -11.342
388350.500 130568.500 -11.338
388350.500 130569.500 -11.352
388350.500 130570.500 -11.360
388350.500 130571.500 -11.385
388350.500 130572.500 -11.400
388350.500 130573.500 -11.428
388350.500 130574.500 -11.450
388350.500 130575.500 -11.462
388350.500 130576.500 -11.482
388350.500 130577.500 -11.507
388350.500 130578.500 -11.530
388350.500 130579.500 -11.555
388350.500 130580.500 -11.558
388350.500 130581.500 -11.585
388350.500 130582.500 -11.590
388350.500 130583.500 -11.597
388350.500 130584.500 -11.640
388350.500 130585.500 -11.697
388350.500 130586.500 -11.740
388350.500 130587.500 -11.807
388350.500 130588.500 -11.870
388350.500 130589.500 -11.908
388350.500 130590.500 -11.955
388350.500 130591.500 -11.883
388351.500 130512.500 -10.907
388351.500 130513.500 -10.920
388351.500 130514.500 -10.918
388351.500 130515.500 -10.910
388351.500 130516.500 -10.913
388351.500 130517.500 -10.880
388351.500 130518.500 -10.957
388351.500 130519.500 -10.940
388351.500 130520.500 -10.885
388351.500 130521.500 -10.915
388351.500 130522.500 -11.005
388351.500 130523.500 -10.985
388351.500 130524.500 -10.892
388351.500 130525.500 -10.792
388351.500 130526.500 -10.832
388351.500 130527.500 -10.883
388351.500 130528.500 -10.952
388351.500 130529.500 -10.930
388351.500 130530.500 -11.023
388351.500 130531.500 -11.045
388351.500 130532.500 -11.068
388351.500 130533.500 -11.088
388351.500 130534.500 -11.093
388351.500 130535.500 -11.075
388351.500 130536.500 -11.037
388351.500 130537.500 -10.940
388351.500 130538.500 -10.920
388351.500 130539.500 -10.995
388351.500 130540.500 -11.067
388351.500 130541.500 -11.103
388351.500 130542.500 -11.105
388351.500 130543.500 -11.115
388351.500 130544.500 -11.165
388351.500 130545.500 -11.172
388351.500 130546.500 -11.177
388351.500 130547.500 -11.185
388351.500 130548.500 -11.202
388351.500 130549.500 -11.205
388351.500 130550.500 -11.192
388351.500 130551.500 -11.200
388351.500 130552.500 -11.217
388351.500 130553.500 -11.240
388351.500 130554.500 -11.260
388351.500 130555.500 -11.252
388351.500 130556.500 -11.223
388351.500 130557.500 -11.195
388351.500 130558.500 -11.197
388351.500 130559.500 -11.197
388351.500 130560.500 -11.200
388351.500 130561.500 -11.200
388351.500 130562.500 -11.200
388351.500 130563.500 -11.237
388351.500 130564.500 -11.270
388351.500 130565.500 -11.285
388351.500 130566.500 -11.312
388351.500 130567.500 -11.330
388351.500 130568.500 -11.342
388351.500 130569.500 -11.345
388351.500 130570.500 -11.348
388351.500 130571.500 -11.367
388351.500 130572.500 -11.380
388351.500 130573.500 -11.402
388351.500 130574.500 -11.435
388351.500 130575.500 -11.445
388351.500 130576.500 -11.462
388351.500 130577.500 -11.487
388351.500 130578.500 -11.520
388351.500 130579.500 -11.532
388351.500 130580.500 -11.555
388351.500 130581.500 -11.580
388351.500 130582.500 -11.560
388351.500 130583.500 -11.585
388351.500 130584.500 -11.623
388351.500 130585.500 -11.683
388351.500 130586.500 -11.720
388351.500 130587.500 -11.787
388351.500 130588.500 -11.855
388351.500 130589.500 -11.893
388351.500 130590.500 -11.930
388351.500 130591.500 -11.865
388352.500 130512.500 -10.860
388352.500 130513.500 -10.880
388352.500 130514.500 -10.902
388352.500 130515.500 -10.898
388352.500 130516.500 -10.882
388352.500 130517.500 -10.900
388352.500 130518.500 -10.918
388352.500 130519.500 -10.943
388352.500 130520.500 -10.928
388352.500 130521.500 -10.905
388352.500 130522.500 -10.925
388352.500 130523.500 -10.955
388352.500 130524.500 -10.897
388352.500 130525.500 -10.797
388352.500 130526.500 -10.850
388352.500 130527.500 -10.900
388352.500 130528.500 -10.963
388352.500 130529.500 -10.980
388352.500 130530.500 -11.025
388352.500 130531.500 -11.032
388352.500 130532.500 -11.057
388352.500 130533.500 -11.088
388352.500 130534.500 -11.100
388352.500 130535.500 -11.077
388352.500 130536.500 -10.985
388352.500 130537.500 -10.950
388352.500 130538.500 -10.893
388352.500 130539.500 -10.922
388352.500 130540.500 -11.045
388352.500 130541.500 -11.103
388352.500 130542.500 -11.112
388352.500 130543.500 -11.105
388352.500 130544.500 -11.147
388352.500 130545.500 -11.188
388352.500 130546.500 -11.180
388352.500 130547.500 -11.158
388352.500 130548.500 -11.172
388352.500 130549.500 -11.187
388352.500 130550.500 -11.188
388352.500 130551.500 -11.200
388352.500 130552.500 -11.225
388352.500 130553.500 -11.252
388352.500 130554.500 -11.262
388352.500 130555.500 -11.242
388352.500 130556.500 -11.235
388352.500 130557.500 -11.220
388352.500 130558.500 -11.200
388352.500 130559.500 -11.197
388352.500 130560.500 -11.175
388352.500 130561.500 -11.165
388352.500 130562.500 -11.190
388352.500 130563.500 -11.210
388352.500 130564.500 -11.257
388352.500 130565.500 -11.270
388352.500 130566.500 -11.287
388352.500 130567.500 -11.310
388352.500 130568.500 -11.330
388352.500 130569.500 -11.340
388352.500 130570.500 -11.333
388352.500 130571.500 -11.325
388352.500 130572.500 -11.335
388352.500 130573.500 -11.367
388352.500 130574.500 -11.408
388352.500 130575.500 -11.430
388352.500 130576.500 -11.455
388352.500 130577.500 -11.477
388352.500 130578.500 -11.498
388352.500 130579.500 -11.513
388352.500 130580.500 -11.560
388352.500 130581.500 -11.580
388352.500 130582.500 -11.590
388352.500 130583.500 -11.597
388352.500 130584.500 -11.632
388352.500 130585.500 -11.677
388352.500 130586.500 -11.717
388352.500 130587.500 -11.777
388352.500 130588.500 -11.825
388352.500 130589.500 -11.877
388352.500 130590.500 -11.912
388352.500 130591.500 -11.935
388353.500 130511.500 -10.830
388353.500 130512.500 -10.843
388353.500 130513.500 -10.867
388353.500 130514.500 -10.875
388353.500 130515.500 -10.877
388353.500 130516.500 -10.883
388353.500 130517.500 -10.875
388353.500 130518.500 -10.910
388353.500 130519.500 -10.940
388353.500 130520.500 -10.942
388353.500 130521.500 -10.907
388353.500 130522.500 -10.880
388353.500 130523.500 -10.935
388353.500 130524.500 -10.923
388353.500 130525.500 -10.830
388353.500 130526.500 -10.860
388353.500 130527.500 -10.945
388353.500 130528.500 -10.987
388353.500 130529.500 -10.998
388353.500 130530.500 -11.030
388353.500 130531.500 -11.035
388353.500 130532.500 -11.053
388353.500 130533.500 -11.088
388353.500 130534.500 -11.105
388353.500 130535.500 -11.050
388353.500 130536.500 -10.963
388353.500 130537.500 -11.005
388353.500 130538.500 -10.953
388353.500 130539.500 -10.920
388353.500 130540.500 -11.028
388353.500 130541.500 -11.092
388353.500 130542.500 -11.103
388353.500 130543.500 -11.127
388353.500 130544.500 -11.138
388353.500 130545.500 -11.152
388353.500 130546.500 -11.132
388353.500 130547.500 -11.143
388353.500 130548.500 -11.170
388353.500 130549.500 -11.195
388353.500 130550.500 -11.197
388353.500 130551.500 -11.210
388353.500 130552.500 -11.215
388353.500 130553.500 -11.238
388353.500 130554.500 -11.252
388353.500 130555.500 -11.223
388353.500 130556.500 -11.222
388353.500 130557.500 -11.220
388353.500 130558.500 -11.207
388353.500 130559.500 -11.193
388353.500 130560.500 -11.180
388353.500 130561.500 -11.165
388353.500 130562.500 -11.172
388353.500 130563.500 -11.205
388353.500 130564.500 -11.230
388353.500 130565.500 -11.242
388353.500 130566.500 -11.268
388353.500 130567.500 -11.297
388353.500 130568.500 -11.312
388353.500 130569.500 -11.307
388353.500 130570.500 -11.305
388353.500 130571.500 -11.297
388353.500 130572.500 -11.310
388353.500 130573.500 -11.345
388353.500 130574.500 -11.377
388353.500 130575.500 -11.418
388353.500 130576.500 -11.510
388353.500 130577.500 -11.490
388353.500 130578.500 -11.473
388353.500 130579.500 -11.513
388353.500 130580.500 -11.548
388353.500 130581.500 -11.570
388353.500 130582.500 -11.610
388353.500 130583.500 -11.625
388353.500 130584.500 -11.640
388353.500 130585.500 -11.667
388353.500 130586.500 -11.697
388353.500 130587.500 -11.750
388353.500 130588.500 -11.803
388353.500 130589.500 -11.852
388353.500 130590.500 -11.895
388353.500 130591.500 -11.952
388354.500 130510.500 -10.787
388354.500 130511.500 -10.810
388354.500 130512.500 -10.822
388354.500 130513.500 -10.838
388354.500 130514.500 -10.860
388354.500 130515.500 -10.870
388354.500 130516.500 -10.877
388354.500 130517.500 -10.888
388354.500 130518.500 -10.930
388354.500 130519.500 -10.945
388354.500 130520.500 -10.937
388354.500 130521.500 -10.882
388354.500 130522.500 -10.860
388354.500 130523.500 -10.900
388354.500 130524.500 -10.910
388354.500 130525.500 -10.860
388354.500 130526.500 -10.893
388354.500 130527.500 -10.955
388354.500 130528.500 -10.990
388354.500 130529.500 -11.020
388354.500 130530.500 -11.030
388354.500 130531.500 -11.055
388354.500 130532.500 -11.050
388354.500 130533.500 -11.068
388354.500 130534.500 -11.068
388354.500 130535.500 -10.982
388354.500 130536.500 -10.942
388354.500 130537.500 -10.998
388354.500 130538.500 -10.932
388354.500 130539.500 -10.947
388354.500 130540.500 -11.040
388354.500 130541.500 -11.095
388354.500 130542.500 -11.110
388354.500 130543.500 -11.127
388354.500 130544.500 -11.123
388354.500 130545.500 -11.120
388354.500 130546.500 -11.145
388354.500 130547.500 -11.140
388354.500 130548.500 -11.147
388354.500 130549.500 -11.175
388354.500 130550.500 -11.207
388354.500 130551.500 -11.230
388354.500 130552.500 -11.238
388354.500 130553.500 -11.245
388354.500 130554.500 -11.238
388354.500 130555.500 -11.195
388354.500 130556.500 -11.178
388354.500 130557.500 -11.220
388354.500 130558.500 -11.222
388354.500 130559.500 -11.202
388354.500 130560.500 -11.202
388354.500 130561.500 -11.200
388354.500 130562.500 -11.195
388354.500 130563.500 -11.215
388354.500 130564.500 -11.220
388354.500 130565.500 -11.212
388354.500 130566.500 -11.245
388354.500 130567.500 -11.275
388354.500 130568.500 -11.255
388354.500 130569.500 -11.263
388354.500 130570.500 -11.277
388354.500 130571.500 -11.290
388354.500 130572.500 -11.298
388354.500 130573.500 -11.322
388354.500 130574.500 -11.357
388354.500 130575.500 -11.560
388354.500 130576.500 -11.470
388354.500 130577.500 -11.485
388354.500 130578.500 -11.490
388354.500 130579.500 -11.490
388354.500 130580.500 -11.543
388354.500 130581.500 -11.568
388354.500 130582.500 -11.592
388354.500 130583.500 -11.637
388354.500 130584.500 -11.668
388354.500 130585.500 -11.680
388354.500 130586.500 -11.710
388354.500 130587.500 -11.740
388354.500 130588.500 -11.765
388354.500 130589.500 -11.830
388354.500 130590.500 -11.918
388354.500 130591.500 -11.947
388355.500 130510.500 -10.770
388355.500 130511.500 -10.790
388355.500 130512.500 -10.820
388355.500 130513.500 -10.833
388355.500 130514.500 -10.848
388355.500 130515.500 -10.867
388355.500 130516.500 -10.873
388355.500 130517.500 -10.897
388355.500 130518.500 -10.932
388355.500 130519.500 -10.950
388355.500 130520.500 -10.928
388355.500 130521.500 -10.877
388355.500 130522.500 -10.840
388355.500 130523.500 -10.845
388355.500 130524.500 -10.900
388355.500 130525.500 -10.875
388355.500 130526.500 -10.885
388355.500 130527.500 -10.940
388355.500 130528.500 -10.967
388355.500 130529.500 -11.005
388355.500 130530.500 -11.027
388355.500 130531.500 -11.047
388355.500 130532.500 -11.032
388355.500 130533.500 -11.042
388355.500 130534.500 -11.005
388355.500 130535.500 -10.900
388355.500 130536.500 -10.958
388355.500 130537.500 -11.025
388355.500 130538.500 -10.915
388355.500 130539.500 -10.930
388355.500 130540.500 -11.055
388355.500 130541.500 -11.102
388355.500 130542.500 -11.103
388355.500 130543.500 -11.097
388355.500 130544.500 -11.095
388355.500 130545.500 -11.107
388355.500 130546.500 -11.120
388355.500 130547.500 -11.130
388355.500 130548.500 -11.145
388355.500 130549.500 -11.172
388355.500 130550.500 -11.195
388355.500 130551.500 -11.215
388355.500 130552.500 -11.247
388355.500 130553.500 -11.258
388355.500 130554.500 -11.227
388355.500 130555.500 -11.195
388355.500 130556.500 -11.155
388355.500 130557.500 -11.207
388355.500 130558.500 -11.230
388355.500 130559.500 -11.233
388355.500 130560.500 -11.235
388355.500 130561.500 -11.222
388355.500 130562.500 -11.217
388355.500 130563.500 -11.225
388355.500 130564.500 -11.225
388355.500 130565.500 -11.235
388355.500 130566.500 -11.240
388355.500 130567.500 -11.245
388355.500 130568.500 -11.232
388355.500 130569.500 -11.232
388355.500 130570.500 -11.275
388355.500 130571.500 -11.312
388355.500 130572.500 -11.330
388355.500 130573.500 -11.332
388355.500 130574.500 -11.348
388355.500 130575.500 -11.440
388355.500 130576.500 -11.442
388355.500 130577.500 -11.462
388355.500 130578.500 -11.505
388355.500 130579.500 -11.520
388355.500 130580.500 -11.520
388355.500 130581.500 -11.583
388355.500 130582.500 -11.603
388355.500 130583.500 -11.612
388355.500 130584.500 -11.612
388355.500 130585.500 -11.615
388355.500 130586.500 -11.652
388355.500 130587.500 -11.725
388355.500 130588.500 -11.760
388355.500 130589.500 -11.825
388355.500 130590.500 -11.950
388355.500 130591.500 -11.977
388356.500 130509.500 -10.750
388356.500 130510.500 -10.755
388356.500 130511.500 -10.768
388356.500 130512.500 -10.792
388356.500 130513.500 -10.820
388356.500 130514.500 -10.820
388356.500 130515.500 -10.845
388356.500 130516.500 -10.855
388356.500 130517.500 -10.890
388356.500 130518.500 -10.915
388356.500 130519.500 -10.940
388356.500 130520.500 -10.910
388356.500 130521.500 -10.870
388356.500 130522.500 -10.827
388356.500 130523.500 -10.840
388356.500 130524.500 -10.902
388356.500 130525.500 -10.917
388356.500 130526.500 -10.897
388356.500 130527.500 -10.920
388356.500 130528.500 -10.957
388356.500 130529.500 -10.977
388356.500 130530.500 -11.020
388356.500 130531.500 -11.020
388356.500 130532.500 -11.050
388356.500 130533.500 -11.045
388356.500 130534.500 -10.990
388356.500 130535.500 -10.875
388356.500 130536.500 -11.037
388356.500 130537.500 -11.040
388356.500 130538.500 -10.895
388356.500 130539.500 -10.890
388356.500 130540.500 -11.002
388356.500 130541.500 -11.057
388356.500 130542.500 -11.080
388356.500 130543.500 -11.080
388356.500 130544.500 -11.095
388356.500 130545.500 -11.102
388356.500 130546.500 -11.127
388356.500 130547.500 -11.153
388356.500 130548.500 -11.158
388356.500 130549.500 -11.172
388356.500 130550.500 -11.185
388356.500 130551.500 -11.217
388356.500 130552.500 -11.232
388356.500 130553.500 -11.233
388356.500 130554.500 -11.238
388356.500 130555.500 -11.223
388356.500 130556.500 -11.205
388356.500 130557.500 -11.228
388356.500 130558.500 -11.230
388356.500 130559.500 -11.242
388356.500 130560.500 -11.240
388356.500 130561.500 -11.235
388356.500 130562.500 -11.238
388356.500 130563.500 -11.225
388356.500 130564.500 -11.233
388356.500 130565.500 -11.245
388356.500 130566.500 -11.260
388356.500 130567.500 -11.255
388356.500 130568.500 -11.252
388356.500 130569.500 -11.268
388356.500 130570.500 -11.287
388356.500 130571.500 -11.315
388356.500 130572.500 -11.357
388356.500 130573.500 -11.352
388356.500 130574.500 -11.490
388356.500 130575.500 -11.425
388356.500 130576.500 -11.432
388356.500 130577.500 -11.462
388356.500 130578.500 -11.490
388356.500 130579.500 -11.502
388356.500 130580.500 -11.522
388356.500 130581.500 -11.525
388356.500 130582.500 -11.560
388356.500 130583.500 -11.557
388356.500 130584.500 -11.590
388356.500 130585.500 -11.598
388356.500 130586.500 -11.650
388356.500 130587.500 -11.717
388356.500 130588.500 -11.782
388356.500 130589.500 -11.845
388356.500 130590.500 -11.950
388356.500 130591.500 -11.822
388357.500 130508.500 -10.747
388357.500 130509.500 -10.755
388357.500 130510.500 -10.740
388357.500 130511.500 -10.745
388357.500 130512.500 -10.780
388357.500 130513.500 -10.793
388357.500 130514.500 -10.815
388357.500 130515.500 -10.848
388357.500 130516.500 -10.862
388357.500 130517.500 -10.893
388357.500 130518.500 -10.915
388357.500 130519.500 -10.902
388357.500 130520.500 -10.898
388357.500 130521.500 -10.865
388357.500 130522.500 -10.857
388357.500 130523.500 -10.900
388357.500 130524.500 -10.902
388357.500 130525.500 -10.928
388357.500 130526.500 -10.955
388357.500 130527.500 -10.917
388357.500 130528.500 -10.940
388357.500 130529.500 -10.955
388357.500 130530.500 -10.990
388357.500 130531.500 -11.003
388357.500 130532.500 -11.042
388357.500 130533.500 -11.055
388357.500 130534.500 -11.015
388357.500 130535.500 -10.915
388357.500 130536.500 -11.075
388357.500 130537.500 -11.077
388357.500 130538.500 -10.877
388357.500 130539.500 -10.818
388357.500 130540.500 -10.975
388357.500 130541.500 -11.055
388357.500 130542.500 -11.078
388357.500 130543.500 -11.068
388357.500 130544.500 -11.077
388357.500 130545.500 -11.115
388357.500 130546.500 -11.145
388357.500 130547.500 -11.155
388357.500 130548.500 -11.145
388357.500 130549.500 -11.165
388357.500 130550.500 -11.185
388357.500 130551.500 -11.207
388357.500 130552.500 -11.222
388357.500 130553.500 -11.227
388357.500 130554.500 -11.225
388357.500 130555.500 -11.230
388357.500 130556.500 -11.238
388357.500 130557.500 -11.240
388357.500 130558.500 -11.242
388357.500 130559.500 -11.242
388357.500 130560.500 -11.248
388357.500 130561.500 -11.250
388357.500 130562.500 -11.255
388357.500 130563.500 -11.227
388357.500 130564.500 -11.232
388357.500 130565.500 -11.240
388357.500 130566.500 -11.265
388357.500 130567.500 -11.260
388357.500 130568.500 -11.265
388357.500 130569.500 -11.287
388357.500 130570.500 -11.315
388357.500 130571.500 -11.333
388357.500 130572.500 -11.367
388357.500 130573.500 -11.383
388357.500 130574.500 -11.420
388357.500 130575.500 -11.425
388357.500 130576.500 -11.440
388357.500 130577.500 -11.447
388357.500 130578.500 -11.470
388357.500 130579.500 -11.490
388357.500 130580.500 -11.502
388357.500 130581.500 -11.508
388357.500 130582.500 -11.495
388357.500 130583.500 -11.490
388357.500 130584.500 -11.582
388357.500 130585.500 -11.610
388357.500 130586.500 -11.653
388357.500 130587.500 -11.582
388357.500 130588.500 -11.643
388357.500 130589.500 -11.702
388357.500 130590.500 -11.768
388357.500 130591.500 -11.818
388358.500 130508.500 -10.757
388358.500 130509.500 -10.752
388358.500 130510.500 -10.735
388358.500 130511.500 -10.738
388358.500 130512.500 -10.772
388358.500 130513.500 -10.777
388358.500 130514.500 -10.818
388358.500 130515.500 -10.857
388358.500 130516.500 -10.852
388358.500 130517.500 -10.845
388358.500 130518.500 -10.867
388358.500 130519.500 -10.865
388358.500 130520.500 -10.897
388358.500 130521.500 -10.872
388358.500 130522.500 -10.895
388358.500 130523.500 -10.920
388358.500 130524.500 -10.920
388358.500 130525.500 -10.950
388358.500 130526.500 -11.010
388358.500 130527.500 -10.965
388358.500 130528.500 -10.925
388358.500 130529.500 -10.922
388358.500 130530.500 -10.940
388358.500 130531.500 -10.967
388358.500 130532.500 -10.980
388358.500 130533.500 -11.050
388358.500 130534.500 -11.015
388358.500 130535.500 -10.940
388358.500 130536.500 -11.065
388358.500 130537.500 -11.105
388358.500 130538.500 -10.910
388358.500 130539.500 -10.822
388358.500 130540.500 -10.993
388358.500 130541.500 -11.037
388358.500 130542.500 -11.055
388358.500 130543.500 -11.043
388358.500 130544.500 -11.072
388358.500 130545.500 -11.117
388358.500 130546.500 -11.130
388358.500 130547.500 -11.133
388358.500 130548.500 -11.145
388358.500 130549.500 -11.150
388358.500 130550.500 -11.170
388358.500 130551.500 -11.185
388358.500 130552.500 -11.192
388358.500 130553.500 -11.197
388358.500 130554.500 -11.212
388358.500 130555.500 -11.215
388358.500 130556.500 -11.230
388358.500 130557.500 -11.238
388358.500 130558.500 -11.215
388358.500 130559.500 -11.235
388358.500 130560.500 -11.242
388358.500 130561.500 -11.248
388358.500 130562.500 -11.225
388358.500 130563.500 -11.205
388358.500 130564.500 -11.200
388358.500 130565.500 -11.238
388358.500 130566.500 -11.250
388358.500 130567.500 -11.250
388358.500 130568.500 -11.252
388358.500 130569.500 -11.287
388358.500 130570.500 -11.315
388358.500 130571.500 -11.322
388358.500 130572.500 -11.350
388358.500 130573.500 -11.380
388358.500 130574.500 -11.410
388358.500 130575.500 -11.380
388358.500 130576.500 -11.425
388358.500 130577.500 -11.465
388358.500 130578.500 -11.462
388358.500 130579.500 -11.485
388358.500 130580.500 -11.490
388358.500 130581.500 -11.490
388358.500 130582.500 -11.490
388358.500 130583.500 -11.518
388358.500 130584.500 -11.545
388358.500 130585.500 -11.630
388358.500 130586.500 -11.535
388358.500 130587.500 -11.562
388358.500 130588.500 -11.615
388358.500 130589.500 -11.678
388358.500 130590.500 -11.745
388358.500 130591.500 -11.792
388359.500 130507.500 -10.750
388359.500 130508.500 -10.742
388359.500 130509.500 -10.732
388359.500 130510.500 -10.738
388359.500 130511.500 -10.735
388359.500 130512.500 -10.775
388359.500 130513.500 -10.795
388359.500 130514.500 -10.810
388359.500 130515.500 -10.838
388359.500 130516.500 -10.840
388359.500 130517.500 -10.828
388359.500 130518.500 -10.848
388359.500 130519.500 -10.877
388359.500 130520.500 -10.880
388359.500 130521.500 -10.880
388359.500 130522.500 -10.908
388359.500 130523.500 -10.925
388359.500 130524.500 -10.935
388359.500 130525.500 -10.990
388359.500 130526.500 -11.022
388359.500 130527.500 -10.985
388359.500 130528.500 -10.912
388359.500 130529.500 -10.887
388359.500 130530.500 -10.912
388359.500 130531.500 -10.960
388359.500 130532.500 -10.973
388359.500 130533.500 -10.980
388359.500 130534.500 -11.020
388359.500 130535.500 -10.910
388359.500 130536.500 -11.012
388359.500 130537.500 -11.100
388359.500 130538.500 -10.960
388359.500 130539.500 -10.830
388359.500 130540.500 -10.975
388359.500 130541.500 -11.025
388359.500 130542.500 -11.032
388359.500 130543.500 -11.020
388359.500 130544.500 -11.040
388359.500 130545.500 -11.092
388359.500 130546.500 -11.100
388359.500 130547.500 -11.092
388359.500 130548.500 -11.125
388359.500 130549.500 -11.127
388359.500 130550.500 -11.150
388359.500 130551.500 -11.158
388359.500 130552.500 -11.152
388359.500 130553.500 -11.152
388359.500 130554.500 -11.155
388359.500 130555.500 -11.133
388359.500 130556.500 -11.160
388359.500 130557.500 -11.180
388359.500 130558.500 -11.157
388359.500 130559.500 -11.182
388359.500 130560.500 -11.190
388359.500 130561.500 -11.180
388359.500 130562.500 -11.155
388359.500 130563.500 -11.155
388359.500 130564.500 -11.162
388359.500 130565.500 -11.227
388359.500 130566.500 -11.205
388359.500 130567.500 -11.207
388359.500 130568.500 -11.232
388359.500 130569.500 -11.230
388359.500 130570.500 -11.242
388359.500 130571.500 -11.272
388359.500 130572.500 -11.298
388359.500 130573.500 -11.332
388359.500 130574.500 -11.370
388359.500 130575.500 -11.400
388359.500 130576.500 -11.432
388359.500 130577.500 -11.415
388359.500 130578.500 -11.457
388359.500 130579.500 -11.478
388359.500 130580.500 -11.470
388359.500 130581.500 -11.477
388359.500 130582.500 -11.488
388359.500 130583.500 -11.507
388359.500 130584.500 -11.530
388359.500 130585.500 -11.537
388359.500 130586.500 -11.530
388359.500 130587.500 -11.540
388359.500 130588.500 -11.602
388359.500 130589.500 -11.652
388359.500 130590.500 -11.720
388359.500 130591.500 -11.785
388360.500 130506.500 -10.707
388360.500 130507.500 -10.735
388360.500 130508.500 -10.745
388360.500 130509.500 -10.742
388360.500 130510.500 -10.755
388360.500 130511.500 -10.745
388360.500 130512.500 -10.770
388360.500 130513.500 -10.772
388360.500 130514.500 -10.790
388360.500 130515.500 -10.800
388360.500 130516.500 -10.812
388360.500 130517.500 -10.812
388360.500 130518.500 -10.838
388360.500 130519.500 -10.850
388360.500 130520.500 -10.875
388360.500 130521.500 -10.898
388360.500 130522.500 -10.910
388360.500 130523.500 -10.905
388360.500 130524.500 -10.928
388360.500 130525.500 -10.990
388360.500 130526.500 -11.002
388360.500 130527.500 -10.970
388360.500 130528.500 -10.893
388360.500 130529.500 -10.867
388360.500 130530.500 -10.900
388360.500 130531.500 -10.952
388360.500 130532.500 -10.972
388360.500 130533.500 -10.975
388360.500 130534.500 -10.992
388360.500 130535.500 -10.950
388360.500 130536.500 -10.963
388360.500 130537.500 -11.103
388360.500 130538.500 -11.010
388360.500 130539.500 -10.855
388360.500 130540.500 -10.967
388360.500 130541.500 -11.022
388360.500 130542.500 -11.035
388360.500 130543.500 -11.025
388360.500 130544.500 -11.032
388360.500 130545.500 -11.075
388360.500 130546.500 -11.093
388360.500 130547.500 -11.095
388360.500 130548.500 -11.102
388360.500 130549.500 -11.115
388360.500 130550.500 -11.127
388360.500 130551.500 -11.120
388360.500 130552.500 -11.103
388360.500 130553.500 -11.090
388360.500 130554.500 -11.065
388360.500 130555.500 -11.047
388360.500 130556.500 -11.052
388360.500 130557.500 -11.112
388360.500 130558.500 -11.112
388360.500 130559.500 -11.095
388360.500 130560.500 -11.098
388360.500 130561.500 -11.085
388360.500 130562.500 -11.117
388360.500 130563.500 -11.158
388360.500 130564.500 -11.192
388360.500 130565.500 -11.207
388360.500 130566.500 -11.160
388360.500 130567.500 -11.127
388360.500 130568.500 -11.160
388360.500 130569.500 -11.150
388360.500 130570.500 -11.147
388360.500 130571.500 -11.193
388360.500 130572.500 -11.230
388360.500 130573.500 -11.240
388360.500 130574.500 -11.290
388360.500 130575.500 -11.420
388360.500 130576.500 -11.422
388360.500 130577.500 -11.352
388360.500 130578.500 -11.405
388360.500 130579.500 -11.450
388360.500 130580.500 -11.455
388360.500 130581.500 -11.462
388360.500 130582.500 -11.470
388360.500 130583.500 -11.475
388360.500 130584.500 -11.500
388360.500 130585.500 -11.510
388360.500 130586.500 -11.530
388360.500 130587.500 -11.585
388360.500 130588.500 -11.580
388360.500 130589.500 -11.643
388360.500 130590.500 -11.705
388360.500 130591.500 -11.765
388361.500 130506.500 -10.683
388361.500 130507.500 -10.715
388361.500 130508.500 -10.735
388361.500 130509.500 -10.752
388361.500 130510.500 -10.758
388361.500 130511.500 -10.758
388361.500 130512.500 -10.770
388361.500 130513.500 -10.748
388361.500 130514.500 -10.763
388361.500 130515.500 -10.777
388361.500 130516.500 -10.792
388361.500 130517.500 -10.805
388361.500 130518.500 -10.838
388361.500 130519.500 -10.845
388361.500 130520.500 -10.885
388361.500 130521.500 -10.920
388361.500 130522.500 -10.910
388361.500 130523.500 -10.900
388361.500 130524.500 -10.910
388361.500 130525.500 -10.982
388361.500 130526.500 -10.978
388361.500 130527.500 -10.947
388361.500 130528.500 -10.880
388361.500 130529.500 -10.865
388361.500 130530.500 -10.900
388361.500 130531.500 -10.943
388361.500 130532.500 -10.975
388361.500 130533.500 -10.983
388361.500 130534.500 -10.972
388361.500 130535.500 -10.927
388361.500 130536.500 -10.867
388361.500 130537.500 -11.010
388361.500 130538.500 -11.070
388361.500 130539.500 -10.902
388361.500 130540.500 -10.968
388361.500 130541.500 -11.013
388361.500 130542.500 -11.015
388361.500 130543.500 -11.020
388361.500 130544.500 -11.032
388361.500 130545.500 -11.057
388361.500 130546.500 -11.083
388361.500 130547.500 -11.080
388361.500 130548.500 -11.085
388361.500 130549.500 -11.098
388361.500 130550.500 -11.088
388361.500 130551.500 -11.075
388361.500 130552.500 -11.082
388361.500 130553.500 -11.047
388361.500 130554.500 -11.043
388361.500 130555.500 -11.070
388361.500 130556.500 -11.105
388361.500 130557.500 -11.133
388361.500 130558.500 -11.143
388361.500 130559.500 -11.115
388361.500 130560.500 -11.095
388361.500 130561.500 -11.110
388361.500 130562.500 -11.212
388361.500 130563.500 -11.232
388361.500 130564.500 -11.250
388361.500 130565.500 -11.205
388361.500 130566.500 -11.130
388361.500 130567.500 -11.112
388361.500 130568.500 -11.132
388361.500 130569.500 -11.107
388361.500 130570.500 -11.125
388361.500 130571.500 -11.178
388361.500 130572.500 -11.290
388361.500 130573.500 -11.255
388361.500 130574.500 -11.315
388361.500 130575.500 -11.338
388361.500 130576.500 -11.320
388361.500 130577.500 -11.285
388361.500 130578.500 -11.377
388361.500 130579.500 -11.402
388361.500 130580.500 -11.415
388361.500 130581.500 -11.437
388361.500 130582.500 -11.460
388361.500 130583.500 -11.447
388361.500 130584.500 -11.457
388361.500 130585.500 -11.502
388361.500 130586.500 -11.537
388361.500 130587.500 -11.580
388361.500 130588.500 -11.620
388361.500 130589.500 -11.680
388361.500 130590.500 -11.692
388361.500 130591.500 -11.762
388362.500 130505.500 -10.747
388362.500 130506.500 -10.713
388362.500 130507.500 -10.717
388362.500 130508.500 -10.738
388362.500 130509.500 -10.750
388362.500 130510.500 -10.763
388362.500 130511.500 -10.770
388362.500 130512.500 -10.792
388362.500 130513.500 -10.732
388362.500 130514.500 -10.763
388362.500 130515.500 -10.795
388362.500 130516.500 -10.818
388362.500 130517.500 -10.808
388362.500 130518.500 -10.848
388362.500 130519.500 -10.877
388362.500 130520.500 -10.925
388362.500 130521.500 -10.932
388362.500 130522.500 -10.905
388362.500 130523.500 -10.912
388362.500 130524.500 -10.912
388362.500 130525.500 -10.952
388362.500 130526.500 -10.942
388362.500 130527.500 -10.932
388362.500 130528.500 -10.910
388362.500 130529.500 -10.875
388362.500 130530.500 -10.910
388362.500 130531.500 -10.995
388362.500 130532.500 -10.995
388362.500 130533.500 -10.980
388362.500 130534.500 -10.977
388362.500 130535.500 -10.947
388362.500 130536.500 -10.860
388362.500 130537.500 -11.000
388362.500 130538.500 -11.088
388362.500 130539.500 -11.030
388362.500 130540.500 -10.930
388362.500 130541.500 -10.990
388362.500 130542.500 -11.015
388362.500 130543.500 -11.018
388362.500 130544.500 -11.025
388362.500 130545.500 -11.037
388362.500 130546.500 -11.057
388362.500 130547.500 -11.057
388362.500 130548.500 -11.070
388362.500 130549.500 -11.070
388362.500 130550.500 -11.047
388362.500 130551.500 -11.090
388362.500 130552.500 -11.082
388362.500 130553.500 -11.077
388362.500 130554.500 -11.135
388362.500 130555.500 -11.170
388362.500 130556.500 -11.185
388362.500 130557.500 -11.190
388362.500 130558.500 -11.182
388362.500 130559.500 -11.170
388362.500 130560.500 -11.202
388362.500 130561.500 -11.232
388362.500 130562.500 -11.250
388362.500 130563.500 -11.230
388362.500 130564.500 -11.200
388362.500 130565.500 -11.142
388362.500 130566.500 -11.095
388362.500 130567.500 -11.092
388362.500 130568.500 -11.100
388362.500 130569.500 -11.137
388362.500 130570.500 -11.170
388362.500 130571.500 -11.190
388362.500 130572.500 -11.250
388362.500 130573.500 -11.308
388362.500 130574.500 -11.310
388362.500 130575.500 -11.293
388362.500 130576.500 -11.282
388362.500 130577.500 -11.322
388362.500 130578.500 -11.357
388362.500 130579.500 -11.377
388362.500 130580.500 -11.380
388362.500 130581.500 -11.402
388362.500 130582.500 -11.425
388362.500 130583.500 -11.435
388362.500 130584.500 -11.467
388362.500 130585.500 -11.510
388362.500 130586.500 -11.542
388362.500 130587.500 -11.585
388362.500 130588.500 -11.645
388362.500 130589.500 -11.700
388362.500 130590.500 -11.725
388362.500 130591.500 -11.752
388363.500 130505.500 -10.773
388363.500 130506.500 -10.760
388363.500 130507.500 -10.735
388363.500 130508.500 -10.757
388363.500 130509.500 -10.765
388363.500 130510.500 -10.780
388363.500 130511.500 -10.785
388363.500 130512.500 -10.770
388363.500 130513.500 -10.740
388363.500 130514.500 -10.760
388363.500 130515.500 -10.805
388363.500 130516.500 -10.827
388363.500 130517.500 -10.828
388363.500 130518.500 -10.850
388363.500 130519.500 -10.890
388363.500 130520.500 -10.918
388363.500 130521.500 -10.932
388363.500 130522.500 -10.925
388363.500 130523.500 -10.915
388363.500 130524.500 -10.902
388363.500 130525.500 -10.902
388363.500 130526.500 -10.923
388363.500 130527.500 -10.920
388363.500 130528.500 -10.942
388363.500 130529.500 -10.893
388363.500 130530.500 -10.938
388363.500 130531.500 -11.062
388363.500 130532.500 -10.995
388363.500 130533.500 -10.912
388363.500 130534.500 -10.918
388363.500 130535.500 -10.928
388363.500 130536.500 -10.888
388363.500 130537.500 -10.978
388363.500 130538.500 -11.062
388363.500 130539.500 -11.050
388363.500 130540.500 -10.925
388363.500 130541.500 -10.910
388363.500 130542.500 -10.970
388363.500 130543.500 -11.007
388363.500 130544.500 -11.005
388363.500 130545.500 -11.005
388363.500 130546.500 -11.022
388363.500 130547.500 -11.030
388363.500 130548.500 -11.037
388363.500 130549.500 -11.040
388363.500 130550.500 -11.042
388363.500 130551.500 -11.080
388363.500 130552.500 -11.130
388363.500 130553.500 -11.122
388363.500 130554.500 -11.150
388363.500 130555.500 -11.200
388363.500 130556.500 -11.227
388363.500 130557.500 -11.212
388363.500 130558.500 -11.197
388363.500 130559.500 -11.205
388363.500 130560.500 -11.255
388363.500 130561.500 -11.260
388363.500 130562.500 -11.217
388363.500 130563.500 -11.192
388363.500 130564.500 -11.072
388363.500 130565.500 -11.027
388363.500 130566.500 -11.070
388363.500 130567.500 -11.080
388363.500 130568.500 -11.145
388363.500 130569.500 -11.182
388363.500 130570.500 -11.205
388363.500 130571.500 -11.305
388363.500 130572.500 -11.297
388363.500 130573.500 -11.340
388363.500 130574.500 -11.323
388363.500 130575.500 -11.308
388363.500 130576.500 -11.302
388363.500 130577.500 -11.328
388363.500 130578.500 -11.355
388363.500 130579.500 -11.375
388363.500 130580.500 -11.377
388363.500 130581.500 -11.390
388363.500 130582.500 -11.408
388363.500 130583.500 -11.430
388363.500 130584.500 -11.463
388363.500 130585.500 -11.505
388363.500 130586.500 -11.525
388363.500 130587.500 -11.575
388363.500 130588.500 -11.640
388363.500 130589.500 -11.685
388363.500 130590.500 -11.725
388363.500 130591.500 -11.720
388364.500 130504.500 -10.772
388364.500 130505.500 -10.787
388364.500 130506.500 -10.790
388364.500 130507.500 -10.782
388364.500 130508.500 -10.772
388364.500 130509.500 -10.787
388364.500 130510.500 -10.787
388364.500 130511.500 -10.795
388364.500 130512.500 -10.795
388364.500 130513.500 -10.797
388364.500 130514.500 -10.812
388364.500 130515.500 -10.830
388364.500 130516.500 -10.838
388364.500 130517.500 -10.840
388364.500 130518.500 -10.852
388364.500 130519.500 -10.870
388364.500 130520.500 -10.895
388364.500 130521.500 -10.910
388364.500 130522.500 -10.918
388364.500 130523.500 -10.910
388364.500 130524.500 -10.885
388364.500 130525.500 -10.862
388364.500 130526.500 -10.908
388364.500 130527.500 -10.918
388364.500 130528.500 -10.957
388364.500 130529.500 -10.905
388364.500 130530.500 -10.875
388364.500 130531.500 -10.970
388364.500 130532.500 -10.877
388364.500 130533.500 -10.895
388364.500 130534.500 -10.975
388364.500 130535.500 -10.930
388364.500 130536.500 -10.895
388364.500 130537.500 -10.950
388364.500 130538.500 -11.088
388364.500 130539.500 -11.085
388364.500 130540.500 -10.982
388364.500 130541.500 -10.870
388364.500 130542.500 -10.955
388364.500 130543.500 -10.988
388364.500 130544.500 -10.967
388364.500 130545.500 -10.920
388364.500 130546.500 -10.957
388364.500 130547.500 -10.980
388364.500 130548.500 -11.012
388364.500 130549.500 -11.013
388364.500 130550.500 -11.060
388364.500 130551.500 -11.100
388364.500 130552.500 -11.125
388364.500 130553.500 -11.100
388364.500 130554.500 -11.143
388364.500 130555.500 -11.212
388364.500 130556.500 -11.225
388364.500 130557.500 -11.215
388364.500 130558.500 -11.195
388364.500 130559.500 -11.200
388364.500 130560.500 -11.257
388364.500 130561.500 -11.230
388364.500 130562.500 -11.120
388364.500 130563.500 -11.110
388364.500 130564.500 -11.015
388364.500 130565.500 -11.053
388364.500 130566.500 -11.075
388364.500 130567.500 -11.200
388364.500 130568.500 -11.210
388364.500 130569.500 -11.207
388364.500 130570.500 -11.272
388364.500 130571.500 -11.328
388364.500 130572.500 -11.320
388364.500 130573.500 -11.332
388364.500 130574.500 -11.313
388364.500 130575.500 -11.320
388364.500 130576.500 -11.300
388364.500 130577.500 -11.328
388364.500 130578.500 -11.355
388364.500 130579.500 -11.367
388364.500 130580.500 -11.362
388364.500 130581.500 -11.367
388364.500 130582.500 -11.407
388364.500 130583.500 -11.440
388364.500 130584.500 -11.467
388364.500 130585.500 -11.505
388364.500 130586.500 -11.537
388364.500 130587.500 -11.595
388364.500 130588.500 -11.640
388364.500 130589.500 -11.682
388364.500 130590.500 -11.707
388364.500 130591.500 -11.720
388365.500 130503.500 -10.807
388365.500 130504.500 -10.805
388365.500 130505.500 -10.820
388365.500 130506.500 -10.818
388365.500 130507.500 -10.807
388365.500 130508.500 -10.785
388365.500 130509.500 -10.803
388365.500 130510.500 -10.792
388365.500 130511.500 -10.803
388365.500 130512.500 -10.812
388365.500 130513.500 -10.818
388365.500 130514.500 -10.838
388365.500 130515.500 -10.860
388365.500 130516.500 -10.862
388365.500 130517.500 -10.893
388365.500 130518.500 -10.890
388365.500 130519.500 -10.893
388365.500 130520.500 -10.885
388365.500 130521.500 -10.885
388365.500 130522.500 -10.885
388365.500 130523.500 -10.880
388365.500 130524.500 -10.875
388365.500 130525.500 -10.875
388365.500 130526.500 -10.887
388365.500 130527.500 -10.910
388365.500 130528.500 -10.928
388365.500 130529.500 -10.865
388365.500 130530.500 -10.820
388365.500 130531.500 -10.865
388365.500 130532.500 -10.900
388365.500 130533.500 -10.920
388365.500 130534.500 -10.960
388365.500 130535.500 -10.945
388365.500 130536.500 -10.902
388365.500 130537.500 -10.950
388365.500 130538.500 -11.050
388365.500 130539.500 -11.105
388365.500 130540.500 -11.068
388365.500 130541.500 -10.885
388365.500 130542.500 -10.905
388365.500 130543.500 -10.990
388365.500 130544.500 -10.938
388365.500 130545.500 -10.867
388365.500 130546.500 -10.830
388365.500 130547.500 -10.830
388365.500 130548.500 -10.992
388365.500 130549.500 -10.977
388365.500 130550.500 -11.020
388365.500 130551.500 -11.067
388365.500 130552.500 -11.060
388365.500 130553.500 -11.045
388365.500 130554.500 -11.098
388365.500 130555.500 -11.170
388365.500 130556.500 -11.205
388365.500 130557.500 -11.200
388365.500 130558.500 -11.168
388365.500 130559.500 -11.165
388365.500 130560.500 -11.165
388365.500 130561.500 -11.122
388365.500 130562.500 -11.030
388365.500 130563.500 -11.047
388365.500 130564.500 -11.053
388365.500 130565.500 -11.075
388365.500 130566.500 -11.107
388365.500 130567.500 -11.205
388365.500 130568.500 -11.190
388365.500 130569.500 -11.222
388365.500 130570.500 -11.297
388365.500 130571.500 -11.315
388365.500 130572.500 -11.320
388365.500 130573.500 -11.340
388365.500 130574.500 -11.333
388365.500 130575.500 -11.282
388365.500 130576.500 -11.295
388365.500 130577.500 -11.302
388365.500 130578.500 -11.310
388365.500 130579.500 -11.345
388365.500 130580.500 -11.365
388365.500 130581.500 -11.388
388365.500 130582.500 -11.420
388365.500 130583.500 -11.452
388365.500 130584.500 -11.493
388365.500 130585.500 -11.522
388365.500 130586.500 -11.555
388365.500 130587.500 -11.600
388365.500 130588.500 -11.643
388365.500 130589.500 -11.692
388365.500 130590.500 -11.725
388365.500 130591.500 -11.762
388366.500 130503.500 -10.835
388366.500 130504.500 -10.855
388366.500 130505.500 -10.852
388366.500 130506.500 -10.857
388366.500 130507.500 -10.850
388366.500 130508.500 -10.817
388366.500 130509.500 -10.820
388366.500 130510.500 -10.820
388366.500 130511.500 -10.838
388366.500 130512.500 -10.832
388366.500 130513.500 -10.840
388366.500 130514.500 -10.862
388366.500 130515.500 -10.860
388366.500 130516.500 -10.865
388366.500 130517.500 -10.918
388366.500 130518.500 -10.912
388366.500 130519.500 -10.908
388366.500 130520.500 -10.908
388366.500 130521.500 -10.890
388366.500 130522.500 -10.887
388366.500 130523.500 -10.877
388366.500 130524.500 -10.877
388366.500 130525.500 -10.862
388366.500 130526.500 -10.882
388366.500 130527.500 -10.908
388366.500 130528.500 -10.893
388366.500 130529.500 -10.838
388366.500 130530.500 -10.817
388366.500 130531.500 -10.885
388366.500 130532.500 -10.917
388366.500 130533.500 -10.885
388366.500 130534.500 -10.830
388366.500 130535.500 -10.855
388366.500 130536.500 -10.915
388366.500 130537.500 -10.982
388366.500 130538.500 -11.010
388366.500 130539.500 -11.092
388366.500 130540.500 -11.080
388366.500 130541.500 -10.902
388366.500 130542.500 -10.925
388366.500 130543.500 -11.005
388366.500 130544.500 -10.940
388366.500 130545.500 -10.852
388366.500 130546.500 -10.785
388366.500 130547.500 -10.772
388366.500 130548.500 -10.810
388366.500 130549.500 -10.810
388366.500 130550.500 -10.850
388366.500 130551.500 -11.013
388366.500 130552.500 -11.020
388366.500 130553.500 -11.015
388366.500 130554.500 -11.083
388366.500 130555.500 -11.100
388366.500 130556.500 -11.143
388366.500 130557.500 -11.140
388366.500 130558.500 -11.107
388366.500 130559.500 -11.077
388366.500 130560.500 -10.995
388366.500 130561.500 -10.970
388366.500 130562.500 -10.967
388366.500 130563.500 -11.005
388366.500 130564.500 -11.018
388366.500 130565.500 -11.040
388366.500 130566.500 -11.150
388366.500 130567.500 -11.205
388366.500 130568.500 -11.220
388366.500 130569.500 -11.268
388366.500 130570.500 -11.317
388366.500 130571.500 -11.290
388366.500 130572.500 -11.290
388366.500 130573.500 -11.310
388366.500 130574.500 -11.320
388366.500 130575.500 -11.305
388366.500 130576.500 -11.303
388366.500 130577.500 -11.300
388366.500 130578.500 -11.315
388366.500 130579.500 -11.335
388366.500 130580.500 -11.362
388366.500 130581.500 -11.390
388366.500 130582.500 -11.410
388366.500 130583.500 -11.452
388366.500 130584.500 -11.505
388366.500 130585.500 -11.535
388366.500 130586.500 -11.555
388366.500 130587.500 -11.582
388366.500 130588.500 -11.638
388366.500 130589.500 -11.687
388366.500 130590.500 -11.725
388366.500 130591.500 -11.777
388367.500 130592.500 -11.800
388367.500 130593.500 -11.825
388367.500 130594.500 -11.865
388367.500 130595.500 -11.890
388367.500 130596.500 -11.897
388367.500 130597.500 -11.920
388367.500 130598.500 -11.938
388367.500 130599.500 -11.957
388367.500 130600.500 -12.070
388367.500 130601.500 -12.070
388367.500 130602.500 -12.098
388367.500 130603.500 -12.088
388367.500 130604.500 -12.078
388367.500 130605.500 -12.078
388367.500 130606.500 -12.070
388367.500 130607.500 -12.075
388367.500 130608.500 -12.090
388367.500 130609.500 -12.090
388367.500 130610.500 -12.120
388367.500 130611.500 -12.125
388367.500 130612.500 -12.160
388367.500 130613.500 -12.182
388367.500 130614.500 -12.187
388367.500 130615.500 -12.205
388367.500 130616.500 -12.202
388367.500 130617.500 -12.225
388367.500 130618.500 -12.242
388367.500 130619.500 -12.238
388368.500 130592.500 -11.797
388368.500 130593.500 -11.825
388368.500 130594.500 -11.862
388368.500 130595.500 -11.882
388368.500 130596.500 -11.895
388368.500 130597.500 -11.920
388368.500 130598.500 -11.935
388368.500 130599.500 -11.960
388368.500 130600.500 -12.077
388368.500 130601.500 -12.088
388368.500 130602.500 -12.100
388368.500 130603.500 -12.112
388368.500 130604.500 -12.075
388368.500 130605.500 -12.045
388368.500 130606.500 -12.055
388368.500 130607.500 -12.075
388368.500 130608.500 -12.083
388368.500 130609.500 -12.093
388368.500 130610.500 -12.090
388368.500 130611.500 -12.117
388368.500 130612.500 -12.155
388368.500 130613.500 -12.170
388368.500 130614.500 -12.165
388368.500 130615.500 -12.193
388368.500 130616.500 -12.207
388368.500 130617.500 -12.238
388368.500 130618.500 -12.245
388368.500 130619.500 -12.233
388368.500 130620.500 -12.238
388368.500 130621.500 -12.252
388369.500 130592.500 -11.797
388369.500 130593.500 -11.833
388369.500 130594.500 -11.857
388369.500 130595.500 -11.880
388369.500 130596.500 -11.897
388369.500 130597.500 -11.908
388369.500 130598.500 -11.935
388369.500 130599.500 -11.962
388369.500 130600.500 -11.993
388369.500 130601.500 -12.053
388369.500 130602.500 -12.075
388369.500 130603.500 -12.078
388369.500 130604.500 -12.070
388369.500 130605.500 -12.080
388369.500 130606.500 -12.075
388369.500 130607.500 -12.085
388369.500 130608.500 -12.085
388369.500 130609.500 -12.093
388369.500 130610.500 -12.082
388369.500 130611.500 -12.102
388369.500 130612.500 -12.157
388369.500 130613.500 -12.158
388369.500 130614.500 -12.145
388369.500 130615.500 -12.175
388369.500 130616.500 -12.197
388369.500 130617.500 -12.212
388369.500 130618.500 -12.217
388369.500 130619.500 -12.223
388369.500 130620.500 -12.228
388369.500 130621.500 -12.230
388369.500 130622.500 -12.240
388370.500 130592.500 -11.785
388370.500 130593.500 -11.815
388370.500 130594.500 -11.857
388370.500 130595.500 -11.880
388370.500 130596.500 -11.905
388370.500 130597.500 -11.920
388370.500 130598.500 -11.942
388370.500 130599.500 -11.955
388370.500 130600.500 -11.988
388370.500 130601.500 -12.002
388370.500 130602.500 -12.020
388370.500 130603.500 -12.050
388370.500 130604.500 -12.062
388370.500 130605.500 -12.083
388370.500 130606.500 -12.070
388370.500 130607.500 -12.072
388370.500 130608.500 -12.100
388370.500 130609.500 -12.113
388370.500 130610.500 -12.107
388370.500 130611.500 -12.105
388370.500 130612.500 -12.145
388370.500 130613.500 -12.137
388370.500 130614.500 -12.140
388370.500 130615.500 -12.170
388370.500 130616.500 -12.185
388370.500 130617.500 -12.197
388370.500 130618.500 -12.197
388370.500 130619.500 -12.207
388370.500 130620.500 -12.217
388370.500 130621.500 -12.212
388370.500 130622.500 -12.228
388370.500 130623.500 -12.252
388370.500 130624.500 -12.263
388371.500 130592.500 -11.775
388371.500 130593.500 -11.807
388371.500 130594.500 -11.848
388371.500 130595.500 -11.875
388371.500 130596.500 -11.905
388371.500 130597.500 -11.935
388371.500 130598.500 -11.945
388371.500 130599.500 -11.962
388371.500 130600.500 -11.982
388371.500 130601.500 -12.005
388371.500 130602.500 -12.022
388371.500 130603.500 -12.033
388371.500 130604.500 -12.070
388371.500 130605.500 -12.085
388371.500 130606.500 -12.077
388371.500 130607.500 -12.050
388371.500 130608.500 -12.070
388371.500 130609.500 -12.090
388371.500 130610.500 -12.102
388371.500 130611.500 -12.117
388371.500 130612.500 -12.127
388371.500 130613.500 -12.158
388371.500 130614.500 -12.165
388371.500 130615.500 -12.172
388371.500 130616.500 -12.193
388371.500 130617.500 -12.193
388371.500 130618.500 -12.197
388371.500 130619.500 -12.197
388371.500 130620.500 -12.197
388371.500 130621.500 -12.193
388371.500 130622.500 -12.220
388371.500 130623.500 -12.237
388371.500 130624.500 -12.260
388371.500 130625.500 -12.263
388371.500 130626.500 -12.265
388372.500 130592.500 -11.763
388372.500 130593.500 -11.792
388372.500 130594.500 -11.845
388372.500 130595.500 -11.873
388372.500 130596.500 -11.902
388372.500 130597.500 -11.932
388372.500 130598.500 -11.947
388372.500 130599.500 -11.960
388372.500 130600.500 -11.977
388372.500 130601.500 -11.992
388372.500 130602.500 -12.020
388372.500 130603.500 -12.032
388372.500 130604.500 -12.053
388372.500 130605.500 -12.070
388372.500 130606.500 -12.060
388372.500 130607.500 -12.040
388372.500 130608.500 -12.062
388372.500 130609.500 -12.075
388372.500 130610.500 -12.098
388372.500 130611.500 -12.117
388372.500 130612.500 -12.120
388372.500 130613.500 -12.133
388372.500 130614.500 -12.170
388372.500 130615.500 -12.215
388372.500 130616.500 -12.192
388372.500 130617.500 -12.195
388372.500 130618.500 -12.185
388372.500 130619.500 -12.172
388372.500 130620.500 -12.155
388372.500 130621.500 -12.172
388372.500 130622.500 -12.195
388372.500 130623.500 -12.220
388372.500 130624.500 -12.225
388372.500 130625.500 -12.225
388372.500 130626.500 -12.232
388372.500 130627.500 -12.257
388373.500 130592.500 -11.745
388373.500 130593.500 -11.780
388373.500 130594.500 -11.822
388373.500 130595.500 -11.853
388373.500 130596.500 -11.890
388373.500 130597.500 -11.920
388373.500 130598.500 -11.935
388373.500 130599.500 -11.953
388373.500 130600.500 -11.962
388373.500 130601.500 -11.980
388373.500 130602.500 -11.998
388373.500 130603.500 -12.025
388373.500 130604.500 -12.050
388373.500 130605.500 -12.062
388373.500 130606.500 -12.053
388373.500 130607.500 -12.030
388373.500 130608.500 -12.032
388373.500 130609.500 -12.060
388373.500 130610.500 -12.092
388373.500 130611.500 -12.117
388373.500 130612.500 -12.125
388373.500 130613.500 -12.120
388373.500 130614.500 -12.125
388373.500 130615.500 -12.162
388373.500 130616.500 -12.148
388373.500 130617.500 -12.158
388373.500 130618.500 -12.162
388373.500 130619.500 -12.147
388373.500 130620.500 -12.138
388373.500 130621.500 -12.155
388373.500 130622.500 -12.172
388373.500 130623.500 -12.197
388373.500 130624.500 -12.210
388373.500 130625.500 -12.205
388373.500 130626.500 -12.210
388373.500 130627.500 -12.255
388373.500 130628.500 -12.282
388373.500 130629.500 -12.285
388374.500 130592.500 -11.725
388374.500 130593.500 -11.763
388374.500 130594.500 -11.803
388374.500 130595.500 -11.848
388374.500 130596.500 -11.870
388374.500 130597.500 -11.905
388374.500 130598.500 -11.922
388374.500 130599.500 -11.935
388374.500 130600.500 -11.950
388374.500 130601.500 -11.965
388374.500 130602.500 -11.988
388374.500 130603.500 -12.002
388374.500 130604.500 -12.032
388374.500 130605.500 -12.037
388374.500 130606.500 -12.045
388374.500 130607.500 -12.030
388374.500 130608.500 -12.010
388374.500 130609.500 -12.047
388374.500 130610.500 -12.075
388374.500 130611.500 -12.107
388374.500 130612.500 -12.115
388374.500 130613.500 -12.098
388374.500 130614.500 -12.110
388374.500 130615.500 -12.102
388374.500 130616.500 -12.112
388374.500 130617.500 -12.115
388374.500 130618.500 -12.122
388374.500 130619.500 -12.123
388374.500 130620.500 -12.158
388374.500 130621.500 -12.148
388374.500 130622.500 -12.160
388374.500 130623.500 -12.170
388374.500 130624.500 -12.197
388374.500 130625.500 -12.202
388374.500 130626.500 -12.210
388374.500 130627.500 -12.262
388374.500 130628.500 -12.277
388374.500 130629.500 -12.277
388374.500 130630.500 -12.298
388375.500 130592.500 -11.725
388375.500 130593.500 -11.755
388375.500 130594.500 -11.795
388375.500 130595.500 -11.827
388375.500 130596.500 -11.865
388375.500 130597.500 -11.892
388375.500 130598.500 -11.910
388375.500 130599.500 -11.912
388375.500 130600.500 -11.927
388375.500 130601.500 -11.940
388375.500 130602.500 -11.963
388375.500 130603.500 -11.990
388375.500 130604.500 -12.015
388375.500 130605.500 -12.005
388375.500 130606.500 -12.018
388375.500 130607.500 -12.020
388375.500 130608.500 -12.010
388375.500 130609.500 -12.030
388375.500 130610.500 -12.055
388375.500 130611.500 -12.085
388375.500 130612.500 -12.107
388375.500 130613.500 -12.080
388375.500 130614.500 -12.078
388375.500 130615.500 -12.085
388375.500 130616.500 -12.090
388375.500 130617.500 -12.085
388375.500 130618.500 -12.073
388375.500 130619.500 -12.113
388375.500 130620.500 -12.140
388375.500 130621.500 -12.140
388375.500 130622.500 -12.135
388375.500 130623.500 -12.145
388375.500 130624.500 -12.170
388375.500 130625.500 -12.193
388375.500 130626.500 -12.210
388375.500 130627.500 -12.255
388375.500 130628.500 -12.268
388375.500 130629.500 -12.270
388375.500 130630.500 -12.285
388375.500 130631.500 -12.285
388375.500 130632.500 -12.292
388376.500 130592.500 -11.710
388376.500 130593.500 -11.742
388376.500 130594.500 -11.775
388376.500 130595.500 -11.810
388376.500 130596.500 -11.830
388376.500 130597.500 -11.862
388376.500 130598.500 -11.895
388376.500 130599.500 -11.920
388376.500 130600.500 -11.930
388376.500 130601.500 -11.932
388376.500 130602.500 -11.945
388376.500 130603.500 -11.970
388376.500 130604.500 -11.998
388376.500 130605.500 -12.002
388376.500 130606.500 -12.005
388376.500 130607.500 -11.997
388376.500 130608.500 -11.997
388376.500 130609.500 -12.018
388376.500 130610.500 -12.053
388376.500 130611.500 -12.090
388376.500 130612.500 -12.098
388376.500 130613.500 -12.070
388376.500 130614.500 -12.053
388376.500 130615.500 -12.068
388376.500 130616.500 -12.088
388376.500 130617.500 -12.065
388376.500 130618.500 -12.062
388376.500 130619.500 -12.065
388376.500 130620.500 -12.112
388376.500 130621.500 -12.127
388376.500 130622.500 -12.112
388376.500 130623.500 -12.120
388376.500 130624.500 -12.155
388376.500 130625.500 -12.185
388376.500 130626.500 -12.202
388376.500 130627.500 -12.222
388376.500 130628.500 -12.250
388376.500 130629.500 -12.270
388376.500 130630.500 -12.258
388376.500 130631.500 -12.263
388376.500 130632.500 -12.268
388376.500 130633.500 -12.270
388376.500 130634.500 -12.242
388377.500 130592.500 -11.682
388377.500 130593.500 -11.725
388377.500 130594.500 -11.763
388377.500 130595.500 -11.790
388377.500 130596.500 -11.810
388377.500 130597.500 -11.822
388377.500 130598.500 -11.862
388377.500 130599.500 -11.912
388377.500 130600.500 -11.935
388377.500 130601.500 -11.943
388377.500 130602.500 -11.955
388377.500 130603.500 -11.960
388377.500 130604.500 -11.965
388377.500 130605.500 -11.980
388377.500 130606.500 -11.983
388377.500 130607.500 -11.995
388377.500 130608.500 -11.995
388377.500 130609.500 -12.027
388377.500 130610.500 -12.062
388377.500 130611.500 -12.095
388377.500 130612.500 -12.105
388377.500 130613.500 -12.072
388377.500 130614.500 -12.053
388377.500 130615.500 -12.070
388377.500 130616.500 -12.080
388377.500 130617.500 -12.067
388377.500 130618.500 -12.098
388377.500 130619.500 -12.075
388377.500 130620.500 -12.088
388377.500 130621.500 -12.088
388377.500 130622.500 -12.090
388377.500 130623.500 -12.105
388377.500 130624.500 -12.145
388377.500 130625.500 -12.157
388377.500 130626.500 -12.187
388377.500 130627.500 -12.210
388377.500 130628.500 -12.242
388377.500 130629.500 -12.242
388377.500 130630.500 -12.225
388377.500 130631.500 -12.235
388377.500 130632.500 -12.248
388377.500 130633.500 -12.245
388377.500 130634.500 -12.228
388377.500 130635.500 -12.217
388378.500 130592.500 -11.665
388378.500 130593.500 -11.710
388378.500 130594.500 -11.738
388378.500 130595.500 -11.768
388378.500 130596.500 -11.775
388378.500 130597.500 -11.795
388378.500 130598.500 -11.845
388378.500 130599.500 -11.885
388378.500 130600.500 -11.918
388378.500 130601.500 -11.940
388378.500 130602.500 -11.950
388378.500 130603.500 -11.950
388378.500 130604.500 -11.957
388378.500 130605.500 -11.967
388378.500 130606.500 -11.985
388378.500 130607.500 -12.008
388378.500 130608.500 -12.007
388378.500 130609.500 -12.032
388378.500 130610.500 -12.068
388378.500 130611.500 -12.067
388378.500 130612.500 -12.090
388378.500 130613.500 -12.107
388378.500 130614.500 -12.090
388378.500 130615.500 -12.058
388378.500 130616.500 -12.067
388378.500 130617.500 -12.067
388378.500 130618.500 -12.132
388378.500 130619.500 -12.102
388378.500 130620.500 -12.070
388378.500 130621.500 -12.068
388378.500 130622.500 -12.085
388378.500 130623.500 -12.100
388378.500 130624.500 -12.095
388378.500 130625.500 -12.127
388378.500 130626.500 -12.138
388378.500 130627.500 -12.182
388378.500 130628.500 -12.220
388378.500 130629.500 -12.213
388378.500 130630.500 -12.188
388378.500 130631.500 -12.192
388378.500 130632.500 -12.210
388378.500 130633.500 -12.215
388378.500 130634.500 -12.197
388378.500 130635.500 -12.195
388378.500 130636.500 -12.195
388378.500 130637.500 -12.192
388379.500 130592.500 -11.650
388379.500 130593.500 -11.693
388379.500 130594.500 -11.730
388379.500 130595.500 -11.748
388379.500 130596.500 -11.763
388379.500 130597.500 -11.787
388379.500 130598.500 -11.820
388379.500 130599.500 -11.862
388379.500 130600.500 -11.897
388379.500 130601.500 -11.922
388379.500 130602.500 -11.952
388379.500 130603.500 -11.960
388379.500 130604.500 -11.955
388379.500 130605.500 -11.965
388379.500 130606.500 -11.990
388379.500 130607.500 -11.995
388379.500 130608.500 -11.997
388379.500 130609.500 -12.025
388379.500 130610.500 -12.048
388379.500 130611.500 -12.058
388379.500 130612.500 -12.078
388379.500 130613.500 -12.100
388379.500 130614.500 -12.088
388379.500 130615.500 -12.080
388379.500 130616.500 -12.062
388379.500 130617.500 -12.047
388379.500 130618.500 -12.062
388379.500 130619.500 -12.120
388379.500 130620.500 -12.045
388379.500 130621.500 -12.045
388379.500 130622.500 -12.062
388379.500 130623.500 -12.092
388379.500 130624.500 -12.098
388379.500 130625.500 -12.135
388379.500 130626.500 -12.117
388379.500 130627.500 -12.165
388379.500 130628.500 -12.167
388379.500 130629.500 -12.155
388379.500 130630.500 -12.143
388379.500 130631.500 -12.162
388379.500 130632.500 -12.175
388379.500 130633.500 -12.183
388379.500 130634.500 -12.170
388379.500 130635.500 -12.172
388379.500 130636.500 -12.172
388379.500 130637.500 -12.172
388379.500 130638.500 -12.165
388379.500 130639.500 -12.145
388380.500 130592.500 -11.630
388380.500 130593.500 -11.670
388380.500 130594.500 -11.705
388380.500 130595.500 -11.730
388380.500 130596.500 -11.740
388380.500 130597.500 -11.770
388380.500 130598.500 -11.803
388380.500 130599.500 -11.838
388380.500 130600.500 -11.875
388380.500 130601.500 -11.910
388380.500 130602.500 -11.935
388380.500 130603.500 -11.953
388380.500 130604.500 -11.957
388380.500 130605.500 -11.972
388380.500 130606.500 -11.975
388380.500 130607.500 -11.992
388380.500 130608.500 -12.000
388380.500 130609.500 -12.015
388380.500 130610.500 -12.020
388380.500 130611.500 -12.045
388380.500 130612.500 -12.060
388380.500 130613.500 -12.078
388380.500 130614.500 -12.070
388380.500 130615.500 -12.065
388380.500 130616.500 -12.073
388380.500 130617.500 -12.070
388380.500 130618.500 -12.010
388380.500 130619.500 -12.012
388380.500 130620.500 -12.000
388380.500 130621.500 -11.985
388380.500 130622.500 -12.022
388380.500 130623.500 -12.055
388380.500 130624.500 -12.083
388380.500 130625.500 -12.105
388380.500 130626.500 -12.098
388380.500 130627.500 -12.117
388380.500 130628.500 -12.107
388380.500 130629.500 -12.110
388380.500 130630.500 -12.115
388380.500 130631.500 -12.112
388380.500 130632.500 -12.127
388380.500 130633.500 -12.150
388380.500 130634.500 -12.140
388380.500 130635.500 -12.143
388380.500 130636.500 -12.143
388380.500 130637.500 -12.137
388380.500 130638.500 -12.148
388380.500 130639.500 -12.132
388380.500 130640.500 -12.102
388381.500 130592.500 -11.610
388381.500 130593.500 -11.643
388381.500 130594.500 -11.678
388381.500 130595.500 -11.705
388381.500 130596.500 -11.720
388381.500 130597.500 -11.740
388381.500 130598.500 -11.770
388381.500 130599.500 -11.805
388381.500 130600.500 -11.850
388381.500 130601.500 -11.897
388381.500 130602.500 -11.922
388381.500 130603.500 -11.943
388381.500 130604.500 -11.937
388381.500 130605.500 -11.950
388381.500 130606.500 -11.980
388381.500 130607.500 -11.985
388381.500 130608.500 -11.995
388381.500 130609.500 -12.007
388381.500 130610.500 -12.010
388381.500 130611.500 -12.025
388381.500 130612.500 -12.032
388381.500 130613.500 -12.037
388381.500 130614.500 -12.030
388381.500 130615.500 -12.047
388381.500 130616.500 -12.053
388381.500 130617.500 -12.053
388381.500 130618.500 -12.030
388381.500 130619.500 -11.990
388381.500 130620.500 -11.998
388381.500 130621.500 -12.042
388381.500 130622.500 -12.005
388381.500 130623.500 -12.012
388381.500 130624.500 -12.040
388381.500 130625.500 -12.057
388381.500 130626.500 -12.057
388381.500 130627.500 -12.042
388381.500 130628.500 -12.037
388381.500 130629.500 -12.060
388381.500 130630.500 -12.080
388381.500 130631.500 -12.085
388381.500 130632.500 -12.092
388381.500 130633.500 -12.132
388381.500 130634.500 -12.133
388381.500 130635.500 -12.132
388381.500 130636.500 -12.130
388381.500 130637.500 -12.123
388381.500 130638.500 -12.127
388381.500 130639.500 -12.107
388381.500 130640.500 -12.070
388381.500 130641.500 -12.058
388381.500 130642.500 -12.057
388382.500 130592.500 -11.595
388382.500 130593.500 -11.620
388382.500 130594.500 -11.650
388382.500 130595.500 -11.693
388382.500 130596.500 -11.702
388382.500 130597.500 -11.723
388382.500 130598.500 -11.760
388382.500 130599.500 -11.790
388382.500 130600.500 -11.830
388382.500 130601.500 -11.877
388382.500 130602.500 -11.895
388382.500 130603.500 -11.915
388382.500 130604.500 -11.922
388382.500 130605.500 -11.932
388382.500 130606.500 -11.960
388382.500 130607.500 -11.962
388382.500 130608.500 -11.985
388382.500 130609.500 -11.997
388382.500 130610.500 -11.992
388382.500 130611.500 -12.002
388382.500 130612.500 -12.002
388382.500 130613.500 -12.013
388382.500 130614.500 -12.018
388382.500 130615.500 -12.035
388382.500 130616.500 -12.012
388382.500 130617.500 -12.012
388382.500 130618.500 -12.013
388382.500 130619.500 -12.027
388382.500 130620.500 -12.060
388382.500 130621.500 -12.035
388382.500 130622.500 -11.995
388382.500 130623.500 -11.967
388382.500 130624.500 -11.982
388382.500 130625.500 -12.022
388382.500 130626.500 -12.012
388382.500 130627.500 -11.995
388382.500 130628.500 -11.982
388382.500 130629.500 -12.008
388382.500 130630.500 -12.022
388382.500 130631.500 -12.040
388382.500 130632.500 -12.068
388382.500 130633.500 -12.088
388382.500 130634.500 -12.112
388382.500 130635.500 -12.122
388382.500 130636.500 -12.115
388382.500 130637.500 -12.102
388382.500 130638.500 -12.098
388382.500 130639.500 -12.097
388382.500 130640.500 -12.053
388382.500 130641.500 -12.050
388382.500 130642.500 -12.050
388382.500 130643.500 -12.015
388383.500 130592.500 -11.575
388383.500 130593.500 -11.615
388383.500 130594.500 -11.645
388383.500 130595.500 -11.670
388383.500 130596.500 -11.697
388383.500 130597.500 -11.735
388383.500 130598.500 -11.763
388383.500 130599.500 -11.777
388383.500 130600.500 -11.810
388383.500 130601.500 -11.847
388383.500 130602.500 -11.870
388383.500 130603.500 -11.895
388383.500 130604.500 -11.903
388383.500 130605.500 -11.912
388383.500 130606.500 -11.935
388383.500 130607.500 -11.938
388383.500 130608.500 -11.957
388383.500 130609.500 -11.973
388383.500 130610.500 -11.985
388383.500 130611.500 -11.975
388383.500 130612.500 -11.967
388383.500 130613.500 -11.977
388383.500 130614.500 -11.995
388383.500 130615.500 -12.002
388383.500 130616.500 -11.970
388383.500 130617.500 -11.955
388383.500 130618.500 -11.947
388383.500 130619.500 -11.975
388383.500 130620.500 -12.027
388383.500 130621.500 -12.030
388383.500 130622.500 -11.982
388383.500 130623.500 -11.950
388383.500 130624.500 -11.973
388383.500 130625.500 -12.000
388383.500 130626.500 -11.987
388383.500 130627.500 -11.955
388383.500 130628.500 -11.950
388383.500 130629.500 -11.957
388383.500 130630.500 -11.980
388383.500 130631.500 -11.998
388383.500 130632.500 -12.027
388383.500 130633.500 -12.055
388383.500 130634.500 -12.080
388383.500 130635.500 -12.093
388383.500 130636.500 -12.090
388383.500 130637.500 -12.085
388383.500 130638.500 -12.085
388383.500 130639.500 -12.083
388383.500 130640.500 -12.062
388383.500 130641.500 -12.053
388383.500 130642.500 -12.042
388383.500 130643.500 -12.018
388383.500 130644.500 -11.985
388383.500 130645.500 -11.955
388384.500 130592.500 -11.547
388384.500 130593.500 -11.597
388384.500 130594.500 -11.630
388384.500 130595.500 -11.660
388384.500 130596.500 -11.690
388384.500 130597.500 -11.712
388384.500 130598.500 -11.740
388384.500 130599.500 -11.765
388384.500 130600.500 -11.785
388384.500 130601.500 -11.800
388384.500 130602.500 -11.835
388384.500 130603.500 -11.857
388384.500 130604.500 -11.880
388384.500 130605.500 -11.885
388384.500 130606.500 -11.900
388384.500 130607.500 -11.912
388384.500 130608.500 -11.920
388384.500 130609.500 -11.935
388384.500 130610.500 -11.950
388384.500 130611.500 -11.947
388384.500 130612.500 -11.940
388384.500 130613.500 -11.942
388384.500 130614.500 -11.943
388384.500 130615.500 -11.973
388384.500 130616.500 -11.940
388384.500 130617.500 -11.920
388384.500 130618.500 -11.915
388384.500 130619.500 -11.910
388384.500 130620.500 -11.947
388384.500 130621.500 -11.998
388384.500 130622.500 -12.003
388384.500 130623.500 -12.000
388384.500 130624.500 -11.978
388384.500 130625.500 -11.990
388384.500 130626.500 -11.973
388384.500 130627.500 -11.935
388384.500 130628.500 -11.918
388384.500 130629.500 -11.933
388384.500 130630.500 -11.945
388384.500 130631.500 -11.967
388384.500 130632.500 -11.985
388384.500 130633.500 -12.013
388384.500 130634.500 -12.057
388384.500 130635.500 -12.075
388384.500 130636.500 -12.083
388384.500 130637.500 -12.077
388384.500 130638.500 -12.085
388384.500 130639.500 -12.085
388384.500 130640.500 -12.080
388384.500 130641.500 -12.050
388384.500 130642.500 -12.027
388384.500 130643.500 -12.025
388384.500 130644.500 -11.995
388384.500 130645.500 -11.972
388384.500 130646.500 -11.967
388384.500 130647.500 -11.975
388385.500 130592.500 -11.527
388385.500 130593.500 -11.577
388385.500 130594.500 -11.612
388385.500 130595.500 -11.645
388385.500 130596.500 -11.675
388385.500 130597.500 -11.700
388385.500 130598.500 -11.730
388385.500 130599.500 -11.745
388385.500 130600.500 -11.752
388385.500 130601.500 -11.765
388385.500 130602.500 -11.807
388385.500 130603.500 -11.830
388385.500 130604.500 -11.848
388385.500 130605.500 -11.850
388385.500 130606.500 -11.867
388385.500 130607.500 -11.887
388385.500 130608.500 -11.897
388385.500 130609.500 -11.910
388385.500 130610.500 -11.910
388385.500 130611.500 -11.908
388385.500 130612.500 -11.905
388385.500 130613.500 -11.907
388385.500 130614.500 -11.908
388385.500 130615.500 -11.920
388385.500 130616.500 -11.912
388385.500 130617.500 -11.903
388385.500 130618.500 -11.887
388385.500 130619.500 -11.882
388385.500 130620.500 -11.912
388385.500 130621.500 -11.957
388385.500 130622.500 -11.965
388385.500 130623.500 -11.970
388385.500 130624.500 -11.990
388385.500 130625.500 -11.980
388385.500 130626.500 -11.967
388385.500 130627.500 -11.940
388385.500 130628.500 -11.908
388385.500 130629.500 -11.895
388385.500 130630.500 -11.925
388385.500 130631.500 -11.930
388385.500 130632.500 -11.962
388385.500 130633.500 -12.005
388385.500 130634.500 -12.040
388385.500 130635.500 -12.068
388385.500 130636.500 -12.065
388385.500 130637.500 -12.080
388385.500 130638.500 -12.090
388385.500 130639.500 -12.082
388385.500 130640.500 -12.052
388385.500 130641.500 -12.022
388385.500 130642.500 -12.005
388385.500 130643.500 -12.020
388385.500 130644.500 -11.995
388385.500 130645.500 -11.982
388385.500 130646.500 -11.973
388385.500 130647.500 -11.990
388385.500 130648.500 -12.002
388386.500 130592.500 -11.495
388386.500 130593.500 -11.540
388386.500 130594.500 -11.580
388386.500 130595.500 -11.617
388386.500 130596.500 -11.645
388386.500 130597.500 -11.685
388386.500 130598.500 -11.715
388386.500 130599.500 -11.717
388386.500 130600.500 -11.720
388386.500 130601.500 -11.735
388386.500 130602.500 -11.775
388386.500 130603.500 -11.793
388386.500 130604.500 -11.810
388386.500 130605.500 -11.830
388386.500 130606.500 -11.827
388386.500 130607.500 -11.867
388386.500 130608.500 -11.880
388386.500 130609.500 -11.897
388386.500 130610.500 -11.885
388386.500 130611.500 -11.862
388386.500 130612.500 -11.860
388386.500 130613.500 -11.857
388386.500 130614.500 -11.862
388386.500 130615.500 -11.860
388386.500 130616.500 -11.862
388386.500 130617.500 -11.853
388386.500 130618.500 -11.853
388386.500 130619.500 -11.857
388386.500 130620.500 -11.897
388386.500 130621.500 -11.932
388386.500 130622.500 -11.953
388386.500 130623.500 -11.982
388386.500 130624.500 -12.000
388386.500 130625.500 -12.013
388386.500 130626.500 -11.970
388386.500 130627.500 -11.962
388386.500 130628.500 -11.938
388386.500 130629.500 -11.935
388386.500 130630.500 -11.945
388386.500 130631.500 -11.960
388386.500 130632.500 -11.987
388386.500 130633.500 -12.030
388386.500 130634.500 -12.055
388386.500 130635.500 -12.068
388386.500 130636.500 -12.065
388386.500 130637.500 -12.070
388386.500 130638.500 -12.045
388386.500 130639.500 -12.032
388386.500 130640.500 -12.018
388386.500 130641.500 -11.988
388386.500 130642.500 -11.988
388386.500 130643.500 -11.992
388386.500 130644.500 -11.990
388386.500 130645.500 -11.977
388386.500 130646.500 -11.965
388386.500 130647.500 -11.955
388386.500 130648.500 -11.977
388386.500 130649.500 -11.967
388386.500 130650.500 -11.992
388387.500 130592.500 -11.495
388387.500 130593.500 -11.520
388387.500 130594.500 -11.548
388387.500 130595.500 -11.590
388387.500 130596.500 -11.623
388387.500 130597.500 -11.653
388387.500 130598.500 -11.678
388387.500 130599.500 -11.690
388387.500 130600.500 -11.700
388387.500 130601.500 -11.720
388387.500 130602.500 -11.745
388387.500 130603.500 -11.752
388387.500 130604.500 -11.780
388387.500 130605.500 -11.790
388387.500 130606.500 -11.807
388387.500 130607.500 -11.848
388387.500 130608.500 -11.862
388387.500 130609.500 -11.875
388387.500 130610.500 -11.855
388387.500 130611.500 -11.832
388387.500 130612.500 -11.812
388387.500 130613.500 -11.815
388387.500 130614.500 -11.810
388387.500 130615.500 -11.820
388387.500 130616.500 -11.827
388387.500 130617.500 -11.797
388387.500 130618.500 -11.803
388387.500 130619.500 -11.820
388387.500 130620.500 -11.860
388387.500 130621.500 -11.902
388387.500 130622.500 -11.937
388387.500 130623.500 -11.970
388387.500 130624.500 -11.990
388387.500 130625.500 -12.022
388387.500 130626.500 -12.027
388387.500 130627.500 -12.020
388387.500 130628.500 -11.967
388387.500 130629.500 -11.970
388387.500 130630.500 -11.982
388387.500 130631.500 -11.998
388387.500 130632.500 -12.020
388387.500 130633.500 -12.045
388387.500 130634.500 -12.065
388387.500 130635.500 -12.060
388387.500 130636.500 -12.050
388387.500 130637.500 -12.037
388387.500 130638.500 -12.010
388387.500 130639.500 -12.000
388387.500 130640.500 -11.998
388387.500 130641.500 -11.960
388387.500 130642.500 -11.970
388387.500 130643.500 -11.970
388387.500 130644.500 -11.980
388387.500 130645.500 -11.970
388387.500 130646.500 -11.935
388387.500 130647.500 -11.935
388387.500 130648.500 -11.955
388387.500 130649.500 -11.933
388387.500 130650.500 -11.945
388387.500 130651.500 -11.972
388387.500 130652.500 -11.985
388388.500 130592.500 -11.475
388388.500 130593.500 -11.510
388388.500 130594.500 -11.545
388388.500 130595.500 -11.570
388388.500 130596.500 -11.590
388388.500 130597.500 -11.617
388388.500 130598.500 -11.660
388388.500 130599.500 -11.665
388388.500 130600.500 -11.682
388388.500 130601.500 -11.690
388388.500 130602.500 -11.710
388388.500 130603.500 -11.730
388388.500 130604.500 -11.760
388388.500 130605.500 -11.777
388388.500 130606.500 -11.782
388388.500 130607.500 -11.810
388388.500 130608.500 -11.840
388388.500 130609.500 -11.855
388388.500 130610.500 -11.840
388388.500 130611.500 -11.808
388388.500 130612.500 -11.810
388388.500 130613.500 -11.815
388388.500 130614.500 -11.772
388388.500 130615.500 -11.787
388388.500 130616.500 -11.803
388388.500 130617.500 -11.777
388388.500 130618.500 -11.787
388388.500 130619.500 -11.803
388388.500 130620.500 -11.815
388388.500 130621.500 -11.860
388388.500 130622.500 -11.908
388388.500 130623.500 -11.957
388388.500 130624.500 -11.995
388388.500 130625.500 -12.020
388388.500 130626.500 -12.030
388388.500 130627.500 -12.042
388388.500 130628.500 -12.037
388388.500 130629.500 -11.985
388388.500 130630.500 -11.988
388388.500 130631.500 -11.995
388388.500 130632.500 -12.018
388388.500 130633.500 -12.022
388388.500 130634.500 -12.030
388388.500 130635.500 -12.032
388388.500 130636.500 -12.032
388388.500 130637.500 -12.018
388388.500 130638.500 -12.005
388388.500 130639.500 -11.990
388388.500 130640.500 -11.985
388388.500 130641.500 -11.960
388388.500 130642.500 -11.945
388388.500 130643.500 -11.957
388388.500 130644.500 -11.965
388388.500 130645.500 -11.955
388388.500 130646.500 -11.925
388388.500 130647.500 -11.950
388388.500 130648.500 -11.953
388388.500 130649.500 -11.937
388388.500 130650.500 -11.922
388388.500 130651.500 -11.930
388388.500 130652.500 -11.945
388388.500 130653.500 -12.000
388389.500 130592.500 -11.452
388389.500 130593.500 -11.490
388389.500 130594.500 -11.527
388389.500 130595.500 -11.562
388389.500 130596.500 -11.583
388389.500 130597.500 -11.600
388389.500 130598.500 -11.617
388389.500 130599.500 -11.635
388389.500 130600.500 -11.652
388389.500 130601.500 -11.665
388389.500 130602.500 -11.697
388389.500 130603.500 -11.720
388389.500 130604.500 -11.743
388389.500 130605.500 -11.757
388389.500 130606.500 -11.750
388389.500 130607.500 -11.772
388389.500 130608.500 -11.803
388389.500 130609.500 -11.822
388389.500 130610.500 -11.822
388389.500 130611.500 -11.810
388389.500 130612.500 -11.817
388389.500 130613.500 -11.810
388389.500 130614.500 -11.760
388389.500 130615.500 -11.755
388389.500 130616.500 -11.785
388389.500 130617.500 -11.785
388389.500 130618.500 -11.775
388389.500 130619.500 -11.797
388389.500 130620.500 -11.812
388389.500 130621.500 -11.845
388389.500 130622.500 -11.885
388389.500 130623.500 -11.925
388389.500 130624.500 -11.970
388389.500 130625.500 -12.005
388389.500 130626.500 -12.020
388389.500 130627.500 -12.037
388389.500 130628.500 -12.040
388389.500 130629.500 -12.040
388389.500 130630.500 -12.050
388389.500 130631.500 -11.970
388389.500 130632.500 -11.977
388389.500 130633.500 -11.980
388389.500 130634.500 -11.988
388389.500 130635.500 -11.987
388389.500 130636.500 -11.990
388389.500 130637.500 -11.992
388389.500 130638.500 -11.992
388389.500 130639.500 -11.968
388389.500 130640.500 -11.957
388389.500 130641.500 -11.947
388389.500 130642.500 -11.932
388389.500 130643.500 -11.928
388389.500 130644.500 -11.922
388389.500 130645.500 -11.922
388389.500 130646.500 -11.927
388389.500 130647.500 -11.942
388389.500 130648.500 -11.950
388389.500 130649.500 -11.940
388389.500 130650.500 -11.932
388389.500 130651.500 -11.928
388389.500 130652.500 -11.947
388389.500 130653.500 -11.957
388389.500 130654.500 -11.960
388389.500 130655.500 -11.935
388390.500 130592.500 -11.428
388390.500 130593.500 -11.470
388390.500 130594.500 -11.518
388390.500 130595.500 -11.550
388390.500 130596.500 -11.578
388390.500 130597.500 -11.595
388390.500 130598.500 -11.615
388390.500 130599.500 -11.627
388390.500 130600.500 -11.635
388390.500 130601.500 -11.650
388390.500 130602.500 -11.680
388390.500 130603.500 -11.682
388390.500 130604.500 -11.725
388390.500 130605.500 -11.735
388390.500 130606.500 -11.750
388390.500 130607.500 -11.752
388390.500 130608.500 -11.780
388390.500 130609.500 -11.810
388390.500 130610.500 -11.820
388390.500 130611.500 -11.807
388390.500 130612.500 -11.807
388390.500 130613.500 -11.795
388390.500 130614.500 -11.775
388390.500 130615.500 -11.770
388390.500 130616.500 -11.787
388390.500 130617.500 -11.795
388390.500 130618.500 -11.782
388390.500 130619.500 -11.807
388390.500 130620.500 -11.845
388390.500 130621.500 -11.870
388390.500 130622.500 -11.900
388390.500 130623.500 -11.930
388390.500 130624.500 -11.970
388390.500 130625.500 -11.977
388390.500 130626.500 -12.013
388390.500 130627.500 -12.022
388390.500 130628.500 -12.012
388390.500 130629.500 -12.018
388390.500 130630.500 -12.055
388390.500 130631.500 -11.943
388390.500 130632.500 -11.947
388390.500 130633.500 -11.950
388390.500 130634.500 -11.945
388390.500 130635.500 -11.938
388390.500 130636.500 -11.953
388390.500 130637.500 -11.953
388390.500 130638.500 -11.945
388390.500 130639.500 -11.922
388390.500 130640.500 -11.922
388390.500 130641.500 -11.912
388390.500 130642.500 -11.895
388390.500 130643.500 -11.895
388390.500 130644.500 -11.897
388390.500 130645.500 -11.908
388390.500 130646.500 -11.922
388390.500 130647.500 -11.928
388390.500 130648.500 -11.932
388390.500 130649.500 -11.930
388390.500 130650.500 -11.925
388390.500 130651.500 -11.927
388390.500 130652.500 -11.945
388390.500 130653.500 -11.933
388390.500 130654.500 -11.920
388390.500 130655.500 -11.882
388390.500 130656.500 -11.862
388391.500 130592.500 -11.402
388391.500 130593.500 -11.457
388391.500 130594.500 -11.492
388391.500 130595.500 -11.527
388391.500 130596.500 -11.558
388391.500 130597.500 -11.570
388391.500 130598.500 -11.590
388391.500 130599.500 -11.615
388391.500 130600.500 -11.632
388391.500 130601.500 -11.652
388391.500 130602.500 -11.662
388391.500 130603.500 -11.678
388391.500 130604.500 -11.702
388391.500 130605.500 -11.712
388391.500 130606.500 -11.733
388391.500 130607.500 -11.750
388391.500 130608.500 -11.780
388391.500 130609.500 -11.800
388391.500 130610.500 -11.807
388391.500 130611.500 -11.800
388391.500 130612.500 -11.800
388391.500 130613.500 -11.790
388391.500 130614.500 -11.785
388391.500 130615.500 -11.787
388391.500 130616.500 -11.805
388391.500 130617.500 -11.802
388391.500 130618.500 -11.797
388391.500 130619.500 -11.817
388391.500 130620.500 -11.850
388391.500 130621.500 -11.870
388391.500 130622.500 -11.897
388391.500 130623.500 -11.922
388391.500 130624.500 -11.953
388391.500 130625.500 -11.957
388391.500 130626.500 -11.977
388391.500 130627.500 -11.973
388391.500 130628.500 -11.982
388391.500 130629.500 -11.990
388391.500 130630.500 -12.010
388391.500 130631.500 -11.910
388391.500 130632.500 -11.912
388391.500 130633.500 -11.915
388391.500 130634.500 -11.902
388391.500 130635.500 -11.908
388391.500 130636.500 -11.930
388391.500 130637.500 -11.923
388391.500 130638.500 -11.917
388391.500 130639.500 -11.908
388391.500 130640.500 -11.898
388391.500 130641.500 -11.890
388391.500 130642.500 -11.872
388391.500 130643.500 -11.877
388391.500 130644.500 -11.887
388391.500 130645.500 -11.893
388391.500 130646.500 -11.895
388391.500 130647.500 -11.880
388391.500 130648.500 -11.872
388391.500 130649.500 -11.875
388391.500 130650.500 -11.882
388391.500 130651.500 -11.905
388391.500 130652.500 -11.917
388391.500 130653.500 -11.893
388391.500 130654.500 -11.890
388391.500 130655.500 -11.850
388391.500 130656.500 -11.832
388391.500 130657.500 -11.842
388391.500 130658.500 -11.848
388392.500 130592.500 -11.377
388392.500 130593.500 -11.437
388392.500 130594.500 -11.485
388392.500 130595.500 -11.510
388392.500 130596.500 -11.535
388392.500 130597.500 -11.562
388392.500 130598.500 -11.578
388392.500 130599.500 -11.592
388392.500 130600.500 -11.612
388392.500 130601.500 -11.640
388392.500 130602.500 -11.653
388392.500 130603.500 -11.675
388392.500 130604.500 -11.668
388392.500 130605.500 -11.685
388392.500 130606.500 -11.705
388392.500 130607.500 -11.725
388392.500 130608.500 -11.770
388392.500 130609.500 -11.795
388392.500 130610.500 -11.812
388392.500 130611.500 -11.812
388392.500 130612.500 -11.805
388392.500 130613.500 -11.790
388392.500 130614.500 -11.792
388392.500 130615.500 -11.798
388392.500 130616.500 -11.818
388392.500 130617.500 -11.820
388392.500 130618.500 -11.808
388392.500 130619.500 -11.820
388392.500 130620.500 -11.843
388392.500 130621.500 -11.857
388392.500 130622.500 -11.880
388392.500 130623.500 -11.900
388392.500 130624.500 -11.928
388392.500 130625.500 -11.927
388392.500 130626.500 -11.935
388392.500 130627.500 -11.928
388392.500 130628.500 -11.940
388392.500 130629.500 -11.962
388392.500 130630.500 -12.010
388392.500 130631.500 -11.870
388392.500 130632.500 -11.862
388392.500 130633.500 -11.872
388392.500 130634.500 -11.875
388392.500 130635.500 -11.872
388392.500 130636.500 -11.875
388392.500 130637.500 -11.870
388392.500 130638.500 -11.870
388392.500 130639.500 -11.870
388392.500 130640.500 -11.848
388392.500 130641.500 -11.848
388392.500 130642.500 -11.840
388392.500 130643.500 -11.843
388392.500 130644.500 -11.857
388392.500 130645.500 -11.860
388392.500 130646.500 -11.852
388392.500 130647.500 -11.838
388392.500 130648.500 -11.855
388392.500 130649.500 -11.867
388392.500 130650.500 -11.865
388392.500 130651.500 -11.875
388392.500 130652.500 -11.890
388392.500 130653.500 -11.873
388392.500 130654.500 -11.845
388392.500 130655.500 -11.825
388392.500 130656.500 -11.800
388392.500 130657.500 -11.812
388392.500 130658.500 -11.833
388392.500 130659.500 -11.852
388392.500 130660.500 -11.900
388393.500 130592.500 -11.357
388393.500 130593.500 -11.402
388393.500 130594.500 -11.452
388393.500 130595.500 -11.475
388393.500 130596.500 -11.510
388393.500 130597.500 -11.537
388393.500 130598.500 -11.557
388393.500 130599.500 -11.590
388393.500 130600.500 -11.595
388393.500 130601.500 -11.615
388393.500 130602.500 -11.632
388393.500 130603.500 -11.652
388393.500 130604.500 -11.660
388393.500 130605.500 -11.675
388393.500 130606.500 -11.697
388393.500 130607.500 -11.725
388393.500 130608.500 -11.752
388393.500 130609.500 -11.780
388393.500 130610.500 -11.805
388393.500 130611.500 -11.812
388393.500 130612.500 -11.815
388393.500 130613.500 -11.810
388393.500 130614.500 -11.805
388393.500 130615.500 -11.792
388393.500 130616.500 -11.798
388393.500 130617.500 -11.810
388393.500 130618.500 -11.828
388393.500 130619.500 -11.835
388393.500 130620.500 -11.832
388393.500 130621.500 -11.877
388393.500 130622.500 -11.887
388393.500 130623.500 -11.895
388393.500 130624.500 -11.908
388393.500 130625.500 -11.900
388393.500 130626.500 -11.895
388393.500 130627.500 -11.885
388393.500 130628.500 -11.890
388393.500 130629.500 -11.895
388393.500 130630.500 -11.835
388393.500 130631.500 -11.835
388393.500 130632.500 -11.828
388393.500 130633.500 -11.828
388393.500 130634.500 -11.828
388393.500 130635.500 -11.828
388393.500 130636.500 -11.823
388393.500 130637.500 -11.828
388393.500 130638.500 -11.825
388393.500 130639.500 -11.822
388393.500 130640.500 -11.810
388393.500 130641.500 -11.810
388393.500 130642.500 -11.797
388393.500 130643.500 -11.802
388393.500 130644.500 -11.807
388393.500 130645.500 -11.820
388393.500 130646.500 -11.828
388393.500 130647.500 -11.812
388393.500 130648.500 -11.840
388393.500 130649.500 -11.852
388393.500 130650.500 -11.838
388393.500 130651.500 -11.842
388393.500 130652.500 -11.850
388393.500 130653.500 -11.830
388393.500 130654.500 -11.790
388393.500 130655.500 -11.777
388393.500 130656.500 -11.772
388393.500 130657.500 -11.770
388393.500 130658.500 -11.810
388393.500 130659.500 -11.855
388393.500 130660.500 -11.865
388393.500 130661.500 -11.885
388394.500 130592.500 -11.375
388394.500 130593.500 -11.370
388394.500 130594.500 -11.410
388394.500 130595.500 -11.455
388394.500 130596.500 -11.485
388394.500 130597.500 -11.515
388394.500 130598.500 -11.535
388394.500 130599.500 -11.557
388394.500 130600.500 -11.567
388394.500 130601.500 -11.607
388394.500 130602.500 -11.620
388394.500 130603.500 -11.637
388394.500 130604.500 -11.642
388394.500 130605.500 -11.670
388394.500 130606.500 -11.688
388394.500 130607.500 -11.717
388394.500 130608.500 -11.735
388394.500 130609.500 -11.770
388394.500 130610.500 -11.800
388394.500 130611.500 -11.797
388394.500 130612.500 -11.798
388394.500 130613.500 -11.805
388394.500 130614.500 -11.800
388394.500 130615.500 -11.790
388394.500 130616.500 -11.790
388394.500 130617.500 -11.780
388394.500 130618.500 -11.807
388394.500 130619.500 -11.820
388394.500 130620.500 -11.812
388394.500 130621.500 -11.860
388394.500 130622.500 -11.887
388394.500 130623.500 -11.902
388394.500 130624.500 -11.895
388394.500 130625.500 -11.895
388394.500 130626.500 -11.872
388394.500 130627.500 -11.880
388394.500 130628.500 -11.855
388394.500 130629.500 -11.875
388394.500 130630.500 -11.818
388394.500 130631.500 -11.810
388394.500 130632.500 -11.785
388394.500 130633.500 -11.787
388394.500 130634.500 -11.798
388394.500 130635.500 -11.800
388394.500 130636.500 -11.795
388394.500 130637.500 -11.782
388394.500 130638.500 -11.765
388394.500 130639.500 -11.752
388394.500 130640.500 -11.760
388394.500 130641.500 -11.750
388394.500 130642.500 -11.748
388394.500 130643.500 -11.755
388394.500 130644.500 -11.770
388394.500 130645.500 -11.792
388394.500 130646.500 -11.803
388394.500 130647.500 -11.793
388394.500 130648.500 -11.792
388394.500 130649.500 -11.820
388394.500 130650.500 -11.810
388394.500 130651.500 -11.818
388394.500 130652.500 -11.820
388394.500 130653.500 -11.795
388394.500 130654.500 -11.755
388394.500 130655.500 -11.738
388394.500 130656.500 -11.715
388394.500 130657.500 -11.713
388394.500 130658.500 -11.775
388394.500 130659.500 -11.775
388394.500 130660.500 -11.800
388394.500 130661.500 -11.827
388394.500 130662.500 -11.850
388394.500 130663.500 -11.865
388395.500 130592.500 -11.360
388395.500 130593.500 -11.385
388395.500 130594.500 -11.380
388395.500 130595.500 -11.425
388395.500 130596.500 -11.473
388395.500 130597.500 -11.502
388395.500 130598.500 -11.520
388395.500 130599.500 -11.522
388395.500 130600.500 -11.545
388395.500 130601.500 -11.575
388395.500 130602.500 -11.605
388395.500 130603.500 -11.623
388395.500 130604.500 -11.635
388395.500 130605.500 -11.647
388395.500 130606.500 -11.672
388395.500 130607.500 -11.707
388395.500 130608.500 -11.732
388395.500 130609.500 -11.768
388395.500 130610.500 -11.785
388395.500 130611.500 -11.777
388395.500 130612.500 -11.790
388395.500 130613.500 -11.785
388395.500 130614.500 -11.785
388395.500 130615.500 -11.785
388395.500 130616.500 -11.787
388395.500 130617.500 -11.782
388395.500 130618.500 -11.787
388395.500 130619.500 -11.802
388395.500 130620.500 -11.785
388395.500 130621.500 -11.812
388395.500 130622.500 -11.840
388395.500 130623.500 -11.882
388395.500 130624.500 -11.890
388395.500 130625.500 -11.885
388395.500 130626.500 -11.855
388395.500 130627.500 -11.795
388395.500 130628.500 -11.830
388395.500 130629.500 -11.895
388395.500 130630.500 -11.795
388395.500 130631.500 -11.785
388395.500 130632.500 -11.762
388395.500 130633.500 -11.752
388395.500 130634.500 -11.763
388395.500 130635.500 -11.770
388395.500 130636.500 -11.772
388395.500 130637.500 -11.750
388395.500 130638.500 -11.735
388395.500 130639.500 -11.725
388395.500 130640.500 -11.733
388395.500 130641.500 -11.715
388395.500 130642.500 -11.717
388395.500 130643.500 -11.730
388395.500 130644.500 -11.737
388395.500 130645.500 -11.748
388395.500 130646.500 -11.750
388395.500 130647.500 -11.750
388395.500 130648.500 -11.768
388395.500 130649.500 -11.785
388395.500 130650.500 -11.775
388395.500 130651.500 -11.775
388395.500 130652.500 -11.787
388395.500 130653.500 -11.760
388395.500 130654.500 -11.735
388395.500 130655.500 -11.717
388395.500 130656.500 -11.712
388395.500 130657.500 -11.713
388395.500 130658.500 -11.727
388395.500 130659.500 -11.710
388395.500 130660.500 -11.713
388395.500 130661.500 -11.745
388395.500 130662.500 -11.792
388395.500 130663.500 -11.810
388395.500 130664.500 -11.830
388395.500 130665.500 -11.822
388396.500 130592.500 -11.345
388396.500 130593.500 -11.362
388396.500 130594.500 -11.375
388396.500 130595.500 -11.400
388396.500 130596.500 -11.430
388396.500 130597.500 -11.473
388396.500 130598.500 -11.490
388396.500 130599.500 -11.507
388396.500 130600.500 -11.527
388396.500 130601.500 -11.545
388396.500 130602.500 -11.578
388396.500 130603.500 -11.610
388396.500 130604.500 -11.640
388396.500 130605.500 -11.650
388396.500 130606.500 -11.672
388396.500 130607.500 -11.690
388396.500 130608.500 -11.710
388396.500 130609.500 -11.752
388396.500 130610.500 -11.775
388396.500 130611.500 -11.775
388396.500 130612.500 -11.785
388396.500 130613.500 -11.777
388396.500 130614.500 -11.787
388396.500 130615.500 -11.782
388396.500 130616.500 -11.775
388396.500 130617.500 -11.765
388396.500 130618.500 -11.770
388396.500 130619.500 -11.792
388396.500 130620.500 -11.762
388396.500 130621.500 -11.770
388396.500 130622.500 -11.783
388396.500 130623.500 -11.818
388396.500 130624.500 -11.848
388396.500 130625.500 -11.845
388396.500 130626.500 -11.842
388396.500 130627.500 -11.810
388396.500 130628.500 -11.870
388396.500 130629.500 -11.960
388396.500 130630.500 -11.785
388396.500 130631.500 -11.763
388396.500 130632.500 -11.732
388396.500 130633.500 -11.713
388396.500 130634.500 -11.717
388396.500 130635.500 -11.718
388396.500 130636.500 -11.725
388396.500 130637.500 -11.710
388396.500 130638.500 -11.710
388396.500 130639.500 -11.707
388396.500 130640.500 -11.720
388396.500 130641.500 -11.710
388396.500 130642.500 -11.710
388396.500 130643.500 -11.710
388396.500 130644.500 -11.705
388396.500 130645.500 -11.713
388396.500 130646.500 -11.715
388396.500 130647.500 -11.728
388396.500 130648.500 -11.735
388396.500 130649.500 -11.740
388396.500 130650.500 -11.730
388396.500 130651.500 -11.720
388396.500 130652.500 -11.727
388396.500 130653.500 -11.717
388396.500 130654.500 -11.697
388396.500 130655.500 -11.692
388396.500 130656.500 -11.675
388396.500 130657.500 -11.688
388396.500 130658.500 -11.685
388396.500 130659.500 -11.665
388396.500 130660.500 -11.662
388396.500 130661.500 -11.715
388396.500 130662.500 -11.727
388396.500 130663.500 -11.760
388396.500 130664.500 -11.792
388396.500 130665.500 -11.770
388396.500 130666.500 -11.768
388397.500 130592.500 -11.355
388397.500 130593.500 -11.362
388397.500 130594.500 -11.385
388397.500 130595.500 -11.402
388397.500 130596.500 -11.395
388397.500 130597.500 -11.422
388397.500 130598.500 -11.460
388397.500 130599.500 -11.487
388397.500 130600.500 -11.515
388397.500 130601.500 -11.522
388397.500 130602.500 -11.562
388397.500 130603.500 -11.595
388397.500 130604.500 -11.627
388397.500 130605.500 -11.637
388397.500 130606.500 -11.660
388397.500 130607.500 -11.680
388397.500 130608.500 -11.697
388397.500 130609.500 -11.732
388397.500 130610.500 -11.755
388397.500 130611.500 -11.765
388397.500 130612.500 -11.775
388397.500 130613.500 -11.782
388397.500 130614.500 -11.773
388397.500 130615.500 -11.770
388397.500 130616.500 -11.762
388397.500 130617.500 -11.758
388397.500 130618.500 -11.742
388397.500 130619.500 -11.763
388397.500 130620.500 -11.762
388397.500 130621.500 -11.730
388397.500 130622.500 -11.737
388397.500 130623.500 -11.745
388397.500 130624.500 -11.765
388397.500 130625.500 -11.787
388397.500 130626.500 -11.797
388397.500 130627.500 -11.723
388397.500 130628.500 -11.748
388397.500 130629.500 -11.765
388397.500 130630.500 -11.755
388397.500 130631.500 -11.725
388397.500 130632.500 -11.708
388397.500 130633.500 -11.690
388397.500 130634.500 -11.683
388397.500 130635.500 -11.678
388397.500 130636.500 -11.688
388397.500 130637.500 -11.680
388397.500 130638.500 -11.680
388397.500 130639.500 -11.685
388397.500 130640.500 -11.697
388397.500 130641.500 -11.705
388397.500 130642.500 -11.697
388397.500 130643.500 -11.678
388397.500 130644.500 -11.657
388397.500 130645.500 -11.670
388397.500 130646.500 -11.685
388397.500 130647.500 -11.697
388397.500 130648.500 -11.692
388397.500 130649.500 -11.683
388397.500 130650.500 -11.680
388397.500 130651.500 -11.685
388397.500 130652.500 -11.703
388397.500 130653.500 -11.690
388397.500 130654.500 -11.685
388397.500 130655.500 -11.670
388397.500 130656.500 -11.637
388397.500 130657.500 -11.645
388397.500 130658.500 -11.625
388397.500 130659.500 -11.598
388397.500 130660.500 -11.610
388397.500 130661.500 -11.655
388397.500 130662.500 -11.672
388397.500 130663.500 -11.707
388397.500 130664.500 -11.717
388397.500 130665.500 -11.695
388397.500 130666.500 -11.690
388397.500 130667.500 -11.742
388398.500 130592.500 -11.348
388398.500 130593.500 -11.360
388398.500 130594.500 -11.362
388398.500 130595.500 -11.387
388398.500 130596.500 -11.410
388398.500 130597.500 -11.395
388398.500 130598.500 -11.420
388398.500 130599.500 -11.470
388398.500 130600.500 -11.490
388398.500 130601.500 -11.513
388398.500 130602.500 -11.525
388398.500 130603.500 -11.570
388398.500 130604.500 -11.612
388398.500 130605.500 -11.640
388398.500 130606.500 -11.640
388398.500 130607.500 -11.652
388398.500 130608.500 -11.682
388398.500 130609.500 -11.723
388398.500 130610.500 -11.742
388398.500 130611.500 -11.755
388398.500 130612.500 -11.760
388398.500 130613.500 -11.765
388398.500 130614.500 -11.763
388398.500 130615.500 -11.758
388398.500 130616.500 -11.760
388398.500 130617.500 -11.750
388398.500 130618.500 -11.740
388398.500 130619.500 -11.750
388398.500 130620.500 -11.742
388398.500 130621.500 -11.690
388398.500 130622.500 -11.680
388398.500 130623.500 -11.715
388398.500 130624.500 -11.718
388398.500 130625.500 -11.720
388398.500 130626.500 -11.727
388398.500 130627.500 -11.765
388398.500 130628.500 -11.707
388398.500 130629.500 -11.710
388398.500 130630.500 -11.712
388398.500 130631.500 -11.688
388398.500 130632.500 -11.672
388398.500 130633.500 -11.658
388398.500 130634.500 -11.655
388398.500 130635.500 -11.650
388398.500 130636.500 -11.668
388398.500 130637.500 -11.680
388398.500 130638.500 -11.682
388398.500 130639.500 -11.693
388398.500 130640.500 -11.692
388398.500 130641.500 -11.685
388398.500 130642.500 -11.673
388398.500 130643.500 -11.650
388398.500 130644.500 -11.622
388398.500 130645.500 -11.635
388398.500 130646.500 -11.647
388398.500 130647.500 -11.670
388398.500 130648.500 -11.675
388398.500 130649.500 -11.657
388398.500 130650.500 -11.648
388398.500 130651.500 -11.660
388398.500 130652.500 -11.688
388398.500 130653.500 -11.672
388398.500 130654.500 -11.680
388398.500 130655.500 -11.662
388398.500 130656.500 -11.642
388398.500 130657.500 -11.632
388398.500 130658.500 -11.595
388398.500 130659.500 -11.578
388398.500 130660.500 -11.550
388398.500 130661.500 -11.565
388398.500 130662.500 -11.607
388398.500 130663.500 -11.660
388398.500 130664.500 -11.668
388398.500 130665.500 -11.643
388398.500 130666.500 -11.637
388399.500 130592.500 -11.345
388399.500 130593.500 -11.360
388399.500 130594.500 -11.352
388399.500 130595.500 -11.385
388399.500 130596.500 -11.400
388399.500 130597.500 -11.402
388399.500 130598.500 -11.395
388399.500 130599.500 -11.435
388399.500 130600.500 -11.477
388399.500 130601.500 -11.500
388399.500 130602.500 -11.522
388399.500 130603.500 -11.543
388399.500 130604.500 -11.600
388399.500 130605.500 -11.630
388399.500 130606.500 -11.637
388399.500 130607.500 -11.640
388399.500 130608.500 -11.670
388399.500 130609.500 -11.700
388399.500 130610.500 -11.742
388399.500 130611.500 -11.752
388399.500 130612.500 -11.747
388399.500 130613.500 -11.752
388399.500 130614.500 -11.742
388399.500 130615.500 -11.745
388399.500 130616.500 -11.742
388399.500 130617.500 -11.725
388399.500 130618.500 -11.720
388399.500 130619.500 -11.735
388399.500 130620.500 -11.740
388399.500 130621.500 -11.715
388399.500 130622.500 -11.688
388399.500 130623.500 -11.678
388399.500 130624.500 -11.680
388399.500 130625.500 -11.695
388399.500 130626.500 -11.700
388399.500 130627.500 -11.720
388399.500 130628.500 -11.690
388399.500 130629.500 -11.693
388399.500 130630.500 -11.703
388399.500 130631.500 -11.678
388399.500 130632.500 -11.658
388399.500 130633.500 -11.662
388399.500 130634.500 -11.642
388399.500 130635.500 -11.650
388399.500 130636.500 -11.658
388399.500 130637.500 -11.675
388399.500 130638.500 -11.680
388399.500 130639.500 -11.690
388399.500 130640.500 -11.675
388399.500 130641.500 -11.645
388399.500 130642.500 -11.622
388399.500 130643.500 -11.588
388399.500 130644.500 -11.567
388399.500 130645.500 -11.602
388399.500 130646.500 -11.645
388399.500 130647.500 -11.670
388399.500 130648.500 -11.672
388399.500 130649.500 -11.660
388399.500 130650.500 -11.643
388399.500 130651.500 -11.645
388399.500 130652.500 -11.668
388399.500 130653.500 -11.668
388399.500 130654.500 -11.658
388399.500 130655.500 -11.640
388399.500 130656.500 -11.630
388399.500 130657.500 -11.630
388399.500 130658.500 -11.600
388399.500 130659.500 -11.545
388399.500 130660.500 -11.525
388399.500 130661.500 -11.525
388399.500 130662.500 -11.575
388399.500 130663.500 -11.632
388399.500 130664.500 -11.623
388399.500 130665.500 -11.625
388399.500 130666.500 -11.635
388400.500 130592.500 -11.338
388400.500 130593.500 -11.350
388400.500 130594.500 -11.343
388400.500 130595.500 -11.370
388400.500 130596.500 -11.377
388400.500 130597.500 -11.370
388400.500 130598.500 -11.408
388400.500 130599.500 -11.402
388400.500 130600.500 -11.443
388400.500 130601.500 -11.488
388400.500 130602.500 -11.518
388400.500 130603.500 -11.548
388400.500 130604.500 -11.570
388400.500 130605.500 -11.598
388400.500 130606.500 -11.623
388400.500 130607.500 -11.637
388400.500 130608.500 -11.658
388400.500 130609.500 -11.677
388400.500 130610.500 -11.707
388400.500 130611.500 -11.742
388400.500 130612.500 -11.740
388400.500 130613.500 -11.735
388400.500 130614.500 -11.735
388400.500 130615.500 -11.723
388400.500 130616.500 -11.712
388400.500 130617.500 -11.705
388400.500 130618.500 -11.697
388400.500 130619.500 -11.695
388400.500 130620.500 -11.707
388400.500 130621.500 -11.720
388400.500 130622.500 -11.717
388400.500 130623.500 -11.717
388400.500 130624.500 -11.690
388400.500 130625.500 -11.685
388400.500 130626.500 -11.673
388400.500 130627.500 -11.627
388400.500 130628.500 -11.640
388400.500 130629.500 -11.652
388400.500 130630.500 -11.660
388400.500 130631.500 -11.665
388400.500 130632.500 -11.672
388400.500 130633.500 -11.670
388400.500 130634.500 -11.652
388400.500 130635.500 -11.655
388400.500 130636.500 -11.668
388400.500 130637.500 -11.670
388400.500 130638.500 -11.690
388400.500 130639.500 -11.697
388400.500 130640.500 -11.675
388400.500 130641.500 -11.635
388400.500 130642.500 -11.600
388400.500 130643.500 -11.547
388400.500 130644.500 -11.550
388400.500 130645.500 -11.597
388400.500 130646.500 -11.652
388400.500 130647.500 -11.690
388400.500 130648.500 -11.700
388400.500 130649.500 -11.695
388400.500 130650.500 -11.692
388400.500 130651.500 -11.690
388400.500 130652.500 -11.683
388400.500 130653.500 -11.690
388400.500 130654.500 -11.662
388400.500 130655.500 -11.645
388400.500 130656.500 -11.612
388400.500 130657.500 -11.598
388400.500 130658.500 -11.580
388400.500 130659.500 -11.532
388400.500 130660.500 -11.507
388400.500 130661.500 -11.512
388400.500 130662.500 -11.555
388400.500 130663.500 -11.595
388400.500 130664.500 -11.590
388400.500 130665.500 -11.615
388401.500 130592.500 -11.327
388401.500 130593.500 -11.330
388401.500 130594.500 -11.333
388401.500 130595.500 -11.355
388401.500 130596.500 -11.372
388401.500 130597.500 -11.367
388401.500 130598.500 -11.390
388401.500 130599.500 -11.397
388401.500 130600.500 -11.423
388401.500 130601.500 -11.468
388401.500 130602.500 -11.505
388401.500 130603.500 -11.530
388401.500 130604.500 -11.557
388401.500 130605.500 -11.560
388401.500 130606.500 -11.590
388401.500 130607.500 -11.620
388401.500 130608.500 -11.647
388401.500 130609.500 -11.658
388401.500 130610.500 -11.680
388401.500 130611.500 -11.722
388401.500 130612.500 -11.738
388401.500 130613.500 -11.735
388401.500 130614.500 -11.730
388401.500 130615.500 -11.707
388401.500 130616.500 -11.695
388401.500 130617.500 -11.680
388401.500 130618.500 -11.658
388401.500 130619.500 -11.670
388401.500 130620.500 -11.673
388401.500 130621.500 -11.695
388401.500 130622.500 -11.715
388401.500 130623.500 -11.710
388401.500 130624.500 -11.700
388401.500 130625.500 -11.700
388401.500 130626.500 -11.640
388401.500 130627.500 -11.635
388401.500 130628.500 -11.630
388401.500 130629.500 -11.602
388401.500 130630.500 -11.582
388401.500 130631.500 -11.598
388401.500 130632.500 -11.633
388401.500 130633.500 -11.662
388401.500 130634.500 -11.663
388401.500 130635.500 -11.660
388401.500 130636.500 -11.672
388401.500 130637.500 -11.680
388401.500 130638.500 -11.690
388401.500 130639.500 -11.680
388401.500 130640.500 -11.672
388401.500 130641.500 -11.658
388401.500 130642.500 -11.632
388401.500 130643.500 -11.613
388401.500 130644.500 -11.620
388401.500 130645.500 -11.650
388401.500 130646.500 -11.685
388401.500 130647.500 -11.705
388401.500 130648.500 -11.710
388401.500 130649.500 -11.702
388401.500 130650.500 -11.690
388401.500 130651.500 -11.693
388401.500 130652.500 -11.697
388401.500 130653.500 -11.680
388401.500 130654.500 -11.650
388401.500 130655.500 -11.632
388401.500 130656.500 -11.610
388401.500 130657.500 -11.585
388401.500 130658.500 -11.562
388401.500 130659.500 -11.508
388401.500 130660.500 -11.488
388401.500 130661.500 -11.473
388401.500 130662.500 -11.522
388401.500 130663.500 -11.585
388401.500 130664.500 -11.585
388402.500 130592.500 -11.328
388402.500 130593.500 -11.320
388402.500 130594.500 -11.307
388402.500 130595.500 -11.335
388402.500 130596.500 -11.357
388402.500 130597.500 -11.370
388402.500 130598.500 -11.377
388402.500 130599.500 -11.400
388402.500 130600.500 -11.422
388402.500 130601.500 -11.440
388402.500 130602.500 -11.490
388402.500 130603.500 -11.522
388402.500 130604.500 -11.540
388402.500 130605.500 -11.548
388402.500 130606.500 -11.535
388402.500 130607.500 -11.602
388402.500 130608.500 -11.632
388402.500 130609.500 -11.645
388402.500 130610.500 -11.653
388402.500 130611.500 -11.685
388402.500 130612.500 -11.720
388402.500 130613.500 -11.733
388402.500 130614.500 -11.730
388402.500 130615.500 -11.700
388402.500 130616.500 -11.685
388402.500 130617.500 -11.655
388402.500 130618.500 -11.650
388402.500 130619.500 -11.647
388402.500 130620.500 -11.653
388402.500 130621.500 -11.682
388402.500 130622.500 -11.707
388402.500 130623.500 -11.682
388402.500 130624.500 -11.700
388402.500 130625.500 -11.705
388402.500 130626.500 -11.635
388402.500 130627.500 -11.640
388402.500 130628.500 -11.645
388402.500 130629.500 -11.620
388402.500 130630.500 -11.610
388402.500 130631.500 -11.598
388402.500 130632.500 -11.615
388402.500 130633.500 -11.643
388402.500 130634.500 -11.655
388402.500 130635.500 -11.662
388402.500 130636.500 -11.672
388402.500 130637.500 -11.690
388402.500 130638.500 -11.695
388402.500 130639.500 -11.690
388402.500 130640.500 -11.680
388402.500 130641.500 -11.670
388402.500 130642.500 -11.655
388402.500 130643.500 -11.650
388402.500 130644.500 -11.667
388402.500 130645.500 -11.688
388402.500 130646.500 -11.697
388402.500 130647.500 -11.705
388402.500 130648.500 -11.700
388402.500 130649.500 -11.695
388402.500 130650.500 -11.682
388402.500 130651.500 -11.690
388402.500 130652.500 -11.680
388402.500 130653.500 -11.650
388402.500 130654.500 -11.627
388402.500 130655.500 -11.625
388402.500 130656.500 -11.590
388402.500 130657.500 -11.555
388402.500 130658.500 -11.522
388402.500 130659.500 -11.477
388402.500 130660.500 -11.465
388402.500 130661.500 -11.475
388402.500 130662.500 -11.492
388402.500 130663.500 -11.528
388402.500 130664.500 -11.588
388403.500 130592.500 -11.343
388403.500 130593.500 -11.352
388403.500 130594.500 -11.342
388403.500 130595.500 -11.357
388403.500 130596.500 -11.335
388403.500 130597.500 -11.348
388403.500 130598.500 -11.362
388403.500 130599.500 -11.395
388403.500 130600.500 -11.408
388403.500 130601.500 -11.422
388403.500 130602.500 -11.452
388403.500 130603.500 -11.480
388403.500 130604.500 -11.520
388403.500 130605.500 -11.540
388403.500 130606.500 -11.540
388403.500 130607.500 -11.568
388403.500 130608.500 -11.612
388403.500 130609.500 -11.623
388403.500 130610.500 -11.635
388403.500 130611.500 -11.638
388403.500 130612.500 -11.672
388403.500 130613.500 -11.707
388403.500 130614.500 -11.692
388403.500 130615.500 -11.697
388403.500 130616.500 -11.673
388403.500 130617.500 -11.655
388403.500 130618.500 -11.650
388403.500 130619.500 -11.645
388403.500 130620.500 -11.645
388403.500 130621.500 -11.678
388403.500 130622.500 -11.697
388403.500 130623.500 -11.690
388403.500 130624.500 -11.712
388403.500 130625.500 -11.713
388403.500 130626.500 -11.658
388403.500 130627.500 -11.668
388403.500 130628.500 -11.650
388403.500 130629.500 -11.625
388403.500 130630.500 -11.605
388403.500 130631.500 -11.615
388403.500 130632.500 -11.627
388403.500 130633.500 -11.643
388403.500 130634.500 -11.660
388403.500 130635.500 -11.672
388403.500 130636.500 -11.660
388403.500 130637.500 -11.660
388403.500 130638.500 -11.655
388403.500 130639.500 -11.662
388403.500 130640.500 -11.682
388403.500 130641.500 -11.705
388403.500 130642.500 -11.697
388403.500 130643.500 -11.705
388403.500 130644.500 -11.725
388403.500 130645.500 -11.730
388403.500 130646.500 -11.720
388403.500 130647.500 -11.707
388403.500 130648.500 -11.690
388403.500 130649.500 -11.675
388403.500 130650.500 -11.662
388403.500 130651.500 -11.668
388403.500 130652.500 -11.663
388403.500 130653.500 -11.642
388403.500 130654.500 -11.592
388403.500 130655.500 -11.553
388403.500 130656.500 -11.527
388403.500 130657.500 -11.507
388403.500 130658.500 -11.475
388403.500 130659.500 -11.435
388403.500 130660.500 -11.450
388403.500 130661.500 -11.485
388403.500 130662.500 -11.493
388403.500 130663.500 -11.530
388404.500 130592.500 -11.328
388404.500 130593.500 -11.348
388404.500 130594.500 -11.352
388404.500 130595.500 -11.357
388404.500 130596.500 -11.350
388404.500 130597.500 -11.330
388404.500 130598.500 -11.370
388404.500 130599.500 -11.405
388404.500 130600.500 -11.428
388404.500 130601.500 -11.445
388404.500 130602.500 -11.485
388404.500 130603.500 -11.482
388404.500 130604.500 -11.520
388404.500 130605.500 -11.540
388404.500 130606.500 -11.547
388404.500 130607.500 -11.542
388404.500 130608.500 -11.582
388404.500 130609.500 -11.607
388404.500 130610.500 -11.623
388404.500 130611.500 -11.633
388404.500 130612.500 -11.655
388404.500 130613.500 -11.680
388404.500 130614.500 -11.693
388404.500 130615.500 -11.705
388404.500 130616.500 -11.662
388404.500 130617.500 -11.650
388404.500 130618.500 -11.655
388404.500 130619.500 -11.647
388404.500 130620.500 -11.660
388404.500 130621.500 -11.702
388404.500 130622.500 -11.703
388404.500 130623.500 -11.682
388404.500 130624.500 -11.702
388404.500 130625.500 -11.740
388404.500 130626.500 -11.688
388404.500 130627.500 -11.692
388404.500 130628.500 -11.685
388404.500 130629.500 -11.667
388404.500 130630.500 -11.643
388404.500 130631.500 -11.640
388404.500 130632.500 -11.643
388404.500 130633.500 -11.635
388404.500 130634.500 -11.655
388404.500 130635.500 -11.668
388404.500 130636.500 -11.665
388404.500 130637.500 -11.650
388404.500 130638.500 -11.635
388404.500 130639.500 -11.620
388404.500 130640.500 -11.635
388404.500 130641.500 -11.680
388404.500 130642.500 -11.730
388404.500 130643.500 -11.735
388404.500 130644.500 -11.767
388404.500 130645.500 -11.770
388404.500 130646.500 -11.748
388404.500 130647.500 -11.732
388404.500 130648.500 -11.742
388404.500 130649.500 -11.717
388404.500 130650.500 -11.697
388404.500 130651.500 -11.705
388404.500 130652.500 -11.683
388404.500 130653.500 -11.652
388404.500 130654.500 -11.567
388404.500 130655.500 -11.525
388404.500 130656.500 -11.485
388404.500 130657.500 -11.470
388404.500 130658.500 -11.430
388404.500 130659.500 -11.408
388404.500 130660.500 -11.440
388404.500 130661.500 -11.488
388404.500 130662.500 -11.500
388405.500 130592.500 -11.335
388405.500 130593.500 -11.350
388405.500 130594.500 -11.355
388405.500 130595.500 -11.357
388405.500 130596.500 -11.357
388405.500 130597.500 -11.360
388405.500 130598.500 -11.393
388405.500 130599.500 -11.410
388405.500 130600.500 -11.443
388405.500 130601.500 -11.460
388405.500 130602.500 -11.508
388405.500 130603.500 -11.515
388405.500 130604.500 -11.532
388405.500 130605.500 -11.570
388405.500 130606.500 -11.555
388405.500 130607.500 -11.555
388405.500 130608.500 -11.568
388405.500 130609.500 -11.600
388405.500 130610.500 -11.620
388405.500 130611.500 -11.630
388405.500 130612.500 -11.652
388405.500 130613.500 -11.693
388405.500 130614.500 -11.700
388405.500 130615.500 -11.682
388405.500 130616.500 -11.658
388405.500 130617.500 -11.658
388405.500 130618.500 -11.658
388405.500 130619.500 -11.665
388405.500 130620.500 -11.675
388405.500 130621.500 -11.728
388405.500 130622.500 -11.712
388405.500 130623.500 -11.707
388405.500 130624.500 -11.705
388405.500 130625.500 -11.675
388405.500 130626.500 -11.687
388405.500 130627.500 -11.703
388405.500 130628.500 -11.707
388405.500 130629.500 -11.702
388405.500 130630.500 -11.697
388405.500 130631.500 -11.690
388405.500 130632.500 -11.687
388405.500 130633.500 -11.682
388405.500 130634.500 -11.683
388405.500 130635.500 -11.662
388405.500 130636.500 -11.645
388405.500 130637.500 -11.650
388405.500 130638.500 -11.652
388405.500 130639.500 -11.653
388405.500 130640.500 -11.673
388405.500 130641.500 -11.700
388405.500 130642.500 -11.730
388405.500 130643.500 -11.750
388405.500 130644.500 -11.777
388405.500 130645.500 -11.775
388405.500 130646.500 -11.775
388405.500 130647.500 -11.775
388405.500 130648.500 -11.782
388405.500 130649.500 -11.777
388405.500 130650.500 -11.780
388405.500 130651.500 -11.755
388405.500 130652.500 -11.715
388405.500 130653.500 -11.673
388405.500 130654.500 -11.597
388405.500 130655.500 -11.578
388405.500 130656.500 -11.545
388405.500 130657.500 -11.530
388405.500 130658.500 -11.487
388405.500 130659.500 -11.465
388405.500 130660.500 -11.495
388405.500 130661.500 -11.500
388405.500 130662.500 -11.477
388406.500 130592.500 -11.345
388406.500 130593.500 -11.352
388406.500 130594.500 -11.357
388406.500 130595.500 -11.350
388406.500 130596.500 -11.357
388406.500 130597.500 -11.373
388406.500 130598.500 -11.400
388406.500 130599.500 -11.410
388406.500 130600.500 -11.440
388406.500 130601.500 -11.482
388406.500 130602.500 -11.518
388406.500 130603.500 -11.527
388406.500 130604.500 -11.550
388406.500 130605.500 -11.578
388406.500 130606.500 -11.568
388406.500 130607.500 -11.575
388406.500 130608.500 -11.585
388406.500 130609.500 -11.577
388406.500 130610.500 -11.625
388406.500 130611.500 -11.635
388406.500 130612.500 -11.667
388406.500 130613.500 -11.690
388406.500 130614.500 -11.690
388406.500 130615.500 -11.675
388406.500 130616.500 -11.660
388406.500 130617.500 -11.668
388406.500 130618.500 -11.662
388406.500 130619.500 -11.658
388406.500 130620.500 -11.687
388406.500 130621.500 -11.710
388406.500 130622.500 -11.713
388406.500 130623.500 -11.725
388406.500 130624.500 -11.735
388406.500 130625.500 -11.672
388406.500 130626.500 -11.668
388406.500 130627.500 -11.685
388406.500 130628.500 -11.700
388406.500 130629.500 -11.723
388406.500 130630.500 -11.750
388406.500 130631.500 -11.730
388406.500 130632.500 -11.730
388406.500 130633.500 -11.725
388406.500 130634.500 -11.727
388406.500 130635.500 -11.695
388406.500 130636.500 -11.675
388406.500 130637.500 -11.658
388406.500 130638.500 -11.655
388406.500 130639.500 -11.668
388406.500 130640.500 -11.680
388406.500 130641.500 -11.710
388406.500 130642.500 -11.730
388406.500 130643.500 -11.747
388406.500 130644.500 -11.775
388406.500 130645.500 -11.790
388406.500 130646.500 -11.798
388406.500 130647.500 -11.815
388406.500 130648.500 -11.812
388406.500 130649.500 -11.795
388406.500 130650.500 -11.790
388406.500 130651.500 -11.760
388406.500 130652.500 -11.740
388406.500 130653.500 -11.712
388406.500 130654.500 -11.678
388406.500 130655.500 -11.657
388406.500 130656.500 -11.630
388406.500 130657.500 -11.597
388406.500 130658.500 -11.565
388406.500 130659.500 -11.527
388406.500 130660.500 -11.520
388406.500 130661.500 -11.480
388407.500 130592.500 -11.345
388407.500 130593.500 -11.343
388407.500 130594.500 -11.342
388407.500 130595.500 -11.335
388407.500 130596.500 -11.360
388407.500 130597.500 -11.377
388407.500 130598.500 -11.395
388407.500 130599.500 -11.412
388407.500 130600.500 -11.442
388407.500 130601.500 -11.480
388407.500 130602.500 -11.535
388407.500 130603.500 -11.537
388407.500 130604.500 -11.555
388407.500 130605.500 -11.578
388407.500 130606.500 -11.595
388407.500 130607.500 -11.583
388407.500 130608.500 -11.577
388407.500 130609.500 -11.580
388407.500 130610.500 -11.620
388407.500 130611.500 -11.655
388407.500 130612.500 -11.675
388407.500 130613.500 -11.687
388407.500 130614.500 -11.690
388407.500 130615.500 -11.682
388407.500 130616.500 -11.685
388407.500 130617.500 -11.690
388407.500 130618.500 -11.682
388407.500 130619.500 -11.655
388407.500 130620.500 -11.690
388407.500 130621.500 -11.687
388407.500 130622.500 -11.700
388407.500 130623.500 -11.710
388407.500 130624.500 -11.750
388407.500 130625.500 -11.672
388407.500 130626.500 -11.688
388407.500 130627.500 -11.702
388407.500 130628.500 -11.723
388407.500 130629.500 -11.732
388407.500 130630.500 -11.748
388407.500 130631.500 -11.740
388407.500 130632.500 -11.738
388407.500 130633.500 -11.750
388407.500 130634.500 -11.755
388407.500 130635.500 -11.722
388407.500 130636.500 -11.682
388407.500 130637.500 -11.662
388407.500 130638.500 -11.668
388407.500 130639.500 -11.680
388407.500 130640.500 -11.693
388407.500 130641.500 -11.717
388407.500 130642.500 -11.740
388407.500 130643.500 -11.747
388407.500 130644.500 -11.762
388407.500 130645.500 -11.777
388407.500 130646.500 -11.798
388407.500 130647.500 -11.812
388407.500 130648.500 -11.818
388407.500 130649.500 -11.815
388407.500 130650.500 -11.817
388407.500 130651.500 -11.818
388407.500 130652.500 -11.797
388407.500 130653.500 -11.768
388407.500 130654.500 -11.735
388407.500 130655.500 -11.707
388407.500 130656.500 -11.680
388407.500 130657.500 -11.627
388407.500 130658.500 -11.580
388407.500 130659.500 -11.545
388407.500 130660.500 -11.502
388408.500 130592.500 -11.338
388408.500 130593.500 -11.330
388408.500 130594.500 -11.327
388408.500 130595.500 -11.335
388408.500 130596.500 -11.360
388408.500 130597.500 -11.387
388408.500 130598.500 -11.397
388408.500 130599.500 -11.418
388408.500 130600.500 -11.438
388408.500 130601.500 -11.477
388408.500 130602.500 -11.527
388408.500 130603.500 -11.543
388408.500 130604.500 -11.550
388408.500 130605.500 -11.580
388408.500 130606.500 -11.590
388408.500 130607.500 -11.595
388408.500 130608.500 -11.600
388408.500 130609.500 -11.610
388408.500 130610.500 -11.607
388408.500 130611.500 -11.652
388408.500 130612.500 -11.680
388408.500 130613.500 -11.690
388408.500 130614.500 -11.695
388408.500 130615.500 -11.690
388408.500 130616.500 -11.700
388408.500 130617.500 -11.705
388408.500 130618.500 -11.702
388408.500 130619.500 -11.692
388408.500 130620.500 -11.697
388408.500 130621.500 -11.675
388408.500 130622.500 -11.688
388408.500 130623.500 -11.707
388408.500 130624.500 -11.647
388408.500 130625.500 -11.648
388408.500 130626.500 -11.665
388408.500 130627.500 -11.690
388408.500 130628.500 -11.705
388408.500 130629.500 -11.730
388408.500 130630.500 -11.738
388408.500 130631.500 -11.740
388408.500 130632.500 -11.730
388408.500 130633.500 -11.740
388408.500 130634.500 -11.748
388408.500 130635.500 -11.728
388408.500 130636.500 -11.705
388408.500 130637.500 -11.688
388408.500 130638.500 -11.685
388408.500 130639.500 -11.670
388408.500 130640.500 -11.675
388408.500 130641.500 -11.700
388408.500 130642.500 -11.738
388408.500 130643.500 -11.768
388408.500 130644.500 -11.765
388408.500 130645.500 -11.780
388408.500 130646.500 -11.785
388408.500 130647.500 -11.790
388408.500 130648.500 -11.805
388408.500 130649.500 -11.822
388408.500 130650.500 -11.848
388408.500 130651.500 -11.862
388408.500 130652.500 -11.840
388408.500 130653.500 -11.818
388408.500 130654.500 -11.790
388408.500 130655.500 -11.755
388408.500 130656.500 -11.690
388408.500 130657.500 -11.643
388408.500 130658.500 -11.602
388408.500 130659.500 -11.575
388408.500 130660.500 -11.555
388409.500 130592.500 -11.335
388409.500 130593.500 -11.325
388409.500 130594.500 -11.330
388409.500 130595.500 -11.355
388409.500 130596.500 -11.370
388409.500 130597.500 -11.380
388409.500 130598.500 -11.395
388409.500 130599.500 -11.412
388409.500 130600.500 -11.432
388409.500 130601.500 -11.475
388409.500 130602.500 -11.520
388409.500 130603.500 -11.532
388409.500 130604.500 -11.545
388409.500 130605.500 -11.570
388409.500 130606.500 -11.583
388409.500 130607.500 -11.588
388409.500 130608.500 -11.595
388409.500 130609.500 -11.612
388409.500 130610.500 -11.610
388409.500 130611.500 -11.615
388409.500 130612.500 -11.675
388409.500 130613.500 -11.702
388409.500 130614.500 -11.705
388409.500 130615.500 -11.710
388409.500 130616.500 -11.727
388409.500 130617.500 -11.743
388409.500 130618.500 -11.723
388409.500 130619.500 -11.725
388409.500 130620.500 -11.727
388409.500 130621.500 -11.705
388409.500 130622.500 -11.717
388409.500 130623.500 -11.725
388409.500 130624.500 -11.650
388409.500 130625.500 -11.637
388409.500 130626.500 -11.645
388409.500 130627.500 -11.662
388409.500 130628.500 -11.685
388409.500 130629.500 -11.717
388409.500 130630.500 -11.730
388409.500 130631.500 -11.722
388409.500 130632.500 -11.715
388409.500 130633.500 -11.725
388409.500 130634.500 -11.742
388409.500 130635.500 -11.732
388409.500 130636.500 -11.722
388409.500 130637.500 -11.723
388409.500 130638.500 -11.722
388409.500 130639.500 -11.697
388409.500 130640.500 -11.665
388409.500 130641.500 -11.688
388409.500 130642.500 -11.712
388409.500 130643.500 -11.758
388409.500 130644.500 -11.780
388409.500 130645.500 -11.787
388409.500 130646.500 -11.795
388409.500 130647.500 -11.790
388409.500 130648.500 -11.820
388409.500 130649.500 -11.840
388409.500 130650.500 -11.865
388409.500 130651.500 -11.880
388409.500 130652.500 -11.852
388409.500 130653.500 -11.835
388409.500 130654.500 -11.807
388409.500 130655.500 -11.762
388409.500 130656.500 -11.707
388409.500 130657.500 -11.690
388409.500 130658.500 -11.645
388409.500 130659.500 -11.610
388410.500 130592.500 -11.340
388410.500 130593.500 -11.342
388410.500 130594.500 -11.328
388410.500 130595.500 -11.355
388410.500 130596.500 -11.357
388410.500 130597.500 -11.367
388410.500 130598.500 -11.397
388410.500 130599.500 -11.412
388410.500 130600.500 -11.452
388410.500 130601.500 -11.485
388410.500 130602.500 -11.510
388410.500 130603.500 -11.527
388410.500 130604.500 -11.542
388410.500 130605.500 -11.568
388410.500 130606.500 -11.583
388410.500 130607.500 -11.600
388410.500 130608.500 -11.598
388410.500 130609.500 -11.630
388410.500 130610.500 -11.627
388410.500 130611.500 -11.600
388410.500 130612.500 -11.685
388410.500 130613.500 -11.712
388410.500 130614.500 -11.700
388410.500 130615.500 -11.717
388410.500 130616.500 -11.743
388410.500 130617.500 -11.763
388410.500 130618.500 -11.755
388410.500 130619.500 -11.765
388410.500 130620.500 -11.727
388410.500 130621.500 -11.725
388410.500 130622.500 -11.723
388410.500 130623.500 -11.657
388410.500 130624.500 -11.632
388410.500 130625.500 -11.620
388410.500 130626.500 -11.637
388410.500 130627.500 -11.652
388410.500 130628.500 -11.682
388410.500 130629.500 -11.700
388410.500 130630.500 -11.717
388410.500 130631.500 -11.725
388410.500 130632.500 -11.722
388410.500 130633.500 -11.715
388410.500 130634.500 -11.707
388410.500 130635.500 -11.707
388410.500 130636.500 -11.723
388410.500 130637.500 -11.735
388410.500 130638.500 -11.738
388410.500 130639.500 -11.720
388410.500 130640.500 -11.705
388410.500 130641.500 -11.715
388410.500 130642.500 -11.745
388410.500 130643.500 -11.777
388410.500 130644.500 -11.807
388410.500 130645.500 -11.810
388410.500 130646.500 -11.810
388410.500 130647.500 -11.810
388410.500 130648.500 -11.838
388410.500 130649.500 -11.857
388410.500 130650.500 -11.862
388410.500 130651.500 -11.875
388410.500 130652.500 -11.855
388410.500 130653.500 -11.843
388410.500 130654.500 -11.813
388410.500 130655.500 -11.753
388410.500 130656.500 -11.700
388410.500 130657.500 -11.680
388410.500 130658.500 -11.615
388411.500 130592.500 -11.342
388411.500 130593.500 -11.340
388411.500 130594.500 -11.345
388411.500 130595.500 -11.362
388411.500 130596.500 -11.362
388411.500 130597.500 -11.357
388411.500 130598.500 -11.385
388411.500 130599.500 -11.410
388411.500 130600.500 -11.437
388411.500 130601.500 -11.465
388411.500 130602.500 -11.512
388411.500 130603.500 -11.535
388411.500 130604.500 -11.550
388411.500 130605.500 -11.595
388411.500 130606.500 -11.600
388411.500 130607.500 -11.600
388411.500 130608.500 -11.612
388411.500 130609.500 -11.620
388411.500 130610.500 -11.648
388411.500 130611.500 -11.650
388411.500 130612.500 -11.650
388411.500 130613.500 -11.722
388411.500 130614.500 -11.732
388411.500 130615.500 -11.727
388411.500 130616.500 -11.742
388411.500 130617.500 -11.752
388411.500 130618.500 -11.772
388411.500 130619.500 -11.795
388411.500 130620.500 -11.752
388411.500 130621.500 -11.732
388411.500 130622.500 -11.730
388411.500 130623.500 -11.662
388411.500 130624.500 -11.625
388411.500 130625.500 -11.620
388411.500 130626.500 -11.622
388411.500 130627.500 -11.635
388411.500 130628.500 -11.672
388411.500 130629.500 -11.693
388411.500 130630.500 -11.707
388411.500 130631.500 -11.725
388411.500 130632.500 -11.727
388411.500 130633.500 -11.710
388411.500 130634.500 -11.700
388411.500 130635.500 -11.693
388411.500 130636.500 -11.695
388411.500 130637.500 -11.725
388411.500 130638.500 -11.733
388411.500 130639.500 -11.733
388411.500 130640.500 -11.735
388411.500 130641.500 -11.750
388411.500 130642.500 -11.780
388411.500 130643.500 -11.810
388411.500 130644.500 -11.840
388411.500 130645.500 -11.855
388411.500 130646.500 -11.848
388411.500 130647.500 -11.850
388411.500 130648.500 -11.852
388411.500 130649.500 -11.857
388411.500 130650.500 -11.857
388411.500 130651.500 -11.852
388411.500 130652.500 -11.825
388411.500 130653.500 -11.812
388411.500 130654.500 -11.800
388411.500 130655.500 -11.762
388411.500 130656.500 -11.710
388411.500 130657.500 -11.700
388411.500 130658.500 -11.625
388412.500 130592.500 -11.393
388412.500 130593.500 -11.367
388412.500 130594.500 -11.382
388412.500 130595.500 -11.380
388412.500 130596.500 -11.385
388412.500 130597.500 -11.380
388412.500 130598.500 -11.395
388412.500 130599.500 -11.408
388412.500 130600.500 -11.425
388412.500 130601.500 -11.457
388412.500 130602.500 -11.518
388412.500 130603.500 -11.542
388412.500 130604.500 -11.570
388412.500 130605.500 -11.602
388412.500 130606.500 -11.602
388412.500 130607.500 -11.605
388412.500 130608.500 -11.620
388412.500 130609.500 -11.640
388412.500 130610.500 -11.678
388412.500 130611.500 -11.695
388412.500 130612.500 -11.658
388412.500 130613.500 -11.707
388412.500 130614.500 -11.735
388412.500 130615.500 -11.758
388412.500 130616.500 -11.780
388412.500 130617.500 -11.752
388412.500 130618.500 -11.762
388412.500 130619.500 -11.798
388412.500 130620.500 -11.782
388412.500 130621.500 -11.727
388412.500 130622.500 -11.658
388412.500 130623.500 -11.675
388412.500 130624.500 -11.655
388412.500 130625.500 -11.655
388412.500 130626.500 -11.647
388412.500 130627.500 -11.637
388412.500 130628.500 -11.660
388412.500 130629.500 -11.680
388412.500 130630.500 -11.700
388412.500 130631.500 -11.710
388412.500 130632.500 -11.712
388412.500 130633.500 -11.700
388412.500 130634.500 -11.700
388412.500 130635.500 -11.693
388412.500 130636.500 -11.697
388412.500 130637.500 -11.717
388412.500 130638.500 -11.725
388412.500 130639.500 -11.730
388412.500 130640.500 -11.745
388412.500 130641.500 -11.777
388412.500 130642.500 -11.795
388412.500 130643.500 -11.822
388412.500 130644.500 -11.840
388412.500 130645.500 -11.852
388412.500 130646.500 -11.867
388412.500 130647.500 -11.857
388412.500 130648.500 -11.857
388412.500 130649.500 -11.860
388412.500 130650.500 -11.833
388412.500 130651.500 -11.815
388412.500 130652.500 -11.797
388412.500 130653.500 -11.782
388412.500 130654.500 -11.782
388412.500 130655.500 -11.770
388412.500 130656.500 -11.745
388412.500 130657.500 -11.730
388413.500 130592.500 -11.492
388413.500 130593.500 -11.470
388413.500 130594.500 -11.440
388413.500 130595.500 -11.435
388413.500 130596.500 -11.432
388413.500 130597.500 -11.425
388413.500 130598.500 -11.442
388413.500 130599.500 -11.435
388413.500 130600.500 -11.445
388413.500 130601.500 -11.490
388413.500 130602.500 -11.547
388413.500 130603.500 -11.568
388413.500 130604.500 -11.592
388413.500 130605.500 -11.627
388413.500 130606.500 -11.623
388413.500 130607.500 -11.623
388413.500 130608.500 -11.643
388413.500 130609.500 -11.673
388413.500 130610.500 -11.703
388413.500 130611.500 -11.697
388413.500 130612.500 -11.700
388413.500 130613.500 -11.705
388413.500 130614.500 -11.747
388413.500 130615.500 -11.763
388413.500 130616.500 -11.772
388413.500 130617.500 -11.768
388413.500 130618.500 -11.775
388413.500 130619.500 -11.805
388413.500 130620.500 -11.790
388413.500 130621.500 -11.752
388413.500 130622.500 -11.687
388413.500 130623.500 -11.692
388413.500 130624.500 -11.685
388413.500 130625.500 -11.682
388413.500 130626.500 -11.682
388413.500 130627.500 -11.658
388413.500 130628.500 -11.658
388413.500 130629.500 -11.677
388413.500 130630.500 -11.685
388413.500 130631.500 -11.688
388413.500 130632.500 -11.695
388413.500 130633.500 -11.678
388413.500 130634.500 -11.682
388413.500 130635.500 -11.683
388413.500 130636.500 -11.690
388413.500 130637.500 -11.707
388413.500 130638.500 -11.723
388413.500 130639.500 -11.735
388413.500 130640.500 -11.755
388413.500 130641.500 -11.790
388413.500 130642.500 -11.800
388413.500 130643.500 -11.822
388413.500 130644.500 -11.838
388413.500 130645.500 -11.850
388413.500 130646.500 -11.862
388413.500 130647.500 -11.865
388413.500 130648.500 -11.870
388413.500 130649.500 -11.860
388413.500 130650.500 -11.830
388413.500 130651.500 -11.803
388413.500 130652.500 -11.785
388413.500 130653.500 -11.777
388413.500 130654.500 -11.772
388413.500 130655.500 -11.768
388413.500 130656.500 -11.740
388414.500 130592.500 -11.575
388414.500 130593.500 -11.565
388414.500 130594.500 -11.528
388414.500 130595.500 -11.518
388414.500 130596.500 -11.505
388414.500 130597.500 -11.490
388414.500 130598.500 -11.482
388414.500 130599.500 -11.490
388414.500 130600.500 -11.502
388414.500 130601.500 -11.532
388414.500 130602.500 -11.557
388414.500 130603.500 -11.588
388414.500 130604.500 -11.610
388414.500 130605.500 -11.640
388414.500 130606.500 -11.630
388414.500 130607.500 -11.630
388414.500 130608.500 -11.650
388414.500 130609.500 -11.673
388414.500 130610.500 -11.710
388414.500 130611.500 -11.715
388414.500 130612.500 -11.712
388414.500 130613.500 -11.682
388414.500 130614.500 -11.740
388414.500 130615.500 -11.765
388414.500 130616.500 -11.790
388414.500 130617.500 -11.790
388414.500 130618.500 -11.812
388414.500 130619.500 -11.803
388414.500 130620.500 -11.815
388414.500 130621.500 -11.787
388414.500 130622.500 -11.720
388414.500 130623.500 -11.707
388414.500 130624.500 -11.697
388414.500 130625.500 -11.700
388414.500 130626.500 -11.710
388414.500 130627.500 -11.687
388414.500 130628.500 -11.675
388414.500 130629.500 -11.690
388414.500 130630.500 -11.707
388414.500 130631.500 -11.715
388414.500 130632.500 -11.702
388414.500 130633.500 -11.678
388414.500 130634.500 -11.670
388414.500 130635.500 -11.672
388414.500 130636.500 -11.685
388414.500 130637.500 -11.707
388414.500 130638.500 -11.737
388414.500 130639.500 -11.745
388414.500 130640.500 -11.755
388414.500 130641.500 -11.760
388414.500 130642.500 -11.780
388414.500 130643.500 -11.807
388414.500 130644.500 -11.807
388414.500 130645.500 -11.835
388414.500 130646.500 -11.855
388414.500 130647.500 -11.857
388414.500 130648.500 -11.840
388414.500 130649.500 -11.843
388414.500 130650.500 -11.822
388414.500 130651.500 -11.807
388414.500 130652.500 -11.797
388414.500 130653.500 -11.780
388414.500 130654.500 -11.760
388414.500 130655.500 -11.745
388414.500 130656.500 -11.720
388415.500 130592.500 -11.602
388415.500 130593.500 -11.588
388415.500 130594.500 -11.568
388415.500 130595.500 -11.560
388415.500 130596.500 -11.553
388415.500 130597.500 -11.540
388415.500 130598.500 -11.550
388415.500 130599.500 -11.557
388415.500 130600.500 -11.563
388415.500 130601.500 -11.562
388415.500 130602.500 -11.592
388415.500 130603.500 -11.635
388415.500 130604.500 -11.637
388415.500 130605.500 -11.660
388415.500 130606.500 -11.643
388415.500 130607.500 -11.645
388415.500 130608.500 -11.668
388415.500 130609.500 -11.688
388415.500 130610.500 -11.725
388415.500 130611.500 -11.732
388415.500 130612.500 -11.723
388415.500 130613.500 -11.697
388415.500 130614.500 -11.705
388415.500 130615.500 -11.765
388415.500 130616.500 -11.797
388415.500 130617.500 -11.817
388415.500 130618.500 -11.815
388415.500 130619.500 -11.807
388415.500 130620.500 -11.840
388415.500 130621.500 -11.850
388415.500 130622.500 -11.750
388415.500 130623.500 -11.730
388415.500 130624.500 -11.712
388415.500 130625.500 -11.712
388415.500 130626.500 -11.728
388415.500 130627.500 -11.710
388415.500 130628.500 -11.697
388415.500 130629.500 -11.702
388415.500 130630.500 -11.732
388415.500 130631.500 -11.742
388415.500 130632.500 -11.730
388415.500 130633.500 -11.715
388415.500 130634.500 -11.702
388415.500 130635.500 -11.693
388415.500 130636.500 -11.688
388415.500 130637.500 -11.710
388415.500 130638.500 -11.760
388415.500 130639.500 -11.762
388415.500 130640.500 -11.737
388415.500 130641.500 -11.723
388415.500 130642.500 -11.748
388415.500 130643.500 -11.785
388415.500 130644.500 -11.785
388415.500 130645.500 -11.812
388415.500 130646.500 -11.838
388415.500 130647.500 -11.848
388415.500 130648.500 -11.833
388415.500 130649.500 -11.825
388415.500 130650.500 -11.818
388415.500 130651.500 -11.810
388415.500 130652.500 -11.803
388415.500 130653.500 -11.785
388415.500 130654.500 -11.770
388415.500 130655.500 -11.750
388416.500 130592.500 -11.607
388416.500 130593.500 -11.598
388416.500 130594.500 -11.600
388416.500 130595.500 -11.600
388416.500 130596.500 -11.600
388416.500 130597.500 -11.585
388416.500 130598.500 -11.607
388416.500 130599.500 -11.625
388416.500 130600.500 -11.602
388416.500 130601.500 -11.605
388416.500 130602.500 -11.645
388416.500 130603.500 -11.675
388416.500 130604.500 -11.678
388416.500 130605.500 -11.678
388416.500 130606.500 -11.668
388416.500 130607.500 -11.672
388416.500 130608.500 -11.687
388416.500 130609.500 -11.695
388416.500 130610.500 -11.725
388416.500 130611.500 -11.730
388416.500 130612.500 -11.732
388416.500 130613.500 -11.732
388416.500 130614.500 -11.682
388416.500 130615.500 -11.758
388416.500 130616.500 -11.797
388416.500 130617.500 -11.833
388416.500 130618.500 -11.820
388416.500 130619.500 -11.817
388416.500 130620.500 -11.843
388416.500 130621.500 -11.765
388416.500 130622.500 -11.752
388416.500 130623.500 -11.745
388416.500 130624.500 -11.730
388416.500 130625.500 -11.725
388416.500 130626.500 -11.735
388416.500 130627.500 -11.728
388416.500 130628.500 -11.715
388416.500 130629.500 -11.715
388416.500 130630.500 -11.750
388416.500 130631.500 -11.760
388416.500 130632.500 -11.747
388416.500 130633.500 -11.738
388416.500 130634.500 -11.728
388416.500 130635.500 -11.717
388416.500 130636.500 -11.702
388416.500 130637.500 -11.742
388416.500 130638.500 -11.752
388416.500 130639.500 -11.740
388416.500 130640.500 -11.730
388416.500 130641.500 -11.717
388416.500 130642.500 -11.732
388416.500 130643.500 -11.765
388416.500 130644.500 -11.772
388416.500 130645.500 -11.792
388416.500 130646.500 -11.797
388416.500 130647.500 -11.807
388416.500 130648.500 -11.810
388416.500 130649.500 -11.803
388416.500 130650.500 -11.798
388416.500 130651.500 -11.795
388416.500 130652.500 -11.790
388416.500 130653.500 -11.782
388416.500 130654.500 -11.777
388417.500 130592.500 -11.623
388417.500 130593.500 -11.617
388417.500 130594.500 -11.617
388417.500 130595.500 -11.630
388417.500 130596.500 -11.625
388417.500 130597.500 -11.625
388417.500 130598.500 -11.640
388417.500 130599.500 -11.635
388417.500 130600.500 -11.617
388417.500 130601.500 -11.632
388417.500 130602.500 -11.675
388417.500 130603.500 -11.692
388417.500 130604.500 -11.697
388417.500 130605.500 -11.717
388417.500 130606.500 -11.710
388417.500 130607.500 -11.712
388417.500 130608.500 -11.710
388417.500 130609.500 -11.720
388417.500 130610.500 -11.740
388417.500 130611.500 -11.742
388417.500 130612.500 -11.742
388417.500 130613.500 -11.768
388417.500 130614.500 -11.700
388417.500 130615.500 -11.748
388417.500 130616.500 -11.803
388417.500 130617.500 -11.825
388417.500 130618.500 -11.845
388417.500 130619.500 -11.848
388417.500 130620.500 -11.870
388417.500 130621.500 -11.785
388417.500 130622.500 -11.750
388417.500 130623.500 -11.745
388417.500 130624.500 -11.742
388417.500 130625.500 -11.738
388417.500 130626.500 -11.755
388417.500 130627.500 -11.740
388417.500 130628.500 -11.735
388417.500 130629.500 -11.735
388417.500 130630.500 -11.740
388417.500 130631.500 -11.750
388417.500 130632.500 -11.757
388417.500 130633.500 -11.750
388417.500 130634.500 -11.738
388417.500 130635.500 -11.728
388417.500 130636.500 -11.732
388417.500 130637.500 -11.740
388417.500 130638.500 -11.750
388417.500 130639.500 -11.727
388417.500 130640.500 -11.715
388417.500 130641.500 -11.728
388417.500 130642.500 -11.747
388417.500 130643.500 -11.752
388417.500 130644.500 -11.768
388417.500 130645.500 -11.772
388417.500 130646.500 -11.773
388417.500 130647.500 -11.777
388417.500 130648.500 -11.777
388417.500 130649.500 -11.780
388417.500 130650.500 -11.777
388417.500 130651.500 -11.780
388417.500 130652.500 -11.785
388417.500 130653.500 -11.782
388417.500 130654.500 -11.780
388418.500 130592.500 -11.647
388418.500 130593.500 -11.642
388418.500 130594.500 -11.647
388418.500 130595.500 -11.653
388418.500 130596.500 -11.642
388418.500 130597.500 -11.637
388418.500 130598.500 -11.633
388418.500 130599.500 -11.623
388418.500 130600.500 -11.630
388418.500 130601.500 -11.647
388418.500 130602.500 -11.688
388418.500 130603.500 -11.702
388418.500 130604.500 -11.720
388418.500 130605.500 -11.745
388418.500 130606.500 -11.732
388418.500 130607.500 -11.735
388418.500 130608.500 -11.725
388418.500 130609.500 -11.745
388418.500 130610.500 -11.747
388418.500 130611.500 -11.742
388418.500 130612.500 -11.750
388418.500 130613.500 -11.768
388418.500 130614.500 -11.742
388418.500 130615.500 -11.748
388418.500 130616.500 -11.812
388418.500 130617.500 -11.810
388418.500 130618.500 -11.852
388418.500 130619.500 -11.870
388418.500 130620.500 -11.890
388418.500 130621.500 -11.807
388418.500 130622.500 -11.762
388418.500 130623.500 -11.738
388418.500 130624.500 -11.762
388418.500 130625.500 -11.773
388418.500 130626.500 -11.782
388418.500 130627.500 -11.760
388418.500 130628.500 -11.750
388418.500 130629.500 -11.752
388418.500 130630.500 -11.745
388418.500 130631.500 -11.752
388418.500 130632.500 -11.755
388418.500 130633.500 -11.748
388418.500 130634.500 -11.730
388418.500 130635.500 -11.730
388418.500 130636.500 -11.745
388418.500 130637.500 -11.728
388418.500 130638.500 -11.732
388418.500 130639.500 -11.717
388418.500 130640.500 -11.723
388418.500 130641.500 -11.733
388418.500 130642.500 -11.740
388418.500 130643.500 -11.742
388418.500 130644.500 -11.742
388418.500 130645.500 -11.740
388418.500 130646.500 -11.755
388418.500 130647.500 -11.758
388418.500 130648.500 -11.755
388418.500 130649.500 -11.755
388418.500 130650.500 -11.752
388418.500 130651.500 -11.763
388418.500 130652.500 -11.772
388418.500 130653.500 -11.767
388419.500 130592.500 -11.635
388419.500 130593.500 -11.647
388419.500 130594.500 -11.658
388419.500 130595.500 -11.655
388419.500 130596.500 -11.643
388419.500 130597.500 -11.633
388419.500 130598.500 -11.635
388419.500 130599.500 -11.638
388419.500 130600.500 -11.653
388419.500 130601.500 -11.672
388419.500 130602.500 -11.685
388419.500 130603.500 -11.705
388419.500 130604.500 -11.738
388419.500 130605.500 -11.745
388419.500 130606.500 -11.728
388419.500 130607.500 -11.745
388419.500 130608.500 -11.735
388419.500 130609.500 -11.745
388419.500 130610.500 -11.760
388419.500 130611.500 -11.752
388419.500 130612.500 -11.768
388419.500 130613.500 -11.752
388419.500 130614.500 -11.775
388419.500 130615.500 -11.768
388419.500 130616.500 -11.800
388419.500 130617.500 -11.848
388419.500 130618.500 -11.873
388419.500 130619.500 -11.893
388419.500 130620.500 -11.920
388419.500 130621.500 -11.822
388419.500 130622.500 -11.777
388419.500 130623.500 -11.772
388419.500 130624.500 -11.807
388419.500 130625.500 -11.805
388419.500 130626.500 -11.798
388419.500 130627.500 -11.777
388419.500 130628.500 -11.770
388419.500 130629.500 -11.775
388419.500 130630.500 -11.768
388419.500 130631.500 -11.752
388419.500 130632.500 -11.745
388419.500 130633.500 -11.727
388419.500 130634.500 -11.735
388419.500 130635.500 -11.730
388419.500 130636.500 -11.725
388419.500 130637.500 -11.717
388419.500 130638.500 -11.717
388419.500 130639.500 -11.710
388419.500 130640.500 -11.712
388419.500 130641.500 -11.715
388419.500 130642.500 -11.712
388419.500 130643.500 -11.710
388419.500 130644.500 -11.705
388419.500 130645.500 -11.703
388419.500 130646.500 -11.725
388419.500 130647.500 -11.727
388419.500 130648.500 -11.723
388419.500 130649.500 -11.723
388419.500 130650.500 -11.735
388419.500 130651.500 -11.738
388419.500 130652.500 -11.738
388420.500 130592.500 -11.620
388420.500 130593.500 -11.630
388420.500 130594.500 -11.642
388420.500 130595.500 -11.648
388420.500 130596.500 -11.642
388420.500 130597.500 -11.645
388420.500 130598.500 -11.647
388420.500 130599.500 -11.650
388420.500 130600.500 -11.652
388420.500 130601.500 -11.660
388420.500 130602.500 -11.685
388420.500 130603.500 -11.703
388420.500 130604.500 -11.732
388420.500 130605.500 -11.740
388420.500 130606.500 -11.725
388420.500 130607.500 -11.730
388420.500 130608.500 -11.755
388420.500 130609.500 -11.780
388420.500 130610.500 -11.770
388420.500 130611.500 -11.780
388420.500 130612.500 -11.775
388420.500 130613.500 -11.775
388420.500 130614.500 -11.795
388420.500 130615.500 -11.823
388420.500 130616.500 -11.850
388420.500 130617.500 -11.872
388420.500 130618.500 -11.900
388420.500 130619.500 -11.927
388420.500 130620.500 -11.900
388420.500 130621.500 -11.877
388420.500 130622.500 -11.852
388420.500 130623.500 -11.838
388420.500 130624.500 -11.825
388420.500 130625.500 -11.827
388420.500 130626.500 -11.810
388420.500 130627.500 -11.787
388420.500 130628.500 -11.775
388420.500 130629.500 -11.780
388420.500 130630.500 -11.777
388420.500 130631.500 -11.748
388420.500 130632.500 -11.738
388420.500 130633.500 -11.725
388420.500 130634.500 -11.732
388420.500 130635.500 -11.728
388420.500 130636.500 -11.702
388420.500 130637.500 -11.697
388420.500 130638.500 -11.692
388420.500 130639.500 -11.693
388420.500 130640.500 -11.695
388420.500 130641.500 -11.687
388420.500 130642.500 -11.685
388420.500 130643.500 -11.685
388420.500 130644.500 -11.672
388420.500 130645.500 -11.677
388420.500 130646.500 -11.690
388420.500 130647.500 -11.695
388420.500 130648.500 -11.692
388420.500 130649.500 -11.690
388420.500 130650.500 -11.700
388420.500 130651.500 -11.710
388420.500 130652.500 -11.707
388421.500 130592.500 -11.610
388421.500 130593.500 -11.620
388421.500 130594.500 -11.625
388421.500 130595.500 -11.633
388421.500 130596.500 -11.635
388421.500 130597.500 -11.645
388421.500 130598.500 -11.640
388421.500 130599.500 -11.645
388421.500 130600.500 -11.658
388421.500 130601.500 -11.665
388421.500 130602.500 -11.672
388421.500 130603.500 -11.695
388421.500 130604.500 -11.732
388421.500 130605.500 -11.742
388421.500 130606.500 -11.735
388421.500 130607.500 -11.747
388421.500 130608.500 -11.765
388421.500 130609.500 -11.798
388421.500 130610.500 -11.792
388421.500 130611.500 -11.792
388421.500 130612.500 -11.777
388421.500 130613.500 -11.792
388421.500 130614.500 -11.807
388421.500 130615.500 -11.830
388421.500 130616.500 -11.848
388421.500 130617.500 -11.857
388421.500 130618.500 -11.888
388421.500 130619.500 -11.960
388421.500 130620.500 -11.867
388421.500 130621.500 -11.880
388421.500 130622.500 -11.877
388421.500 130623.500 -11.860
388421.500 130624.500 -11.832
388421.500 130625.500 -11.822
388421.500 130626.500 -11.803
388421.500 130627.500 -11.795
388421.500 130628.500 -11.782
388421.500 130629.500 -11.770
388421.500 130630.500 -11.770
388421.500 130631.500 -11.742
388421.500 130632.500 -11.738
388421.500 130633.500 -11.722
388421.500 130634.500 -11.710
388421.500 130635.500 -11.710
388421.500 130636.500 -11.700
388421.500 130637.500 -11.690
388421.500 130638.500 -11.692
388421.500 130639.500 -11.690
388421.500 130640.500 -11.685
388421.500 130641.500 -11.670
388421.500 130642.500 -11.658
388421.500 130643.500 -11.652
388421.500 130644.500 -11.643
388421.500 130645.500 -11.640
388421.500 130646.500 -11.650
388421.500 130647.500 -11.655
388421.500 130648.500 -11.670
388421.500 130649.500 -11.668
388421.500 130650.500 -11.665
388421.500 130651.500 -11.672
388422.500 130592.500 -11.592
388422.500 130593.500 -11.592
388422.500 130594.500 -11.605
388422.500 130595.500 -11.615
388422.500 130596.500 -11.610
388422.500 130597.500 -11.600
388422.500 130598.500 -11.598
388422.500 130599.500 -11.640
388422.500 130600.500 -11.653
388422.500 130601.500 -11.660
388422.500 130602.500 -11.662
388422.500 130603.500 -11.687
388422.500 130604.500 -11.712
388422.500 130605.500 -11.730
388422.500 130606.500 -11.720
388422.500 130607.500 -11.745
388422.500 130608.500 -11.765
388422.500 130609.500 -11.790
388422.500 130610.500 -11.795
388422.500 130611.500 -11.810
388422.500 130612.500 -11.800
388422.500 130613.500 -11.810
388422.500 130614.500 -11.830
388422.500 130615.500 -11.840
388422.500 130616.500 -11.820
388422.500 130617.500 -11.812
388422.500 130618.500 -11.835
388422.500 130619.500 -11.810
388422.500 130620.500 -11.845
388422.500 130621.500 -11.870
388422.500 130622.500 -11.857
388422.500 130623.500 -11.840
388422.500 130624.500 -11.830
388422.500 130625.500 -11.820
388422.500 130626.500 -11.795
388422.500 130627.500 -11.780
388422.500 130628.500 -11.775
388422.500 130629.500 -11.768
388422.500 130630.500 -11.755
388422.500 130631.500 -11.752
388422.500 130632.500 -11.740
388422.500 130633.500 -11.720
388422.500 130634.500 -11.703
388422.500 130635.500 -11.697
388422.500 130636.500 -11.693
388422.500 130637.500 -11.695
388422.500 130638.500 -11.680
388422.500 130639.500 -11.682
388422.500 130640.500 -11.670
388422.500 130641.500 -11.648
388422.500 130642.500 -11.637
388422.500 130643.500 -11.630
388422.500 130644.500 -11.610
388422.500 130645.500 -11.610
388422.500 130646.500 -11.607
388422.500 130647.500 -11.615
388422.500 130648.500 -11.632
388422.500 130649.500 -11.642
388422.500 130650.500 -11.645
388423.500 130592.500 -11.590
388423.500 130593.500 -11.585
388423.500 130594.500 -11.580
388423.500 130595.500 -11.585
388423.500 130596.500 -11.565
388423.500 130597.500 -11.565
388423.500 130598.500 -11.565
388423.500 130599.500 -11.617
388423.500 130600.500 -11.640
388423.500 130601.500 -11.650
388423.500 130602.500 -11.655
388423.500 130603.500 -11.682
388423.500 130604.500 -11.700
388423.500 130605.500 -11.715
388423.500 130606.500 -11.722
388423.500 130607.500 -11.725
388423.500 130608.500 -11.752
388423.500 130609.500 -11.763
388423.500 130610.500 -11.787
388423.500 130611.500 -11.812
388423.500 130612.500 -11.810
388423.500 130613.500 -11.807
388423.500 130614.500 -11.838
388423.500 130615.500 -11.833
388423.500 130616.500 -11.818
388423.500 130617.500 -11.813
388423.500 130618.500 -11.880
388423.500 130619.500 -11.790
388423.500 130620.500 -11.825
388423.500 130621.500 -11.845
388423.500 130622.500 -11.838
388423.500 130623.500 -11.800
388423.500 130624.500 -11.790
388423.500 130625.500 -11.805
388423.500 130626.500 -11.807
388423.500 130627.500 -11.755
388423.500 130628.500 -11.745
388423.500 130629.500 -11.745
388423.500 130630.500 -11.738
388423.500 130631.500 -11.745
388423.500 130632.500 -11.738
388423.500 130633.500 -11.710
388423.500 130634.500 -11.685
388423.500 130635.500 -11.690
388423.500 130636.500 -11.690
388423.500 130637.500 -11.680
388423.500 130638.500 -11.667
388423.500 130639.500 -11.668
388423.500 130640.500 -11.647
388423.500 130641.500 -11.620
388423.500 130642.500 -11.615
388423.500 130643.500 -11.607
388423.500 130644.500 -11.595
388423.500 130645.500 -11.585
388423.500 130646.500 -11.577
388423.500 130647.500 -11.588
388423.500 130648.500 -11.615
388423.500 130649.500 -11.623
388423.500 130650.500 -11.612
388424.500 130592.500 -11.590
388424.500 130593.500 -11.570
388424.500 130594.500 -11.545
388424.500 130595.500 -11.547
388424.500 130596.500 -11.545
388424.500 130597.500 -11.547
388424.500 130598.500 -11.550
388424.500 130599.500 -11.607
388424.500 130600.500 -11.620
388424.500 130601.500 -11.617
388424.500 130602.500 -11.637
388424.500 130603.500 -11.660
388424.500 130604.500 -11.695
388424.500 130605.500 -11.723
388424.500 130606.500 -11.725
388424.500 130607.500 -11.712
388424.500 130608.500 -11.725
388424.500 130609.500 -11.745
388424.500 130610.500 -11.777
388424.500 130611.500 -11.790
388424.500 130612.500 -11.783
388424.500 130613.500 -11.782
388424.500 130614.500 -11.822
388424.500 130615.500 -11.803
388424.500 130616.500 -11.797
388424.500 130617.500 -11.815
388424.500 130618.500 -11.780
388424.500 130619.500 -11.800
388424.500 130620.500 -11.818
388424.500 130621.500 -11.815
388424.500 130622.500 -11.807
388424.500 130623.500 -11.777
388424.500 130624.500 -11.765
388424.500 130625.500 -11.780
388424.500 130626.500 -11.785
388424.500 130627.500 -11.768
388424.500 130628.500 -11.745
388424.500 130629.500 -11.738
388424.500 130630.500 -11.733
388424.500 130631.500 -11.742
388424.500 130632.500 -11.722
388424.500 130633.500 -11.710
388424.500 130634.500 -11.702
388424.500 130635.500 -11.693
388424.500 130636.500 -11.682
388424.500 130637.500 -11.680
388424.500 130638.500 -11.658
388424.500 130639.500 -11.655
388424.500 130640.500 -11.640
388424.500 130641.500 -11.617
388424.500 130642.500 -11.590
388424.500 130643.500 -11.580
388424.500 130644.500 -11.590
388424.500 130645.500 -11.572
388424.500 130646.500 -11.565
388424.500 130647.500 -11.575
388424.500 130648.500 -11.600
388424.500 130649.500 -11.610
388425.500 130592.500 -11.592
388425.500 130593.500 -11.575
388425.500 130594.500 -11.553
388425.500 130595.500 -11.532
388425.500 130596.500 -11.530
388425.500 130597.500 -11.552
388425.500 130598.500 -11.565
388425.500 130599.500 -11.595
388425.500 130600.500 -11.600
388425.500 130601.500 -11.605
388425.500 130602.500 -11.627
388425.500 130603.500 -11.632
388425.500 130604.500 -11.678
388425.500 130605.500 -11.715
388425.500 130606.500 -11.722
388425.500 130607.500 -11.712
388425.500 130608.500 -11.705
388425.500 130609.500 -11.747
388425.500 130610.500 -11.755
388425.500 130611.500 -11.780
388425.500 130612.500 -11.777
388425.500 130613.500 -11.775
388425.500 130614.500 -11.787
388425.500 130615.500 -11.790
388425.500 130616.500 -11.783
388425.500 130617.500 -11.780
388425.500 130618.500 -11.740
388425.500 130619.500 -11.782
388425.500 130620.500 -11.795
388425.500 130621.500 -11.798
388425.500 130622.500 -11.780
388425.500 130623.500 -11.760
388425.500 130624.500 -11.760
388425.500 130625.500 -11.765
388425.500 130626.500 -11.777
388425.500 130627.500 -11.772
388425.500 130628.500 -11.780
388425.500 130629.500 -11.765
388425.500 130630.500 -11.728
388425.500 130631.500 -11.733
388425.500 130632.500 -11.712
388425.500 130633.500 -11.707
388425.500 130634.500 -11.703
388425.500 130635.500 -11.685
388425.500 130636.500 -11.672
388425.500 130637.500 -11.675
388425.500 130638.500 -11.658
388425.500 130639.500 -11.635
388425.500 130640.500 -11.635
388425.500 130641.500 -11.627
388425.500 130642.500 -11.595
388425.500 130643.500 -11.570
388425.500 130644.500 -11.580
388425.500 130645.500 -11.570
388425.500 130646.500 -11.555
388425.500 130647.500 -11.572
388425.500 130648.500 -11.595
388426.500 130592.500 -11.582
388426.500 130593.500 -11.588
388426.500 130594.500 -11.582
388426.500 130595.500 -11.548
388426.500 130596.500 -11.550
388426.500 130597.500 -11.585
388426.500 130598.500 -11.595
388426.500 130599.500 -11.590
388426.500 130600.500 -11.590
388426.500 130601.500 -11.598
388426.500 130602.500 -11.610
388426.500 130603.500 -11.612
388426.500 130604.500 -11.655
388426.500 130605.500 -11.700
388426.500 130606.500 -11.710
388426.500 130607.500 -11.707
388426.500 130608.500 -11.705
388426.500 130609.500 -11.737
388426.500 130610.500 -11.750
388426.500 130611.500 -11.763
388426.500 130612.500 -11.782
388426.500 130613.500 -11.772
388426.500 130614.500 -11.765
388426.500 130615.500 -11.783
388426.500 130616.500 -11.768
388426.500 130617.500 -11.810
388426.500 130618.500 -11.732
388426.500 130619.500 -11.768
388426.500 130620.500 -11.787
388426.500 130621.500 -11.790
388426.500 130622.500 -11.760
388426.500 130623.500 -11.747
388426.500 130624.500 -11.758
388426.500 130625.500 -11.760
388426.500 130626.500 -11.772
388426.500 130627.500 -11.803
388426.500 130628.500 -11.785
388426.500 130629.500 -11.755
388426.500 130630.500 -11.738
388426.500 130631.500 -11.725
388426.500 130632.500 -11.707
388426.500 130633.500 -11.697
388426.500 130634.500 -11.693
388426.500 130635.500 -11.682
388426.500 130636.500 -11.662
388426.500 130637.500 -11.660
388426.500 130638.500 -11.647
388426.500 130639.500 -11.630
388426.500 130640.500 -11.617
388426.500 130641.500 -11.612
388426.500 130642.500 -11.605
388426.500 130643.500 -11.585
388426.500 130644.500 -11.583
388426.500 130645.500 -11.582
388426.500 130646.500 -11.562
388426.500 130647.500 -11.585
388426.500 130648.500 -11.595
388427.500 130592.500 -11.562
388427.500 130593.500 -11.580
388427.500 130594.500 -11.580
388427.500 130595.500 -11.550
388427.500 130596.500 -11.568
388427.500 130597.500 -11.598
388427.500 130598.500 -11.607
388427.500 130599.500 -11.600
388427.500 130600.500 -11.605
388427.500 130601.500 -11.607
388427.500 130602.500 -11.600
388427.500 130603.500 -11.598
388427.500 130604.500 -11.637
388427.500 130605.500 -11.660
388427.500 130606.500 -11.670
388427.500 130607.500 -11.682
388427.500 130608.500 -11.700
388427.500 130609.500 -11.715
388427.500 130610.500 -11.748
388427.500 130611.500 -11.760
388427.500 130612.500 -11.775
388427.500 130613.500 -11.768
388427.500 130614.500 -11.755
388427.500 130615.500 -11.768
388427.500 130616.500 -11.773
388427.500 130617.500 -11.720
388427.500 130618.500 -11.730
388427.500 130619.500 -11.763
388427.500 130620.500 -11.765
388427.500 130621.500 -11.758
388427.500 130622.500 -11.738
388427.500 130623.500 -11.727
388427.500 130624.500 -11.745
388427.500 130625.500 -11.750
388427.500 130626.500 -11.772
388427.500 130627.500 -11.780
388427.500 130628.500 -11.770
388427.500 130629.500 -11.740
388427.500 130630.500 -11.730
388427.500 130631.500 -11.725
388427.500 130632.500 -11.717
388427.500 130633.500 -11.697
388427.500 130634.500 -11.690
388427.500 130635.500 -11.670
388427.500 130636.500 -11.647
388427.500 130637.500 -11.640
388427.500 130638.500 -11.620
388427.500 130639.500 -11.612
388427.500 130640.500 -11.612
388427.500 130641.500 -11.602
388427.500 130642.500 -11.595
388427.500 130643.500 -11.595
388427.500 130644.500 -11.600
388427.500 130645.500 -11.602
388427.500 130646.500 -11.585
388427.500 130647.500 -11.593
388428.500 130592.500 -11.568
388428.500 130593.500 -11.568
388428.500 130594.500 -11.560
388428.500 130595.500 -11.540
388428.500 130596.500 -11.545
388428.500 130597.500 -11.580
388428.500 130598.500 -11.593
388428.500 130599.500 -11.602
388428.500 130600.500 -11.612
388428.500 130601.500 -11.615
388428.500 130602.500 -11.592
388428.500 130603.500 -11.578
388428.500 130604.500 -11.620
388428.500 130605.500 -11.632
388428.500 130606.500 -11.627
388428.500 130607.500 -11.630
388428.500 130608.500 -11.647
388428.500 130609.500 -11.682
388428.500 130610.500 -11.720
388428.500 130611.500 -11.725
388428.500 130612.500 -11.732
388428.500 130613.500 -11.752
388428.500 130614.500 -11.758
388428.500 130615.500 -11.748
388428.500 130616.500 -11.790
388428.500 130617.500 -11.672
388428.500 130618.500 -11.710
388428.500 130619.500 -11.738
388428.500 130620.500 -11.745
388428.500 130621.500 -11.725
388428.500 130622.500 -11.717
388428.500 130623.500 -11.717
388428.500 130624.500 -11.747
388428.500 130625.500 -11.755
388428.500 130626.500 -11.765
388428.500 130627.500 -11.757
388428.500 130628.500 -11.740
388428.500 130629.500 -11.728
388428.500 130630.500 -11.725
388428.500 130631.500 -11.728
388428.500 130632.500 -11.740
388428.500 130633.500 -11.730
388428.500 130634.500 -11.712
388428.500 130635.500 -11.685
388428.500 130636.500 -11.640
388428.500 130637.500 -11.615
388428.500 130638.500 -11.600
388428.500 130639.500 -11.600
388428.500 130640.500 -11.598
388428.500 130641.500 -11.605
388428.500 130642.500 -11.593
388428.500 130643.500 -11.598
388428.500 130644.500 -11.602
388428.500 130645.500 -11.602
388428.500 130646.500 -11.595
388429.500 130592.500 -11.553
388429.500 130593.500 -11.560
388429.500 130594.500 -11.550
388429.500 130595.500 -11.525
388429.500 130596.500 -11.537
388429.500 130597.500 -11.560
388429.500 130598.500 -11.570
388429.500 130599.500 -11.570
388429.500 130600.500 -11.600
388429.500 130601.500 -11.612
388429.500 130602.500 -11.588
388429.500 130603.500 -11.577
388429.500 130604.500 -11.602
388429.500 130605.500 -11.625
388429.500 130606.500 -11.625
388429.500 130607.500 -11.610
388429.500 130608.500 -11.635
388429.500 130609.500 -11.660
388429.500 130610.500 -11.668
388429.500 130611.500 -11.678
388429.500 130612.500 -11.708
388429.500 130613.500 -11.713
388429.500 130614.500 -11.725
388429.500 130615.500 -11.720
388429.500 130616.500 -11.682
388429.500 130617.500 -11.687
388429.500 130618.500 -11.688
388429.500 130619.500 -11.697
388429.500 130620.500 -11.702
388429.500 130621.500 -11.690
388429.500 130622.500 -11.707
388429.500 130623.500 -11.745
388429.500 130624.500 -11.758
388429.500 130625.500 -11.752
388429.500 130626.500 -11.765
388429.500 130627.500 -11.752
388429.500 130628.500 -11.730
388429.500 130629.500 -11.722
388429.500 130630.500 -11.725
388429.500 130631.500 -11.735
388429.500 130632.500 -11.730
388429.500 130633.500 -11.725
388429.500 130634.500 -11.710
388429.500 130635.500 -11.680
388429.500 130636.500 -11.652
388429.500 130637.500 -11.625
388429.500 130638.500 -11.600
388429.500 130639.500 -11.585
388429.500 130640.500 -11.570
388429.500 130641.500 -11.578
388429.500 130642.500 -11.582
388429.500 130643.500 -11.588
388429.500 130644.500 -11.590
388429.500 130645.500 -11.615
388429.500 130646.500 -11.605
388430.500 130592.500 -11.530
388430.500 130593.500 -11.532
388430.500 130594.500 -11.527
388430.500 130595.500 -11.508
388430.500 130596.500 -11.525
388430.500 130597.500 -11.550
388430.500 130598.500 -11.567
388430.500 130599.500 -11.575
388430.500 130600.500 -11.590
388430.500 130601.500 -11.615
388430.500 130602.500 -11.602
388430.500 130603.500 -11.602
388430.500 130604.500 -11.607
388430.500 130605.500 -11.635
388430.500 130606.500 -11.620
388430.500 130607.500 -11.605
388430.500 130608.500 -11.623
388430.500 130609.500 -11.640
388430.500 130610.500 -11.637
388430.500 130611.500 -11.632
388430.500 130612.500 -11.635
388430.500 130613.500 -11.647
388430.500 130614.500 -11.660
388430.500 130615.500 -11.643
388430.500 130616.500 -11.575
388430.500 130617.500 -11.650
388430.500 130618.500 -11.645
388430.500 130619.500 -11.640
388430.500 130620.500 -11.653
388430.500 130621.500 -11.680
388430.500 130622.500 -11.705
388430.500 130623.500 -11.730
388430.500 130624.500 -11.740
388430.500 130625.500 -11.745
388430.500 130626.500 -11.742
388430.500 130627.500 -11.727
388430.500 130628.500 -11.720
388430.500 130629.500 -11.725
388430.500 130630.500 -11.712
388430.500 130631.500 -11.710
388430.500 130632.500 -11.700
388430.500 130633.500 -11.695
388430.500 130634.500 -11.685
388430.500 130635.500 -11.668
388430.500 130636.500 -11.655
388430.500 130637.500 -11.632
388430.500 130638.500 -11.585
388430.500 130639.500 -11.563
388430.500 130640.500 -11.557
388430.500 130641.500 -11.578
388430.500 130642.500 -11.588
388430.500 130643.500 -11.590
388430.500 130644.500 -11.590
388430.500 130645.500 -11.602
388431.500 130592.500 -11.495
388431.500 130593.500 -11.510
388431.500 130594.500 -11.510
388431.500 130595.500 -11.505
388431.500 130596.500 -11.522
388431.500 130597.500 -11.537
388431.500 130598.500 -11.550
388431.500 130599.500 -11.572
388431.500 130600.500 -11.590
388431.500 130601.500 -11.595
388431.500 130602.500 -11.595
388431.500 130603.500 -11.602
388431.500 130604.500 -11.600
388431.500 130605.500 -11.610
388431.500 130606.500 -11.590
388431.500 130607.500 -11.590
388431.500 130608.500 -11.615
388431.500 130609.500 -11.622
388431.500 130610.500 -11.620
388431.500 130611.500 -11.617
388431.500 130612.500 -11.615
388431.500 130613.500 -11.610
388431.500 130614.500 -11.612
388431.500 130615.500 -11.590
388431.500 130616.500 -11.575
388431.500 130617.500 -11.575
388431.500 130618.500 -11.550
388431.500 130619.500 -11.540
388431.500 130620.500 -11.632
388431.500 130621.500 -11.633
388431.500 130622.500 -11.680
388431.500 130623.500 -11.710
388431.500 130624.500 -11.730
388431.500 130625.500 -11.720
388431.500 130626.500 -11.720
388431.500 130627.500 -11.715
388431.500 130628.500 -11.707
388431.500 130629.500 -11.707
388431.500 130630.500 -11.700
388431.500 130631.500 -11.670
388431.500 130632.500 -11.660
388431.500 130633.500 -11.650
388431.500 130634.500 -11.650
388431.500 130635.500 -11.660
388431.500 130636.500 -11.645
388431.500 130637.500 -11.617
388431.500 130638.500 -11.588
388431.500 130639.500 -11.553
388431.500 130640.500 -11.548
388431.500 130641.500 -11.567
388431.500 130642.500 -11.585
388431.500 130643.500 -11.588
388431.500 130644.500 -11.590
388432.500 130592.500 -11.470
388432.500 130593.500 -11.482
388432.500 130594.500 -11.475
388432.500 130595.500 -11.475
388432.500 130596.500 -11.495
388432.500 130597.500 -11.502
388432.500 130598.500 -11.520
388432.500 130599.500 -11.545
388432.500 130600.500 -11.550
388432.500 130601.500 -11.562
388432.500 130602.500 -11.560
388432.500 130603.500 -11.567
388432.500 130604.500 -11.590
388432.500 130605.500 -11.595
388432.500 130606.500 -11.570
388432.500 130607.500 -11.575
388432.500 130608.500 -11.595
388432.500 130609.500 -11.592
388432.500 130610.500 -11.595
388432.500 130611.500 -11.588
388432.500 130612.500 -11.607
388432.500 130613.500 -11.595
388432.500 130614.500 -11.600
388432.500 130615.500 -11.582
388432.500 130616.500 -11.567
388432.500 130617.500 -11.560
388432.500 130618.500 -11.525
388432.500 130619.500 -11.535
388432.500 130620.500 -11.585
388432.500 130621.500 -11.570
388432.500 130622.500 -11.580
388432.500 130623.500 -11.630
388432.500 130624.500 -11.715
388432.500 130625.500 -11.705
388432.500 130626.500 -11.695
388432.500 130627.500 -11.685
388432.500 130628.500 -11.685
388432.500 130629.500 -11.680
388432.500 130630.500 -11.670
388432.500 130631.500 -11.640
388432.500 130632.500 -11.622
388432.500 130633.500 -11.625
388432.500 130634.500 -11.650
388432.500 130635.500 -11.663
388432.500 130636.500 -11.640
388432.500 130637.500 -11.617
388432.500 130638.500 -11.592
388432.500 130639.500 -11.560
388432.500 130640.500 -11.557
388432.500 130641.500 -11.575
388432.500 130642.500 -11.590
388432.500 130643.500 -11.600
388432.500 130644.500 -11.595
388433.500 130592.500 -11.455
388433.500 130593.500 -11.452
388433.500 130594.500 -11.450
388433.500 130595.500 -11.450
388433.500 130596.500 -11.463
388433.500 130597.500 -11.467
388433.500 130598.500 -11.500
388433.500 130599.500 -11.508
388433.500 130600.500 -11.520
388433.500 130601.500 -11.525
388433.500 130602.500 -11.515
388433.500 130603.500 -11.530
388433.500 130604.500 -11.562
388433.500 130605.500 -11.582
388433.500 130606.500 -11.562
388433.500 130607.500 -11.562
388433.500 130608.500 -11.555
388433.500 130609.500 -11.565
388433.500 130610.500 -11.585
388433.500 130611.500 -11.595
388433.500 130612.500 -11.592
388433.500 130613.500 -11.578
388433.500 130614.500 -11.585
388433.500 130615.500 -11.585
388433.500 130616.500 -11.583
388433.500 130617.500 -11.562
388433.500 130618.500 -11.537
388433.500 130619.500 -11.558
388433.500 130620.500 -11.572
388433.500 130621.500 -11.572
388433.500 130622.500 -11.597
388433.500 130623.500 -11.660
388433.500 130624.500 -11.695
388433.500 130625.500 -11.680
388433.500 130626.500 -11.670
388433.500 130627.500 -11.680
388433.500 130628.500 -11.670
388433.500 130629.500 -11.660
388433.500 130630.500 -11.647
388433.500 130631.500 -11.623
388433.500 130632.500 -11.617
388433.500 130633.500 -11.637
388433.500 130634.500 -11.662
388433.500 130635.500 -11.665
388433.500 130636.500 -11.635
388433.500 130637.500 -11.615
388433.500 130638.500 -11.598
388433.500 130639.500 -11.583
388433.500 130640.500 -11.580
388433.500 130641.500 -11.582
388433.500 130642.500 -11.583
388433.500 130643.500 -11.583
388434.500 130592.500 -11.420
388434.500 130593.500 -11.418
388434.500 130594.500 -11.425
388434.500 130595.500 -11.432
388434.500 130596.500 -11.420
388434.500 130597.500 -11.432
388434.500 130598.500 -11.455
388434.500 130599.500 -11.467
388434.500 130600.500 -11.485
388434.500 130601.500 -11.488
388434.500 130602.500 -11.490
388434.500 130603.500 -11.518
388434.500 130604.500 -11.553
388434.500 130605.500 -11.555
388434.500 130606.500 -11.515
388434.500 130607.500 -11.512
388434.500 130608.500 -11.537
388434.500 130609.500 -11.553
388434.500 130610.500 -11.583
388434.500 130611.500 -11.588
388434.500 130612.500 -11.575
388434.500 130613.500 -11.572
388434.500 130614.500 -11.570
388434.500 130615.500 -11.568
388434.500 130616.500 -11.567
388434.500 130617.500 -11.570
388434.500 130618.500 -11.562
388434.500 130619.500 -11.567
388434.500 130620.500 -11.570
388434.500 130621.500 -11.570
388434.500 130622.500 -11.600
388434.500 130623.500 -11.627
388434.500 130624.500 -11.670
388434.500 130625.500 -11.678
388434.500 130626.500 -11.647
388434.500 130627.500 -11.648
388434.500 130628.500 -11.633
388434.500 130629.500 -11.645
388434.500 130630.500 -11.632
388434.500 130631.500 -11.625
388434.500 130632.500 -11.615
388434.500 130633.500 -11.615
388434.500 130634.500 -11.637
388434.500 130635.500 -11.643
388434.500 130636.500 -11.620
388434.500 130637.500 -11.600
388434.500 130638.500 -11.585
388434.500 130639.500 -11.580
388434.500 130640.500 -11.580
388434.500 130641.500 -11.583
388434.500 130642.500 -11.583
388435.500 130592.500 -11.388
388435.500 130593.500 -11.390
388435.500 130594.500 -11.397
388435.500 130595.500 -11.400
388435.500 130596.500 -11.385
388435.500 130597.500 -11.390
388435.500 130598.500 -11.430
388435.500 130599.500 -11.440
388435.500 130600.500 -11.465
388435.500 130601.500 -11.485
388435.500 130602.500 -11.507
388435.500 130603.500 -11.518
388435.500 130604.500 -11.542
388435.500 130605.500 -11.535
388435.500 130606.500 -11.500
388435.500 130607.500 -11.490
388435.500 130608.500 -11.530
388435.500 130609.500 -11.560
388435.500 130610.500 -11.580
388435.500 130611.500 -11.570
388435.500 130612.500 -11.562
388435.500 130613.500 -11.537
388435.500 130614.500 -11.555
388435.500 130615.500 -11.535
388435.500 130616.500 -11.533
388435.500 130617.500 -11.542
388435.500 130618.500 -11.535
388435.500 130619.500 -11.540
388435.500 130620.500 -11.537
388435.500 130621.500 -11.550
388435.500 130622.500 -11.577
388435.500 130623.500 -11.622
388435.500 130624.500 -11.675
388435.500 130625.500 -11.670
388435.500 130626.500 -11.640
388435.500 130627.500 -11.632
388435.500 130628.500 -11.610
388435.500 130629.500 -11.612
388435.500 130630.500 -11.610
388435.500 130631.500 -11.610
388435.500 130632.500 -11.615
388435.500 130633.500 -11.598
388435.500 130634.500 -11.610
388435.500 130635.500 -11.615
388435.500 130636.500 -11.602
388435.500 130637.500 -11.585
388435.500 130638.500 -11.565
388435.500 130639.500 -11.580
388435.500 130640.500 -11.580
388435.500 130641.500 -11.580
388435.500 130642.500 -11.568
388436.500 130592.500 -11.352
388436.500 130593.500 -11.353
388436.500 130594.500 -11.345
388436.500 130595.500 -11.357
388436.500 130596.500 -11.355
388436.500 130597.500 -11.357
388436.500 130598.500 -11.405
388436.500 130599.500 -11.430
388436.500 130600.500 -11.467
388436.500 130601.500 -11.482
388436.500 130602.500 -11.477
388436.500 130603.500 -11.485
388436.500 130604.500 -11.505
388436.500 130605.500 -11.523
388436.500 130606.500 -11.512
388436.500 130607.500 -11.513
388436.500 130608.500 -11.540
388436.500 130609.500 -11.560
388436.500 130610.500 -11.553
388436.500 130611.500 -11.547
388436.500 130612.500 -11.555
388436.500 130613.500 -11.530
388436.500 130614.500 -11.550
388436.500 130615.500 -11.527
388436.500 130616.500 -11.510
388436.500 130617.500 -11.518
388436.500 130618.500 -11.512
388436.500 130619.500 -11.502
388436.500 130620.500 -11.515
388436.500 130621.500 -11.537
388436.500 130622.500 -11.597
388436.500 130623.500 -11.637
388436.500 130624.500 -11.678
388436.500 130625.500 -11.660
388436.500 130626.500 -11.630
388436.500 130627.500 -11.617
388436.500 130628.500 -11.602
388436.500 130629.500 -11.598
388436.500 130630.500 -11.600
388436.500 130631.500 -11.600
388436.500 130632.500 -11.607
388436.500 130633.500 -11.582
388436.500 130634.500 -11.592
388436.500 130635.500 -11.605
388436.500 130636.500 -11.600
388436.500 130637.500 -11.585
388436.500 130638.500 -11.572
388436.500 130639.500 -11.580
388436.500 130640.500 -11.592
388436.500 130641.500 -11.593
388437.500 130592.500 -11.298
388437.500 130593.500 -11.310
388437.500 130594.500 -11.307
388437.500 130595.500 -11.325
388437.500 130596.500 -11.360
388437.500 130597.500 -11.342
388437.500 130598.500 -11.375
388437.500 130599.500 -11.405
388437.500 130600.500 -11.422
388437.500 130601.500 -11.440
388437.500 130602.500 -11.440
388437.500 130603.500 -11.463
388437.500 130604.500 -11.498
388437.500 130605.500 -11.507
388437.500 130606.500 -11.513
388437.500 130607.500 -11.518
388437.500 130608.500 -11.540
388437.500 130609.500 -11.535
388437.500 130610.500 -11.518
388437.500 130611.500 -11.505
388437.500 130612.500 -11.500
388437.500 130613.500 -11.495
388437.500 130614.500 -11.520
388437.500 130615.500 -11.505
388437.500 130616.500 -11.482
388437.500 130617.500 -11.485
388437.500 130618.500 -11.488
388437.500 130619.500 -11.500
388437.500 130620.500 -11.530
388437.500 130621.500 -11.550
388437.500 130622.500 -11.595
388437.500 130623.500 -11.617
388437.500 130624.500 -11.652
388437.500 130625.500 -11.653
388437.500 130626.500 -11.615
388437.500 130627.500 -11.612
388437.500 130628.500 -11.605
388437.500 130629.500 -11.602
388437.500 130630.500 -11.612
388437.500 130631.500 -11.607
388437.500 130632.500 -11.605
388437.500 130633.500 -11.598
388437.500 130634.500 -11.588
388437.500 130635.500 -11.602
388437.500 130636.500 -11.610
388437.500 130637.500 -11.640
388437.500 130638.500 -11.645
388437.500 130639.500 -11.640
388437.500 130640.500 -11.615
388438.500 130592.500 -11.287
388438.500 130593.500 -11.310
388438.500 130594.500 -11.307
388438.500 130595.500 -11.315
388438.500 130596.500 -11.338
388438.500 130597.500 -11.318
388438.500 130598.500 -11.330
388438.500 130599.500 -11.357
388438.500 130600.500 -11.402
388438.500 130601.500 -11.425
388438.500 130602.500 -11.452
388438.500 130603.500 -11.480
388438.500 130604.500 -11.518
388438.500 130605.500 -11.520
388438.500 130606.500 -11.525
388438.500 130607.500 -11.512
388438.500 130608.500 -11.518
388438.500 130609.500 -11.505
388438.500 130610.500 -11.513
388438.500 130611.500 -11.492
388438.500 130612.500 -11.465
388438.500 130613.500 -11.470
388438.500 130614.500 -11.463
388438.500 130615.500 -11.450
388438.500 130616.500 -11.460
388438.500 130617.500 -11.472
388438.500 130618.500 -11.490
388438.500 130619.500 -11.508
388438.500 130620.500 -11.525
388438.500 130621.500 -11.535
388438.500 130622.500 -11.570
388438.500 130623.500 -11.615
388438.500 130624.500 -11.642
388438.500 130625.500 -11.640
388438.500 130626.500 -11.615
388438.500 130627.500 -11.650
388438.500 130628.500 -11.652
388438.500 130629.500 -11.635
388438.500 130630.500 -11.640
388438.500 130631.500 -11.620
388438.500 130632.500 -11.617
388438.500 130633.500 -11.617
388438.500 130634.500 -11.610
388438.500 130635.500 -11.623
388438.500 130636.500 -11.640
388438.500 130637.500 -11.655
388438.500 130638.500 -11.655
388438.500 130639.500 -11.662
388438.500 130640.500 -11.690
388439.500 130592.500 -11.247
388439.500 130593.500 -11.275
388439.500 130594.500 -11.272
388439.500 130595.500 -11.272
388439.500 130596.500 -11.272
388439.500 130597.500 -11.275
388439.500 130598.500 -11.307
388439.500 130599.500 -11.342
388439.500 130600.500 -11.392
388439.500 130601.500 -11.418
388439.500 130602.500 -11.452
388439.500 130603.500 -11.470
388439.500 130604.500 -11.505
388439.500 130605.500 -11.502
388439.500 130606.500 -11.512
388439.500 130607.500 -11.510
388439.500 130608.500 -11.520
388439.500 130609.500 -11.510
388439.500 130610.500 -11.495
388439.500 130611.500 -11.467
388439.500 130612.500 -11.443
388439.500 130613.500 -11.430
388439.500 130614.500 -11.422
388439.500 130615.500 -11.435
388439.500 130616.500 -11.432
388439.500 130617.500 -11.435
388439.500 130618.500 -11.445
388439.500 130619.500 -11.482
388439.500 130620.500 -11.507
388439.500 130621.500 -11.515
388439.500 130622.500 -11.545
388439.500 130623.500 -11.598
388439.500 130624.500 -11.617
388439.500 130625.500 -11.617
388439.500 130626.500 -11.635
388439.500 130627.500 -11.652
388439.500 130628.500 -11.645
388439.500 130629.500 -11.650
388439.500 130630.500 -11.660
388439.500 130631.500 -11.652
388439.500 130632.500 -11.643
388439.500 130633.500 -11.670
388439.500 130634.500 -11.655
388439.500 130635.500 -11.655
388439.500 130636.500 -11.667
388439.500 130637.500 -11.670
388439.500 130638.500 -11.673
388439.500 130639.500 -11.690
388440.500 130592.500 -11.195
388440.500 130593.500 -11.207
388440.500 130594.500 -11.217
388440.500 130595.500 -11.227
388440.500 130596.500 -11.242
388440.500 130597.500 -11.272
388440.500 130598.500 -11.295
388440.500 130599.500 -11.315
388440.500 130600.500 -11.352
388440.500 130601.500 -11.380
388440.500 130602.500 -11.412
388440.500 130603.500 -11.430
388440.500 130604.500 -11.457
388440.500 130605.500 -11.465
388440.500 130606.500 -11.477
388440.500 130607.500 -11.495
388440.500 130608.500 -11.492
388440.500 130609.500 -11.483
388440.500 130610.500 -11.475
388440.500 130611.500 -11.447
388440.500 130612.500 -11.440
388440.500 130613.500 -11.442
388440.500 130614.500 -11.450
388440.500 130615.500 -11.490
388440.500 130616.500 -11.492
388440.500 130617.500 -11.468
388440.500 130618.500 -11.452
388440.500 130619.500 -11.467
388440.500 130620.500 -11.487
388440.500 130621.500 -11.515
388440.500 130622.500 -11.557
388440.500 130623.500 -11.595
388440.500 130624.500 -11.595
388440.500 130625.500 -11.600
388440.500 130626.500 -11.625
388440.500 130627.500 -11.662
388440.500 130628.500 -11.650
388440.500 130629.500 -11.650
388440.500 130630.500 -11.662
388440.500 130631.500 -11.665
388440.500 130632.500 -11.652
388440.500 130633.500 -11.672
388440.500 130634.500 -11.690
388440.500 130635.500 -11.680
388440.500 130636.500 -11.692
388440.500 130637.500 -11.687
388440.500 130638.500 -11.677
388441.500 130592.500 -11.155
388441.500 130593.500 -11.187
388441.500 130594.500 -11.210
388441.500 130595.500 -11.220
388441.500 130596.500 -11.230
388441.500 130597.500 -11.250
388441.500 130598.500 -11.245
388441.500 130599.500 -11.310
388441.500 130600.500 -11.357
388441.500 130601.500 -11.375
388441.500 130602.500 -11.380
388441.500 130603.500 -11.400
388441.500 130604.500 -11.400
388441.500 130605.500 -11.405
388441.500 130606.500 -11.418
388441.500 130607.500 -11.442
388441.500 130608.500 -11.455
388441.500 130609.500 -11.473
388441.500 130610.500 -11.473
388441.500 130611.500 -11.467
388441.500 130612.500 -11.482
388441.500 130613.500 -11.492
388441.500 130614.500 -11.502
388441.500 130615.500 -11.550
388441.500 130616.500 -11.560
388441.500 130617.500 -11.540
388441.500 130618.500 -11.535
388441.500 130619.500 -11.522
388441.500 130620.500 -11.533
388441.500 130621.500 -11.548
388441.500 130622.500 -11.558
388441.500 130623.500 -11.590
388441.500 130624.500 -11.575
388441.500 130625.500 -11.565
388441.500 130626.500 -11.592
388441.500 130627.500 -11.655
388441.500 130628.500 -11.663
388441.500 130629.500 -11.647
388441.500 130630.500 -11.658
388441.500 130631.500 -11.672
388441.500 130632.500 -11.660
388441.500 130633.500 -11.660
388441.500 130634.500 -11.690
388441.500 130635.500 -11.705
388441.500 130636.500 -11.692
388441.500 130637.500 -11.693
388441.500 130638.500 -11.695
388442.500 130592.500 -11.168
388442.500 130593.500 -11.170
388442.500 130594.500 -11.182
388442.500 130595.500 -11.223
388442.500 130596.500 -11.217
388442.500 130597.500 -11.240
388442.500 130598.500 -11.262
388442.500 130599.500 -11.325
388442.500 130600.500 -11.340
388442.500 130601.500 -11.357
388442.500 130602.500 -11.360
388442.500 130603.500 -11.393
388442.500 130604.500 -11.350
388442.500 130605.500 -11.372
388442.500 130606.500 -11.425
388442.500 130607.500 -11.465
388442.500 130608.500 -11.450
388442.500 130609.500 -11.470
388442.500 130610.500 -11.467
388442.500 130611.500 -11.488
388442.500 130612.500 -11.490
388442.500 130613.500 -11.500
388442.500 130614.500 -11.520
388442.500 130615.500 -11.545
388442.500 130616.500 -11.553
388442.500 130617.500 -11.555
388442.500 130618.500 -11.555
388442.500 130619.500 -11.542
388442.500 130620.500 -11.542
388442.500 130621.500 -11.550
388442.500 130622.500 -11.565
388442.500 130623.500 -11.585
388442.500 130624.500 -11.565
388442.500 130625.500 -11.532
388442.500 130626.500 -11.553
388442.500 130627.500 -11.638
388442.500 130628.500 -11.680
388442.500 130629.500 -11.670
388442.500 130630.500 -11.665
388442.500 130631.500 -11.660
388442.500 130632.500 -11.675
388442.500 130633.500 -11.688
388442.500 130634.500 -11.697
388442.500 130635.500 -11.707
388442.500 130636.500 -11.682
388442.500 130637.500 -11.690
388443.500 130592.500 -11.182
388443.500 130593.500 -11.168
388443.500 130594.500 -11.160
388443.500 130595.500 -11.185
388443.500 130596.500 -11.193
388443.500 130597.500 -11.228
388443.500 130598.500 -11.260
388443.500 130599.500 -11.315
388443.500 130600.500 -11.332
388443.500 130601.500 -11.335
388443.500 130602.500 -11.360
388443.500 130603.500 -11.362
388443.500 130604.500 -11.320
388443.500 130605.500 -11.363
388443.500 130606.500 -11.438
388443.500 130607.500 -11.483
388443.500 130608.500 -11.505
388443.500 130609.500 -11.492
388443.500 130610.500 -11.457
388443.500 130611.500 -11.470
388443.500 130612.500 -11.480
388443.500 130613.500 -11.500
388443.500 130614.500 -11.520
388443.500 130615.500 -11.525
388443.500 130616.500 -11.532
388443.500 130617.500 -11.540
388443.500 130618.500 -11.540
388443.500 130619.500 -11.535
388443.500 130620.500 -11.522
388443.500 130621.500 -11.530
388443.500 130622.500 -11.555
388443.500 130623.500 -11.562
388443.500 130624.500 -11.557
388443.500 130625.500 -11.510
388443.500 130626.500 -11.505
388443.500 130627.500 -11.595
388443.500 130628.500 -11.670
388443.500 130629.500 -11.678
388443.500 130630.500 -11.645
388443.500 130631.500 -11.680
388443.500 130632.500 -11.695
388443.500 130633.500 -11.710
388443.500 130634.500 -11.723
388443.500 130635.500 -11.705
388443.500 130636.500 -11.705
388444.500 130592.500 -11.155
388444.500 130593.500 -11.165
388444.500 130594.500 -11.155
388444.500 130595.500 -11.140
388444.500 130596.500 -11.147
388444.500 130597.500 -11.190
388444.500 130598.500 -11.237
388444.500 130599.500 -11.280
388444.500 130600.500 -11.318
388444.500 130601.500 -11.328
388444.500 130602.500 -11.350
388444.500 130603.500 -11.350
388444.500 130604.500 -11.325
388444.500 130605.500 -11.365
388444.500 130606.500 -11.440
388444.500 130607.500 -11.465
388444.500 130608.500 -11.475
388444.500 130609.500 -11.482
388444.500 130610.500 -11.482
388444.500 130611.500 -11.437
388444.500 130612.500 -11.447
388444.500 130613.500 -11.482
388444.500 130614.500 -11.495
388444.500 130615.500 -11.492
388444.500 130616.500 -11.502
388444.500 130617.500 -11.515
388444.500 130618.500 -11.522
388444.500 130619.500 -11.512
388444.500 130620.500 -11.510
388444.500 130621.500 -11.515
388444.500 130622.500 -11.545
388444.500 130623.500 -11.545
388444.500 130624.500 -11.553
388444.500 130625.500 -11.530
388444.500 130626.500 -11.515
388444.500 130627.500 -11.588
388444.500 130628.500 -11.653
388444.500 130629.500 -11.660
388444.500 130630.500 -11.642
388444.500 130631.500 -11.665
388444.500 130632.500 -11.682
388444.500 130633.500 -11.702
388444.500 130634.500 -11.720
388444.500 130635.500 -11.712
388444.500 130636.500 -11.738
388445.500 130592.500 -11.125
388445.500 130593.500 -11.133
388445.500 130594.500 -11.140
388445.500 130595.500 -11.133
388445.500 130596.500 -11.137
388445.500 130597.500 -11.172
388445.500 130598.500 -11.217
388445.500 130599.500 -11.240
388445.500 130600.500 -11.272
388445.500 130601.500 -11.302
388445.500 130602.500 -11.310
388445.500 130603.500 -11.330
388445.500 130604.500 -11.335
388445.500 130605.500 -11.377
388445.500 130606.500 -11.435
388445.500 130607.500 -11.443
388445.500 130608.500 -11.442
388445.500 130609.500 -11.418
388445.500 130610.500 -11.410
388445.500 130611.500 -11.427
388445.500 130612.500 -11.472
388445.500 130613.500 -11.447
388445.500 130614.500 -11.440
388445.500 130615.500 -11.442
388445.500 130616.500 -11.442
388445.500 130617.500 -11.465
388445.500 130618.500 -11.475
388445.500 130619.500 -11.482
388445.500 130620.500 -11.495
388445.500 130621.500 -11.498
388445.500 130622.500 -11.510
388445.500 130623.500 -11.515
388445.500 130624.500 -11.522
388445.500 130625.500 -11.542
388445.500 130626.500 -11.543
388445.500 130627.500 -11.583
388445.500 130628.500 -11.625
388445.500 130629.500 -11.640
388445.500 130630.500 -11.643
388445.500 130631.500 -11.650
388445.500 130632.500 -11.665
388445.500 130633.500 -11.688
388445.500 130634.500 -11.700
388445.500 130635.500 -11.712
388446.500 130592.500 -11.112
388446.500 130593.500 -11.127
388446.500 130594.500 -11.120
388446.500 130595.500 -11.125
388446.500 130596.500 -11.123
388446.500 130597.500 -11.150
388446.500 130598.500 -11.190
388446.500 130599.500 -11.220
388446.500 130600.500 -11.247
388446.500 130601.500 -11.257
388446.500 130602.500 -11.272
388446.500 130603.500 -11.315
388446.500 130604.500 -11.342
388446.500 130605.500 -11.382
388446.500 130606.500 -11.410
388446.500 130607.500 -11.415
388446.500 130608.500 -11.403
388446.500 130609.500 -11.380
388446.500 130610.500 -11.370
388446.500 130611.500 -11.367
388446.500 130612.500 -11.397
388446.500 130613.500 -11.430
388446.500 130614.500 -11.422
388446.500 130615.500 -11.377
388446.500 130616.500 -11.375
388446.500 130617.500 -11.390
388446.500 130618.500 -11.428
388446.500 130619.500 -11.438
388446.500 130620.500 -11.445
388446.500 130621.500 -11.460
388446.500 130622.500 -11.480
388446.500 130623.500 -11.480
388446.500 130624.500 -11.470
388446.500 130625.500 -11.477
388446.500 130626.500 -11.492
388446.500 130627.500 -11.548
388446.500 130628.500 -11.590
388446.500 130629.500 -11.602
388446.500 130630.500 -11.647
388446.500 130631.500 -11.643
388446.500 130632.500 -11.670
388446.500 130633.500 -11.693
388446.500 130634.500 -11.682
388447.500 130592.500 -11.075
388447.500 130593.500 -11.098
388447.500 130594.500 -11.093
388447.500 130595.500 -11.095
388447.500 130596.500 -11.090
388447.500 130597.500 -11.123
388447.500 130598.500 -11.165
388447.500 130599.500 -11.200
388447.500 130600.500 -11.215
388447.500 130601.500 -11.237
388447.500 130602.500 -11.255
388447.500 130603.500 -11.280
388447.500 130604.500 -11.307
388447.500 130605.500 -11.330
388447.500 130606.500 -11.355
388447.500 130607.500 -11.377
388447.500 130608.500 -11.345
388447.500 130609.500 -11.343
388447.500 130610.500 -11.342
388447.500 130611.500 -11.338
388447.500 130612.500 -11.335
388447.500 130613.500 -11.318
388447.500 130614.500 -11.332
388447.500 130615.500 -11.340
388447.500 130616.500 -11.333
388447.500 130617.500 -11.322
388447.500 130618.500 -11.355
388447.500 130619.500 -11.370
388447.500 130620.500 -11.393
388447.500 130621.500 -11.420
388447.500 130622.500 -11.435
388447.500 130623.500 -11.445
388447.500 130624.500 -11.450
388447.500 130625.500 -11.462
388447.500 130626.500 -11.508
388447.500 130627.500 -11.540
388447.500 130628.500 -11.540
388447.500 130629.500 -11.572
388447.500 130630.500 -11.625
388447.500 130631.500 -11.650
388447.500 130632.500 -11.668
388447.500 130633.500 -11.680
388447.500 130634.500 -11.692
388448.500 130592.500 -11.030
388448.500 130593.500 -11.062
388448.500 130594.500 -11.070
388448.500 130595.500 -11.068
388448.500 130596.500 -11.077
388448.500 130597.500 -11.103
388448.500 130598.500 -11.132
388448.500 130599.500 -11.143
388448.500 130600.500 -11.182
388448.500 130601.500 -11.210
388448.500 130602.500 -11.232
388448.500 130603.500 -11.252
388448.500 130604.500 -11.265
388448.500 130605.500 -11.272
388448.500 130606.500 -11.285
388448.500 130607.500 -11.295
388448.500 130608.500 -11.300
388448.500 130609.500 -11.297
388448.500 130610.500 -11.285
388448.500 130611.500 -11.270
388448.500 130612.500 -11.277
388448.500 130613.500 -11.275
388448.500 130614.500 -11.285
388448.500 130615.500 -11.282
388448.500 130616.500 -11.303
388448.500 130617.500 -11.338
388448.500 130618.500 -11.320
388448.500 130619.500 -11.312
388448.500 130620.500 -11.340
388448.500 130621.500 -11.362
388448.500 130622.500 -11.390
388448.500 130623.500 -11.410
388448.500 130624.500 -11.415
388448.500 130625.500 -11.457
388448.500 130626.500 -11.505
388448.500 130627.500 -11.527
388448.500 130628.500 -11.548
388448.500 130629.500 -11.575
388448.500 130630.500 -11.627
388448.500 130631.500 -11.638
388448.500 130632.500 -11.662
388448.500 130633.500 -11.660
388449.500 130592.500 -10.988
388449.500 130593.500 -11.018
388449.500 130594.500 -11.030
388449.500 130595.500 -11.037
388449.500 130596.500 -11.050
388449.500 130597.500 -11.075
388449.500 130598.500 -11.093
388449.500 130599.500 -11.110
388449.500 130600.500 -11.135
388449.500 130601.500 -11.162
388449.500 130602.500 -11.195
388449.500 130603.500 -11.235
388449.500 130604.500 -11.238
388449.500 130605.500 -11.240
388449.500 130606.500 -11.250
388449.500 130607.500 -11.235
388449.500 130608.500 -11.248
388449.500 130609.500 -11.248
388449.500 130610.500 -11.235
388449.500 130611.500 -11.240
388449.500 130612.500 -11.252
388449.500 130613.500 -11.248
388449.500 130614.500 -11.255
388449.500 130615.500 -11.277
388449.500 130616.500 -11.292
388449.500 130617.500 -11.307
388449.500 130618.500 -11.360
388449.500 130619.500 -11.315
388449.500 130620.500 -11.272
388449.500 130621.500 -11.287
388449.500 130622.500 -11.330
388449.500 130623.500 -11.333
388449.500 130624.500 -11.330
388449.500 130625.500 -11.405
388449.500 130626.500 -11.478
388449.500 130627.500 -11.513
388449.500 130628.500 -11.548
388449.500 130629.500 -11.583
388449.500 130630.500 -11.620
388449.500 130631.500 -11.630
388449.500 130632.500 -11.640
388450.500 130592.500 -10.970
388450.500 130593.500 -10.990
388450.500 130594.500 -10.985
388450.500 130595.500 -10.995
388450.500 130596.500 -11.018
388450.500 130597.500 -11.035
388450.500 130598.500 -11.065
388450.500 130599.500 -11.100
388450.500 130600.500 -11.105
388450.500 130601.500 -11.117
388450.500 130602.500 -11.165
388450.500 130603.500 -11.205
388450.500 130604.500 -11.212
388450.500 130605.500 -11.225
388450.500 130606.500 -11.208
388450.500 130607.500 -11.200
388450.500 130608.500 -11.197
388450.500 130609.500 -11.203
388450.500 130610.500 -11.197
388450.500 130611.500 -11.202
388450.500 130612.500 -11.207
388450.500 130613.500 -11.215
388450.500 130614.500 -11.225
388450.500 130615.500 -11.260
388450.500 130616.500 -11.295
388450.500 130617.500 -11.305
388450.500 130618.500 -11.300
388450.500 130619.500 -11.327
388450.500 130620.500 -11.262
388450.500 130621.500 -11.260
388450.500 130622.500 -11.305
388450.500 130623.500 -11.287
388450.500 130624.500 -11.285
388450.500 130625.500 -11.343
388450.500 130626.500 -11.428
388450.500 130627.500 -11.462
388450.500 130628.500 -11.525
388450.500 130629.500 -11.575
388450.500 130630.500 -11.607
388450.500 130631.500 -11.607
388450.500 130632.500 -11.612
388451.500 130592.500 -10.925
388451.500 130593.500 -10.945
388451.500 130594.500 -10.953
388451.500 130595.500 -10.975
388451.500 130596.500 -10.998
388451.500 130597.500 -11.008
388451.500 130598.500 -11.053
388451.500 130599.500 -11.075
388451.500 130600.500 -11.062
388451.500 130601.500 -11.070
388451.500 130602.500 -11.105
388451.500 130603.500 -11.140
388451.500 130604.500 -11.158
388451.500 130605.500 -11.162
388451.500 130606.500 -11.155
388451.500 130607.500 -11.162
388451.500 130608.500 -11.162
388451.500 130609.500 -11.162
388451.500 130610.500 -11.187
388451.500 130611.500 -11.178
388451.500 130612.500 -11.180
388451.500 130613.500 -11.195
388451.500 130614.500 -11.220
388451.500 130615.500 -11.230
388451.500 130616.500 -11.252
388451.500 130617.500 -11.275
388451.500 130618.500 -11.280
388451.500 130619.500 -11.265
388451.500 130620.500 -11.272
388451.500 130621.500 -11.245
388451.500 130622.500 -11.275
388451.500 130623.500 -11.268
388451.500 130624.500 -11.255
388451.500 130625.500 -11.280
388451.500 130626.500 -11.365
388451.500 130627.500 -11.445
388451.500 130628.500 -11.525
388451.500 130629.500 -11.555
388451.500 130630.500 -11.578
388451.500 130631.500 -11.575
388452.500 130592.500 -10.855
388452.500 130593.500 -10.882
388452.500 130594.500 -10.905
388452.500 130595.500 -10.925
388452.500 130596.500 -10.960
388452.500 130597.500 -10.980
388452.500 130598.500 -11.012
388452.500 130599.500 -11.033
388452.500 130600.500 -11.030
388452.500 130601.500 -11.030
388452.500 130602.500 -11.053
388452.500 130603.500 -11.075
388452.500 130604.500 -11.085
388452.500 130605.500 -11.087
388452.500 130606.500 -11.095
388452.500 130607.500 -11.122
388452.500 130608.500 -11.130
388452.500 130609.500 -11.135
388452.500 130610.500 -11.160
388452.500 130611.500 -11.168
388452.500 130612.500 -11.180
388452.500 130613.500 -11.193
388452.500 130614.500 -11.188
388452.500 130615.500 -11.195
388452.500 130616.500 -11.225
388452.500 130617.500 -11.235
388452.500 130618.500 -11.242
388452.500 130619.500 -11.248
388452.500 130620.500 -11.217
388452.500 130621.500 -11.258
388452.500 130622.500 -11.242
388452.500 130623.500 -11.235
388452.500 130624.500 -11.230
388452.500 130625.500 -11.232
388452.500 130626.500 -11.303
388452.500 130627.500 -11.382
388452.500 130628.500 -11.465
388452.500 130629.500 -11.525
388452.500 130630.500 -11.555
388453.500 130592.500 -10.822
388453.500 130593.500 -10.835
388453.500 130594.500 -10.862
388453.500 130595.500 -10.867
388453.500 130596.500 -10.922
388453.500 130597.500 -10.962
388453.500 130598.500 -10.955
388453.500 130599.500 -10.963
388453.500 130600.500 -10.973
388453.500 130601.500 -10.997
388453.500 130602.500 -11.022
388453.500 130603.500 -11.022
388453.500 130604.500 -11.013
388453.500 130605.500 -11.035
388453.500 130606.500 -11.045
388453.500 130607.500 -11.075
388453.500 130608.500 -11.082
388453.500 130609.500 -11.085
388453.500 130610.500 -11.105
388453.500 130611.500 -11.130
388453.500 130612.500 -11.148
388453.500 130613.500 -11.152
388453.500 130614.500 -11.155
388453.500 130615.500 -11.165
388453.500 130616.500 -11.173
388453.500 130617.500 -11.195
388453.500 130618.500 -11.223
388453.500 130619.500 -11.213
388453.500 130620.500 -11.195
388453.500 130621.500 -11.215
388453.500 130622.500 -11.260
388453.500 130623.500 -11.245
388453.500 130624.500 -11.230
388453.500 130625.500 -11.248
388453.500 130626.500 -11.297
388453.500 130627.500 -11.375
388453.500 130628.500 -11.415
388453.500 130629.500 -11.475
388453.500 130630.500 -11.482
388454.500 130592.500 -10.810
388454.500 130593.500 -10.810
388454.500 130594.500 -10.832
388454.500 130595.500 -10.857
388454.500 130596.500 -10.880
388454.500 130597.500 -10.908
388454.500 130598.500 -10.930
388454.500 130599.500 -10.932
388454.500 130600.500 -10.943
388454.500 130601.500 -10.957
388454.500 130602.500 -10.985
388454.500 130603.500 -10.967
388454.500 130604.500 -10.967
388454.500 130605.500 -10.985
388454.500 130606.500 -10.995
388454.500 130607.500 -11.020
388454.500 130608.500 -11.047
388454.500 130609.500 -11.053
388454.500 130610.500 -11.070
388454.500 130611.500 -11.082
388454.500 130612.500 -11.090
388454.500 130613.500 -11.100
388454.500 130614.500 -11.127
388454.500 130615.500 -11.130
388454.500 130616.500 -11.130
388454.500 130617.500 -11.162
388454.500 130618.500 -11.175
388454.500 130619.500 -11.170
388454.500 130620.500 -11.160
388454.500 130621.500 -11.172
388454.500 130622.500 -11.202
388454.500 130623.500 -11.255
388454.500 130624.500 -11.230
388454.500 130625.500 -11.245
388454.500 130626.500 -11.295
388454.500 130627.500 -11.345
388454.500 130628.500 -11.377
388454.500 130629.500 -11.425
388455.500 130592.500 -10.777
388455.500 130593.500 -10.792
388455.500 130594.500 -10.807
388455.500 130595.500 -10.832
388455.500 130596.500 -10.857
388455.500 130597.500 -10.875
388455.500 130598.500 -10.900
388455.500 130599.500 -10.918
388455.500 130600.500 -10.932
388455.500 130601.500 -10.925
388455.500 130602.500 -10.953
388455.500 130603.500 -10.920
388455.500 130604.500 -10.930
388455.500 130605.500 -10.935
388455.500 130606.500 -10.955
388455.500 130607.500 -10.970
388455.500 130608.500 -11.000
388455.500 130609.500 -11.008
388455.500 130610.500 -11.022
388455.500 130611.500 -11.027
388455.500 130612.500 -11.035
388455.500 130613.500 -11.053
388455.500 130614.500 -11.085
388455.500 130615.500 -11.088
388455.500 130616.500 -11.085
388455.500 130617.500 -11.103
388455.500 130618.500 -11.115
388455.500 130619.500 -11.130
388455.500 130620.500 -11.125
388455.500 130621.500 -11.155
388455.500 130622.500 -11.192
388455.500 130623.500 -11.175
388455.500 130624.500 -11.175
388455.500 130625.500 -11.252
388455.500 130626.500 -11.265
388455.500 130627.500 -11.305
388455.500 130628.500 -11.362
388456.500 130592.500 -10.755
388456.500 130593.500 -10.765
388456.500 130594.500 -10.787
388456.500 130595.500 -10.807
388456.500 130596.500 -10.830
388456.500 130597.500 -10.840
388456.500 130598.500 -10.862
388456.500 130599.500 -10.882
388456.500 130600.500 -10.897
388456.500 130601.500 -10.897
388456.500 130602.500 -10.932
388456.500 130603.500 -10.925
388456.500 130604.500 -10.918
388456.500 130605.500 -10.905
388456.500 130606.500 -10.923
388456.500 130607.500 -10.945
388456.500 130608.500 -10.947
388456.500 130609.500 -10.945
388456.500 130610.500 -10.960
388456.500 130611.500 -10.990
388456.500 130612.500 -10.997
388456.500 130613.500 -11.025
388456.500 130614.500 -11.035
388456.500 130615.500 -11.033
388456.500 130616.500 -11.020
388456.500 130617.500 -11.030
388456.500 130618.500 -11.053
388456.500 130619.500 -11.077
388456.500 130620.500 -11.062
388456.500 130621.500 -11.107
388456.500 130622.500 -11.160
388456.500 130623.500 -11.143
388456.500 130624.500 -11.145
388456.500 130625.500 -11.197
388456.500 130626.500 -11.220
388456.500 130627.500 -11.265
388456.500 130628.500 -11.315
388457.500 130592.500 -10.725
388457.500 130593.500 -10.747
388457.500 130594.500 -10.770
388457.500 130595.500 -10.780
388457.500 130596.500 -10.793
388457.500 130597.500 -10.797
388457.500 130598.500 -10.822
388457.500 130599.500 -10.830
388457.500 130600.500 -10.850
388457.500 130601.500 -10.867
388457.500 130602.500 -10.880
388457.500 130603.500 -10.873
388457.500 130604.500 -10.890
388457.500 130605.500 -10.877
388457.500 130606.500 -10.910
388457.500 130607.500 -10.932
388457.500 130608.500 -10.902
388457.500 130609.500 -10.932
388457.500 130610.500 -10.952
388457.500 130611.500 -10.965
388457.500 130612.500 -10.982
388457.500 130613.500 -11.015
388457.500 130614.500 -11.025
388457.500 130615.500 -11.010
388457.500 130616.500 -10.985
388457.500 130617.500 -11.000
388457.500 130618.500 -11.025
388457.500 130619.500 -11.035
388457.500 130620.500 -10.997
388457.500 130621.500 -11.082
388457.500 130622.500 -11.125
388457.500 130623.500 -11.090
388457.500 130624.500 -11.092
388457.500 130625.500 -11.160
388457.500 130626.500 -11.220
388457.500 130627.500 -11.257
388458.500 130592.500 -10.693
388458.500 130593.500 -10.725
388458.500 130594.500 -10.748
388458.500 130595.500 -10.755
388458.500 130596.500 -10.748
388458.500 130597.500 -10.770
388458.500 130598.500 -10.787
388458.500 130599.500 -10.793
388458.500 130600.500 -10.828
388458.500 130601.500 -10.840
388458.500 130602.500 -10.822
388458.500 130603.500 -10.828
388458.500 130604.500 -10.843
388458.500 130605.500 -10.860
388458.500 130606.500 -10.865
388458.500 130607.500 -10.900
388458.500 130608.500 -10.918
388458.500 130609.500 -10.923
388458.500 130610.500 -10.930
388458.500 130611.500 -10.940
388458.500 130612.500 -10.957
388458.500 130613.500 -10.967
388458.500 130614.500 -10.970
388458.500 130615.500 -10.988
388458.500 130616.500 -10.985
388458.500 130617.500 -11.005
388458.500 130618.500 -11.015
388458.500 130619.500 -11.010
388458.500 130620.500 -10.973
388458.500 130621.500 -11.070
388458.500 130622.500 -11.112
388458.500 130623.500 -11.090
388458.500 130624.500 -11.107
388458.500 130625.500 -11.143
388458.500 130626.500 -11.212
388459.500 130592.500 -10.662
388459.500 130593.500 -10.700
388459.500 130594.500 -10.710
388459.500 130595.500 -10.723
388459.500 130596.500 -10.738
388459.500 130597.500 -10.750
388459.500 130598.500 -10.755
388459.500 130599.500 -10.757
388459.500 130600.500 -10.790
388459.500 130601.500 -10.803
388459.500 130602.500 -10.783
388459.500 130603.500 -10.795
388459.500 130604.500 -10.798
388459.500 130605.500 -10.803
388459.500 130606.500 -10.812
388459.500 130607.500 -10.867
388459.500 130608.500 -10.890
388459.500 130609.500 -10.887
388459.500 130610.500 -10.900
388459.500 130611.500 -10.903
388459.500 130612.500 -10.920
388459.500 130613.500 -10.928
388459.500 130614.500 -10.922
388459.500 130615.500 -10.945
388459.500 130616.500 -10.973
388459.500 130617.500 -10.985
388459.500 130618.500 -10.990
388459.500 130619.500 -10.990
388459.500 130620.500 -10.937
388459.500 130621.500 -11.055
388459.500 130622.500 -11.068
388459.500 130623.500 -11.075
388459.500 130624.500 -11.098
388459.500 130625.500 -11.138
388459.500 130626.500 -11.197
388460.500 130592.500 -10.658
388460.500 130593.500 -10.685
388460.500 130594.500 -10.695
388460.500 130595.500 -10.710
388460.500 130596.500 -10.713
388460.500 130597.500 -10.732
388460.500 130598.500 -10.748
388460.500 130599.500 -10.750
388460.500 130600.500 -10.763
388460.500 130601.500 -10.745
388460.500 130602.500 -10.748
388460.500 130603.500 -10.752
388460.500 130604.500 -10.752
388460.500 130605.500 -10.772
388460.500 130606.500 -10.785
388460.500 130607.500 -10.795
388460.500 130608.500 -10.822
388460.500 130609.500 -10.833
388460.500 130610.500 -10.857
388460.500 130611.500 -10.885
388460.500 130612.500 -10.882
388460.500 130613.500 -10.892
388460.500 130614.500 -10.908
388460.500 130615.500 -10.935
388460.500 130616.500 -10.962
388460.500 130617.500 -10.965
388460.500 130618.500 -10.970
388460.500 130619.500 -10.965
388460.500 130620.500 -10.932
388460.500 130621.500 -11.040
388460.500 130622.500 -11.052
388460.500 130623.500 -11.045
388460.500 130624.500 -11.067
388460.500 130625.500 -11.123
388461.500 130592.500 -10.647
388461.500 130593.500 -10.668
388461.500 130594.500 -10.677
388461.500 130595.500 -10.673
388461.500 130596.500 -10.675
388461.500 130597.500 -10.697
388461.500 130598.500 -10.732
388461.500 130599.500 -10.738
388461.500 130600.500 -10.730
388461.500 130601.500 -10.723
388461.500 130602.500 -10.720
388461.500 130603.500 -10.730
388461.500 130604.500 -10.720
388461.500 130605.500 -10.742
388461.500 130606.500 -10.745
388461.500 130607.500 -10.765
388461.500 130608.500 -10.777
388461.500 130609.500 -10.795
388461.500 130610.500 -10.822
388461.500 130611.500 -10.842
388461.500 130612.500 -10.852
388461.500 130613.500 -10.882
388461.500 130614.500 -10.897
388461.500 130615.500 -10.905
388461.500 130616.500 -10.910
388461.500 130617.500 -10.912
388461.500 130618.500 -10.937
388461.500 130619.500 -10.933
388461.500 130620.500 -10.925
388461.500 130621.500 -10.985
388461.500 130622.500 -11.018
388461.500 130623.500 -11.032
388461.500 130624.500 -11.048
388462.500 130592.500 -10.627
388462.500 130593.500 -10.640
388462.500 130594.500 -10.650
388462.500 130595.500 -10.650
388462.500 130596.500 -10.648
388462.500 130597.500 -10.662
388462.500 130598.500 -10.685
388462.500 130599.500 -10.705
388462.500 130600.500 -10.702
388462.500 130601.500 -10.712
388462.500 130602.500 -10.712
388462.500 130603.500 -10.705
388462.500 130604.500 -10.702
388462.500 130605.500 -10.710
388462.500 130606.500 -10.727
388462.500 130607.500 -10.745
388462.500 130608.500 -10.777
388462.500 130609.500 -10.792
388462.500 130610.500 -10.803
388462.500 130611.500 -10.820
388462.500 130612.500 -10.840
388462.500 130613.500 -10.865
388462.500 130614.500 -10.862
388462.500 130615.500 -10.860
388462.500 130616.500 -10.865
388462.500 130617.500 -10.875
388462.500 130618.500 -10.890
388462.500 130619.500 -10.900
388462.500 130620.500 -10.918
388462.500 130621.500 -10.957
388462.500 130622.500 -10.983
388462.500 130623.500 -11.000
388462.500 130624.500 -11.027
388463.500 130592.500 -10.602
388463.500 130593.500 -10.622
388463.500 130594.500 -10.645
388463.500 130595.500 -10.627
388463.500 130596.500 -10.625
388463.500 130597.500 -10.630
388463.500 130598.500 -10.638
388463.500 130599.500 -10.662
388463.500 130600.500 -10.668
388463.500 130601.500 -10.707
388463.500 130602.500 -10.705
388463.500 130603.500 -10.703
388463.500 130604.500 -10.688
388463.500 130605.500 -10.697
388463.500 130606.500 -10.705
388463.500 130607.500 -10.737
388463.500 130608.500 -10.763
388463.500 130609.500 -10.770
388463.500 130610.500 -10.772
388463.500 130611.500 -10.805
388463.500 130612.500 -10.830
388463.500 130613.500 -10.850
388463.500 130614.500 -10.845
388463.500 130615.500 -10.828
388463.500 130616.500 -10.830
388463.500 130617.500 -10.838
388463.500 130618.500 -10.852
388463.500 130619.500 -10.855
388463.500 130620.500 -10.872
388463.500 130621.500 -10.910
388463.500 130622.500 -10.942
388463.500 130623.500 -10.980
388464.500 130592.500 -10.593
388464.500 130593.500 -10.620
388464.500 130594.500 -10.623
388464.500 130595.500 -10.615
388464.500 130596.500 -10.620
388464.500 130597.500 -10.612
388464.500 130598.500 -10.617
388464.500 130599.500 -10.655
388464.500 130600.500 -10.648
388464.500 130601.500 -10.675
388464.500 130602.500 -10.688
388464.500 130603.500 -10.685
388464.500 130604.500 -10.685
388464.500 130605.500 -10.693
388464.500 130606.500 -10.700
388464.500 130607.500 -10.722
388464.500 130608.500 -10.732
388464.500 130609.500 -10.742
388464.500 130610.500 -10.742
388464.500 130611.500 -10.775
388464.500 130612.500 -10.803
388464.500 130613.500 -10.820
388464.500 130614.500 -10.812
388464.500 130615.500 -10.803
388464.500 130616.500 -10.817
388464.500 130617.500 -10.822
388464.500 130618.500 -10.813
388464.500 130619.500 -10.775
388464.500 130620.500 -10.752
388464.500 130621.500 -10.800
388464.500 130622.500 -10.863
388465.500 130592.500 -10.588
388465.500 130593.500 -10.605
388465.500 130594.500 -10.610
388465.500 130595.500 -10.612
388465.500 130596.500 -10.610
388465.500 130597.500 -10.602
388465.500 130598.500 -10.612
388465.500 130599.500 -10.620
388465.500 130600.500 -10.635
388465.500 130601.500 -10.653
388465.500 130602.500 -10.682
388465.500 130603.500 -10.672
388465.500 130604.500 -10.657
388465.500 130605.500 -10.675
388465.500 130606.500 -10.695
388465.500 130607.500 -10.707
388465.500 130608.500 -10.702
388465.500 130609.500 -10.713
388465.500 130610.500 -10.733
388465.500 130611.500 -10.738
388465.500 130612.500 -10.760
388465.500 130613.500 -10.780
388465.500 130614.500 -10.787
388465.500 130615.500 -10.787
388465.500 130616.500 -10.795
388465.500 130617.500 -10.805
388465.500 130618.500 -10.803
388465.500 130619.500 -10.765
388465.500 130620.500 -10.713
388465.500 130621.500 -10.725
388465.500 130622.500 -10.790
388466.500 130592.500 -10.580
388466.500 130593.500 -10.583
388466.500 130594.500 -10.598
388466.500 130595.500 -10.605
388466.500 130596.500 -10.598
388466.500 130597.500 -10.593
388466.500 130598.500 -10.615
388466.500 130599.500 -10.590
388466.500 130600.500 -10.600
388466.500 130601.500 -10.617
388466.500 130602.500 -10.622
388466.500 130603.500 -10.615
388466.500 130604.500 -10.630
388466.500 130605.500 -10.640
388466.500 130606.500 -10.652
388466.500 130607.500 -10.660
388466.500 130608.500 -10.658
388466.500 130609.500 -10.690
388466.500 130610.500 -10.705
388466.500 130611.500 -10.717
388466.500 130612.500 -10.740
388466.500 130613.500 -10.745
388466.500 130614.500 -10.765
388466.500 130615.500 -10.777
388466.500 130616.500 -10.785
388466.500 130617.500 -10.777
388466.500 130618.500 -10.768
388466.500 130619.500 -10.773
388466.500 130620.500 -10.765
388466.500 130621.500 -10.748
388467.500 130592.500 -10.567
388467.500 130593.500 -10.580
388467.500 130594.500 -10.598
388467.500 130595.500 -10.610
388467.500 130596.500 -10.595
388467.500 130597.500 -10.600
388467.500 130598.500 -10.595
388467.500 130599.500 -10.590
388467.500 130600.500 -10.572
388467.500 130601.500 -10.588
388467.500 130602.500 -10.583
388467.500 130603.500 -10.590
388467.500 130604.500 -10.602
388467.500 130605.500 -10.617
388467.500 130606.500 -10.623
388467.500 130607.500 -10.630
388467.500 130608.500 -10.617
388467.500 130609.500 -10.650
388467.500 130610.500 -10.652
388467.500 130611.500 -10.678
388467.500 130612.500 -10.720
388467.500 130613.500 -10.730
388467.500 130614.500 -10.730
388467.500 130615.500 -10.742
388467.500 130616.500 -10.730
388467.500 130617.500 -10.730
388467.500 130618.500 -10.740
388467.500 130619.500 -10.797
388467.500 130620.500 -10.815
388468.500 130592.500 -10.553
388468.500 130593.500 -10.565
388468.500 130594.500 -10.588
388468.500 130595.500 -10.595
388468.500 130596.500 -10.593
388468.500 130597.500 -10.588
388468.500 130598.500 -10.585
388468.500 130599.500 -10.588
388468.500 130600.500 -10.572
388468.500 130601.500 -10.583
388468.500 130602.500 -10.577
388468.500 130603.500 -10.575
388468.500 130604.500 -10.595
388468.500 130605.500 -10.602
388468.500 130606.500 -10.605
388468.500 130607.500 -10.602
388468.500 130608.500 -10.607
388468.500 130609.500 -10.627
388468.500 130610.500 -10.615
388468.500 130611.500 -10.650
388468.500 130612.500 -10.685
388468.500 130613.500 -10.702
388468.500 130614.500 -10.720
388468.500 130615.500 -10.705
388468.500 130616.500 -10.697
388468.500 130617.500 -10.687
388468.500 130618.500 -10.730
388468.500 130619.500 -10.795
388468.500 130620.500 -10.830
388469.500 130592.500 -10.545
388469.500 130593.500 -10.553
388469.500 130594.500 -10.560
388469.500 130595.500 -10.575
388469.500 130596.500 -10.580
388469.500 130597.500 -10.557
388469.500 130598.500 -10.567
388469.500 130599.500 -10.575
388469.500 130600.500 -10.570
388469.500 130601.500 -10.585
388469.500 130602.500 -10.580
388469.500 130603.500 -10.575
388469.500 130604.500 -10.588
388469.500 130605.500 -10.590
388469.500 130606.500 -10.602
388469.500 130607.500 -10.612
388469.500 130608.500 -10.612
388469.500 130609.500 -10.625
388469.500 130610.500 -10.617
388469.500 130611.500 -10.627
388469.500 130612.500 -10.640
388469.500 130613.500 -10.680
388469.500 130614.500 -10.702
388469.500 130615.500 -10.700
388469.500 130616.500 -10.690
388469.500 130617.500 -10.685
388469.500 130618.500 -10.725
388469.500 130619.500 -10.790
388470.500 130592.500 -10.513
388470.500 130593.500 -10.530
388470.500 130594.500 -10.545
388470.500 130595.500 -10.567
388470.500 130596.500 -10.558
388470.500 130597.500 -10.545
388470.500 130598.500 -10.565
388470.500 130599.500 -10.557
388470.500 130600.500 -10.555
388470.500 130601.500 -10.585
388470.500 130602.500 -10.598
388470.500 130603.500 -10.600
388470.500 130604.500 -10.602
388470.500 130605.500 -10.600
388470.500 130606.500 -10.598
388470.500 130607.500 -10.605
388470.500 130608.500 -10.625
388470.500 130609.500 -10.627
388470.500 130610.500 -10.632
388470.500 130611.500 -10.647
388470.500 130612.500 -10.650
388470.500 130613.500 -10.672
388470.500 130614.500 -10.702
388470.500 130615.500 -10.710
388470.500 130616.500 -10.712
388470.500 130617.500 -10.717
388470.500 130618.500 -10.738
388471.500 130592.500 -10.505
388471.500 130593.500 -10.520
388471.500 130594.500 -10.540
388471.500 130595.500 -10.560
388471.500 130596.500 -10.543
388471.500 130597.500 -10.525
388471.500 130598.500 -10.553
388471.500 130599.500 -10.555
388471.500 130600.500 -10.553
388471.500 130601.500 -10.580
388471.500 130602.500 -10.602
388471.500 130603.500 -10.607
388471.500 130604.500 -10.605
388471.500 130605.500 -10.605
388471.500 130606.500 -10.595
388471.500 130607.500 -10.598
388471.500 130608.500 -10.610
388471.500 130609.500 -10.620
388471.500 130610.500 -10.615
388471.500 130611.500 -10.620
388471.500 130612.500 -10.627
388471.500 130613.500 -10.662
388471.500 130614.500 -10.695
388471.500 130615.500 -10.720
388471.500 130616.500 -10.723
388471.500 130617.500 -10.738
388471.500 130618.500 -10.710
388472.500 130592.500 -10.490
388472.500 130593.500 -10.495
388472.500 130594.500 -10.520
388472.500 130595.500 -10.540
388472.500 130596.500 -10.517
388472.500 130597.500 -10.515
388472.500 130598.500 -10.542
388472.500 130599.500 -10.560
388472.500 130600.500 -10.567
388472.500 130601.500 -10.567
388472.500 130602.500 -10.583
388472.500 130603.500 -10.602
388472.500 130604.500 -10.615
388472.500 130605.500 -10.610
388472.500 130606.500 -10.612
388472.500 130607.500 -10.607
388472.500 130608.500 -10.607
388472.500 130609.500 -10.607
388472.500 130610.500 -10.595
388472.500 130611.500 -10.610
388472.500 130612.500 -10.640
388472.500 130613.500 -10.662
388472.500 130614.500 -10.697
388472.500 130615.500 -10.730
388472.500 130616.500 -10.738
388472.500 130617.500 -10.703
388473.500 130592.500 -10.477
388473.500 130593.500 -10.485
388473.500 130594.500 -10.495
388473.500 130595.500 -10.505
388473.500 130596.500 -10.508
388473.500 130597.500 -10.513
388473.500 130598.500 -10.537
388473.500 130599.500 -10.545
388473.500 130600.500 -10.558
388473.500 130601.500 -10.555
388473.500 130602.500 -10.572
388473.500 130603.500 -10.588
388473.500 130604.500 -10.592
388473.500 130605.500 -10.585
388473.500 130606.500 -10.617
388473.500 130607.500 -10.607
388473.500 130608.500 -10.610
388473.500 130609.500 -10.607
388473.500 130610.500 -10.620
388473.500 130611.500 -10.637
388473.500 130612.500 -10.660
388473.500 130613.500 -10.688
388473.500 130614.500 -10.707
388473.500 130615.500 -10.723
388473.500 130616.500 -10.730
388474.500 130592.500 -10.437
388474.500 130593.500 -10.462
388474.500 130594.500 -10.480
388474.500 130595.500 -10.477
388474.500 130596.500 -10.482
388474.500 130597.500 -10.500
388474.500 130598.500 -10.520
388474.500 130599.500 -10.535
388474.500 130600.500 -10.545
388474.500 130601.500 -10.557
388474.500 130602.500 -10.557
388474.500 130603.500 -10.567
388474.500 130604.500 -10.577
388474.500 130605.500 -10.580
388474.500 130606.500 -10.600
388474.500 130607.500 -10.595
388474.500 130608.500 -10.598
388474.500 130609.500 -10.607
388474.500 130610.500 -10.625
388474.500 130611.500 -10.642
388474.500 130612.500 -10.660
388474.500 130613.500 -10.682
388474.500 130614.500 -10.697
388474.500 130615.500 -10.725
388474.500 130616.500 -10.720
388475.500 130592.500 -10.405
388475.500 130593.500 -10.445
388475.500 130594.500 -10.460
388475.500 130595.500 -10.457
388475.500 130596.500 -10.480
388475.500 130597.500 -10.505
388475.500 130598.500 -10.513
388475.500 130599.500 -10.515
388475.500 130600.500 -10.525
388475.500 130601.500 -10.530
388475.500 130602.500 -10.547
388475.500 130603.500 -10.545
388475.500 130604.500 -10.542
388475.500 130605.500 -10.555
388475.500 130606.500 -10.570
388475.500 130607.500 -10.567
388475.500 130608.500 -10.592
388475.500 130609.500 -10.620
388475.500 130610.500 -10.637
388475.500 130611.500 -10.657
388475.500 130612.500 -10.678
388475.500 130613.500 -10.702
388475.500 130614.500 -10.715
388475.500 130615.500 -10.715
388476.500 130592.500 -10.380
388476.500 130593.500 -10.402
388476.500 130594.500 -10.432
388476.500 130595.500 -10.447
388476.500 130596.500 -10.445
388476.500 130597.500 -10.473
388476.500 130598.500 -10.495
388476.500 130599.500 -10.502
388476.500 130600.500 -10.510
388476.500 130601.500 -10.518
388476.500 130602.500 -10.525
388476.500 130603.500 -10.522
388476.500 130604.500 -10.535
388476.500 130605.500 -10.550
388476.500 130606.500 -10.558
388476.500 130607.500 -10.575
388476.500 130608.500 -10.588
388476.500 130609.500 -10.620
388476.500 130610.500 -10.653
388476.500 130611.500 -10.678
388476.500 130612.500 -10.693
388476.500 130613.500 -10.683
388476.500 130614.500 -10.700
388477.500 130592.500 -10.393
388477.500 130593.500 -10.385
388477.500 130594.500 -10.412
388477.500 130595.500 -10.430
388477.500 130596.500 -10.445
388477.500 130597.500 -10.450
388477.500 130598.500 -10.460
388477.500 130599.500 -10.473
388477.500 130600.500 -10.507
388477.500 130601.500 -10.512
388477.500 130602.500 -10.520
388477.500 130603.500 -10.513
388477.500 130604.500 -10.522
388477.500 130605.500 -10.542
388477.500 130606.500 -10.558
388477.500 130607.500 -10.580
388477.500 130608.500 -10.588
388477.500 130609.500 -10.617
388477.500 130610.500 -10.655
388477.500 130611.500 -10.672
388477.500 130612.500 -10.665
388477.500 130613.500 -10.670
388477.500 130614.500 -10.710
388478.500 130592.500 -10.385
388478.500 130593.500 -10.375
388478.500 130594.500 -10.405
388478.500 130595.500 -10.420
388478.500 130596.500 -10.440
388478.500 130597.500 -10.455
388478.500 130598.500 -10.450
388478.500 130599.500 -10.467
388478.500 130600.500 -10.492
388478.500 130601.500 -10.497
388478.500 130602.500 -10.498
388478.500 130603.500 -10.505
388478.500 130604.500 -10.520
388478.500 130605.500 -10.537
388478.500 130606.500 -10.562
388478.500 130607.500 -10.592
388478.500 130608.500 -10.593
388478.500 130609.500 -10.605
388478.500 130610.500 -10.650
388478.500 130611.500 -10.658
388478.500 130612.500 -10.650
388478.500 130613.500 -10.678
388479.500 130592.500 -10.338
388479.500 130593.500 -10.355
388479.500 130594.500 -10.377
388479.500 130595.500 -10.415
388479.500 130596.500 -10.447
388479.500 130597.500 -10.473
388479.500 130598.500 -10.460
388479.500 130599.500 -10.460
388479.500 130600.500 -10.482
388479.500 130601.500 -10.498
388479.500 130602.500 -10.498
388479.500 130603.500 -10.492
388479.500 130604.500 -10.502
388479.500 130605.500 -10.515
388479.500 130606.500 -10.540
388479.500 130607.500 -10.592
388479.500 130608.500 -10.612
388479.500 130609.500 -10.615
388479.500 130610.500 -10.625
388479.500 130611.500 -10.633
388479.500 130612.500 -10.660
388480.500 130592.500 -10.330
388480.500 130593.500 -10.328
388480.500 130594.500 -10.357
388480.500 130595.500 -10.405
388480.500 130596.500 -10.447
388480.500 130597.500 -10.462
388480.500 130598.500 -10.465
388480.500 130599.500 -10.460
388480.500 130600.500 -10.472
388480.500 130601.500 -10.482
388480.500 130602.500 -10.492
388480.500 130603.500 -10.505
388480.500 130604.500 -10.512
388480.500 130605.500 -10.510
388480.500 130606.500 -10.533
388480.500 130607.500 -10.575
388480.500 130608.500 -10.588
388480.500 130609.500 -10.585
388480.500 130610.500 -10.577
388480.500 130611.500 -10.620
388480.500 130612.500 -10.658
388481.500 130592.500 -10.290
388481.500 130593.500 -10.322
388481.500 130594.500 -10.350
388481.500 130595.500 -10.388
388481.500 130596.500 -10.432
388481.500 130597.500 -10.442
388481.500 130598.500 -10.467
388481.500 130599.500 -10.465
388481.500 130600.500 -10.465
388481.500 130601.500 -10.462
388481.500 130602.500 -10.470
388481.500 130603.500 -10.505
388481.500 130604.500 -10.518
388481.500 130605.500 -10.502
388481.500 130606.500 -10.532
388481.500 130607.500 -10.555
388481.500 130608.500 -10.562
388481.500 130609.500 -10.575
388481.500 130610.500 -10.548
388481.500 130611.500 -10.567
388482.500 130592.500 -10.262
388482.500 130593.500 -10.310
388482.500 130594.500 -10.330
388482.500 130595.500 -10.367
388482.500 130596.500 -10.385
388482.500 130597.500 -10.432
388482.500 130598.500 -10.447
388482.500 130599.500 -10.435
388482.500 130600.500 -10.445
388482.500 130601.500 -10.457
388482.500 130602.500 -10.473
388482.500 130603.500 -10.488
388482.500 130604.500 -10.513
388482.500 130605.500 -10.507
388482.500 130606.500 -10.530
388482.500 130607.500 -10.527
388482.500 130608.500 -10.545
388482.500 130609.500 -10.555
388482.500 130610.500 -10.555
388483.500 130592.500 -10.272
388483.500 130593.500 -10.315
388483.500 130594.500 -10.320
388483.500 130595.500 -10.355
388483.500 130596.500 -10.380
388483.500 130597.500 -10.422
388483.500 130598.500 -10.440
388483.500 130599.500 -10.440
388483.500 130600.500 -10.455
388483.500 130601.500 -10.470
388483.500 130602.500 -10.452
388483.500 130603.500 -10.467
388483.500 130604.500 -10.500
388483.500 130605.500 -10.510
388483.500 130606.500 -10.532
388483.500 130607.500 -10.540
388483.500 130608.500 -10.560
388483.500 130609.500 -10.547
388483.500 130610.500 -10.573
388484.500 130592.500 -10.292
388484.500 130593.500 -10.345
388484.500 130594.500 -10.350
388484.500 130595.500 -10.377
388484.500 130596.500 -10.400
388484.500 130597.500 -10.410
388484.500 130598.500 -10.415
388484.500 130599.500 -10.438
388484.500 130600.500 -10.452
388484.500 130601.500 -10.470
388484.500 130602.500 -10.445
388484.500 130603.500 -10.450
388484.500 130604.500 -10.480
388484.500 130605.500 -10.500
388484.500 130606.500 -10.502
388484.500 130607.500 -10.522
388484.500 130608.500 -10.557
388484.500 130609.500 -10.548
388485.500 130592.500 -10.330
388485.500 130593.500 -10.338
388485.500 130594.500 -10.355
388485.500 130595.500 -10.377
388485.500 130596.500 -10.390
388485.500 130597.500 -10.395
388485.500 130598.500 -10.415
388485.500 130599.500 -10.425
388485.500 130600.500 -10.445
388485.500 130601.500 -10.450
388485.500 130602.500 -10.432
388485.500 130603.500 -10.460
388485.500 130604.500 -10.485
388485.500 130605.500 -10.490
388485.500 130606.500 -10.488
388485.500 130607.500 -10.500
388485.500 130608.500 -10.535
388486.500 130592.500 -10.348
388486.500 130593.500 -10.322
388486.500 130594.500 -10.330
388486.500 130595.500 -10.342
388486.500 130596.500 -10.367
388486.500 130597.500 -10.393
388486.500 130598.500 -10.412
388486.500 130599.500 -10.408
388486.500 130600.500 -10.420
388486.500 130601.500 -10.432
388486.500 130602.500 -10.445
388486.500 130603.500 -10.457
388486.500 130604.500 -10.462
388486.500 130605.500 -10.452
388486.500 130606.500 -10.455
388486.500 130607.500 -10.470
388486.500 130608.500 -10.500
388487.500 130592.500 -10.352
388487.500 130593.500 -10.332
388487.500 130594.500 -10.322
388487.500 130595.500 -10.322
388487.500 130596.500 -10.353
388487.500 130597.500 -10.377
388487.500 130598.500 -10.385
388487.500 130599.500 -10.390
388487.500 130600.500 -10.415
388487.500 130601.500 -10.420
388487.500 130602.500 -10.445
388487.500 130603.500 -10.462
388487.500 130604.500 -10.455
388487.500 130605.500 -10.425
388487.500 130606.500 -10.447
388487.500 130607.500 -10.438
388488.500 130592.500 -10.327
388488.500 130593.500 -10.337
388488.500 130594.500 -10.330
388488.500 130595.500 -10.317
388488.500 130596.500 -10.330
388488.500 130597.500 -10.348
388488.500 130598.500 -10.370
388488.500 130599.500 -10.375
388488.500 130600.500 -10.412
388488.500 130601.500 -10.403
388488.500 130602.500 -10.422
388488.500 130603.500 -10.445
388488.500 130604.500 -10.452
388488.500 130605.500 -10.432
388488.500 130606.500 -10.440
388489.500 130592.500 -10.328
388489.500 130593.500 -10.327
388489.500 130594.500 -10.320
388489.500 130595.500 -10.295
388489.500 130596.500 -10.287
388489.500 130597.500 -10.330
388489.500 130598.500 -10.357
388489.500 130599.500 -10.355
388489.500 130600.500 -10.390
388489.500 130601.500 -10.393
388489.500 130602.500 -10.408
388489.500 130603.500 -10.412
388489.500 130604.500 -10.425
388489.500 130605.500 -10.425
388489.500 130606.500 -10.402
388490.500 130592.500 -10.322
388490.500 130593.500 -10.325
388490.500 130594.500 -10.322
388490.500 130595.500 -10.302
388490.500 130596.500 -10.315
388490.500 130597.500 -10.330
388490.500 130598.500 -10.348
388490.500 130599.500 -10.375
388490.500 130600.500 -10.375
388490.500 130601.500 -10.360
388490.500 130602.500 -10.385
388490.500 130603.500 -10.397
388490.500 130604.500 -10.397
388490.500 130605.500 -10.410
388491.500 130592.500 -10.335
388491.500 130593.500 -10.335
388491.500 130594.500 -10.330
388491.500 130595.500 -10.320
388491.500 130596.500 -10.328
388491.500 130597.500 -10.333
388491.500 130598.500 -10.350
388491.500 130599.500 -10.377
388491.500 130600.500 -10.367
388491.500 130601.500 -10.352
388491.500 130602.500 -10.375
388491.500 130603.500 -10.390
388491.500 130604.500 -10.395
388492.500 130592.500 -10.348
388492.500 130593.500 -10.352
388492.500 130594.500 -10.338
388492.500 130595.500 -10.342
388492.500 130596.500 -10.325
388492.500 130597.500 -10.340
388492.500 130598.500 -10.370
388492.500 130599.500 -10.400
388492.500 130600.500 -10.390
388492.500 130601.500 -10.357
388492.500 130602.500 -10.380
388492.500 130603.500 -10.387
388492.500 130604.500 -10.408
388493.500 130592.500 -10.365
388493.500 130593.500 -10.365
388493.500 130594.500 -10.367
388493.500 130595.500 -10.380
388493.500 130596.500 -10.377
388493.500 130597.500 -10.380
388493.500 130598.500 -10.390
388493.500 130599.500 -10.410
388493.500 130600.500 -10.400
388493.500 130601.500 -10.385
388493.500 130602.500 -10.383
388493.500 130603.500 -10.375
388494.500 130592.500 -10.367
388494.500 130593.500 -10.372
388494.500 130594.500 -10.390
388494.500 130595.500 -10.383
388494.500 130596.500 -10.373
388494.500 130597.500 -10.390
388494.500 130598.500 -10.390
388494.500 130599.500 -10.405
388494.500 130600.500 -10.395
388494.500 130601.500 -10.395
388494.500 130602.500 -10.395
388367.500 130502.500 -10.842
388367.500 130503.500 -10.848
388367.500 130504.500 -10.862
388367.500 130505.500 -10.870
388367.500 130506.500 -10.888
388367.500 130507.500 -10.890
388367.500 130508.500 -10.850
388367.500 130509.500 -10.812
388367.500 130510.500 -10.840
388367.500 130511.500 -10.842
388367.500 130512.500 -10.852
388367.500 130513.500 -10.833
388367.500 130514.500 -10.852
388367.500 130515.500 -10.890
388367.500 130516.500 -10.930
388367.500 130517.500 -10.922
388367.500 130518.500 -10.935
388367.500 130519.500 -10.903
388367.500 130520.500 -10.900
388367.500 130521.500 -10.900
388367.500 130522.500 -10.867
388367.500 130523.500 -10.870
388367.500 130524.500 -10.885
388367.500 130525.500 -10.883
388367.500 130526.500 -10.880
388367.500 130527.500 -10.905
388367.500 130528.500 -10.912
388367.500 130529.500 -10.883
388367.500 130530.500 -10.815
388367.500 130531.500 -10.793
388367.500 130532.500 -10.810
388367.500 130533.500 -10.825
388367.500 130534.500 -10.890
388367.500 130535.500 -10.870
388367.500 130536.500 -10.868
388367.500 130537.500 -10.887
388367.500 130538.500 -10.928
388367.500 130539.500 -11.067
388367.500 130540.500 -11.022
388367.500 130541.500 -10.875
388367.500 130542.500 -10.908
388367.500 130543.500 -10.950
388367.500 130544.500 -10.910
388367.500 130545.500 -10.848
388367.500 130546.500 -10.765
388367.500 130547.500 -10.738
388367.500 130548.500 -10.765
388367.500 130549.500 -10.783
388367.500 130550.500 -10.852
388367.500 130551.500 -10.903
388367.500 130552.500 -10.910
388367.500 130553.500 -10.995
388367.500 130554.500 -11.010
388367.500 130555.500 -11.022
388367.500 130556.500 -11.062
388367.500 130557.500 -11.110
388367.500 130558.500 -11.105
388367.500 130559.500 -11.057
388367.500 130560.500 -11.028
388367.500 130561.500 -11.022
388367.500 130562.500 -11.025
388367.500 130563.500 -11.150
388367.500 130564.500 -11.180
388367.500 130565.500 -11.180
388367.500 130566.500 -11.215
388367.500 130567.500 -11.222
388367.500 130568.500 -11.188
388367.500 130569.500 -11.197
388367.500 130570.500 -11.240
388367.500 130571.500 -11.260
388367.500 130572.500 -11.290
388367.500 130573.500 -11.293
388367.500 130574.500 -11.270
388367.500 130575.500 -11.265
388367.500 130576.500 -11.285
388367.500 130577.500 -11.283
388367.500 130578.500 -11.242
388367.500 130579.500 -11.293
388367.500 130580.500 -11.328
388367.500 130581.500 -11.350
388367.500 130582.500 -11.393
388367.500 130583.500 -11.442
388367.500 130584.500 -11.490
388367.500 130585.500 -11.520
388367.500 130586.500 -11.558
388367.500 130587.500 -11.595
388367.500 130588.500 -11.637
388367.500 130589.500 -11.680
388367.500 130590.500 -11.727
388367.500 130591.500 -11.772
388368.500 130501.500 -10.855
388368.500 130502.500 -10.872
388368.500 130503.500 -10.848
388368.500 130504.500 -10.860
388368.500 130505.500 -10.890
388368.500 130506.500 -10.882
388368.500 130507.500 -10.902
388368.500 130508.500 -10.873
388368.500 130509.500 -10.808
388368.500 130510.500 -10.842
388368.500 130511.500 -10.852
388368.500 130512.500 -10.852
388368.500 130513.500 -10.843
388368.500 130514.500 -10.893
388368.500 130515.500 -10.925
388368.500 130516.500 -10.945
388368.500 130517.500 -10.937
388368.500 130518.500 -10.908
388368.500 130519.500 -10.840
388368.500 130520.500 -10.900
388368.500 130521.500 -10.900
388368.500 130522.500 -10.870
388368.500 130523.500 -10.860
388368.500 130524.500 -10.882
388368.500 130525.500 -10.885
388368.500 130526.500 -10.865
388368.500 130527.500 -10.882
388368.500 130528.500 -10.877
388368.500 130529.500 -10.880
388368.500 130530.500 -10.860
388368.500 130531.500 -10.790
388368.500 130532.500 -10.735
388368.500 130533.500 -10.768
388368.500 130534.500 -10.817
388368.500 130535.500 -10.910
388368.500 130536.500 -10.915
388368.500 130537.500 -10.925
388368.500 130538.500 -10.923
388368.500 130539.500 -10.962
388368.500 130540.500 -10.885
388368.500 130541.500 -10.745
388368.500 130542.500 -10.805
388368.500 130543.500 -10.822
388368.500 130544.500 -10.807
388368.500 130545.500 -10.772
388368.500 130546.500 -10.715
388368.500 130547.500 -10.672
388368.500 130548.500 -10.672
388368.500 130549.500 -10.710
388368.500 130550.500 -10.728
388368.500 130551.500 -10.768
388368.500 130552.500 -10.817
388368.500 130553.500 -10.917
388368.500 130554.500 -10.955
388368.500 130555.500 -11.050
388368.500 130556.500 -11.085
388368.500 130557.500 -11.112
388368.500 130558.500 -11.103
388368.500 130559.500 -11.018
388368.500 130560.500 -11.037
388368.500 130561.500 -11.047
388368.500 130562.500 -11.088
388368.500 130563.500 -11.190
388368.500 130564.500 -11.217
388368.500 130565.500 -11.188
388368.500 130566.500 -11.168
388368.500 130567.500 -11.178
388368.500 130568.500 -11.175
388368.500 130569.500 -11.250
388368.500 130570.500 -11.230
388368.500 130571.500 -11.258
388368.500 130572.500 -11.275
388368.500 130573.500 -11.265
388368.500 130574.500 -11.252
388368.500 130575.500 -11.255
388368.500 130576.500 -11.258
388368.500 130577.500 -11.248
388368.500 130578.500 -11.252
388368.500 130579.500 -11.263
388368.500 130580.500 -11.292
388368.500 130581.500 -11.300
388368.500 130582.500 -11.347
388368.500 130583.500 -11.420
388368.500 130584.500 -11.475
388368.500 130585.500 -11.510
388368.500 130586.500 -11.550
388368.500 130587.500 -11.600
388368.500 130588.500 -11.635
388368.500 130589.500 -11.672
388368.500 130590.500 -11.715
388368.500 130591.500 -11.760
388369.500 130501.500 -10.882
388369.500 130502.500 -10.877
388369.500 130503.500 -10.855
388369.500 130504.500 -10.867
388369.500 130505.500 -10.890
388369.500 130506.500 -10.875
388369.500 130507.500 -10.880
388369.500 130508.500 -10.900
388369.500 130509.500 -10.860
388369.500 130510.500 -10.812
388369.500 130511.500 -10.847
388369.500 130512.500 -10.845
388369.500 130513.500 -10.860
388369.500 130514.500 -10.895
388369.500 130515.500 -10.900
388369.500 130516.500 -10.925
388369.500 130517.500 -10.928
388369.500 130518.500 -10.917
388369.500 130519.500 -10.887
388369.500 130520.500 -10.938
388369.500 130521.500 -10.925
388369.500 130522.500 -10.893
388369.500 130523.500 -10.877
388369.500 130524.500 -10.877
388369.500 130525.500 -10.893
388369.500 130526.500 -10.877
388369.500 130527.500 -10.862
388369.500 130528.500 -10.857
388369.500 130529.500 -10.870
388369.500 130530.500 -10.845
388369.500 130531.500 -10.805
388369.500 130532.500 -10.720
388369.500 130533.500 -10.750
388369.500 130534.500 -10.822
388369.500 130535.500 -10.828
388369.500 130536.500 -10.822
388369.500 130537.500 -10.832
388369.500 130538.500 -10.830
388369.500 130539.500 -10.825
388369.500 130540.500 -10.768
388369.500 130541.500 -10.723
388369.500 130542.500 -10.770
388369.500 130543.500 -10.770
388369.500 130544.500 -10.695
388369.500 130545.500 -10.627
388369.500 130546.500 -10.600
388369.500 130547.500 -10.580
388369.500 130548.500 -10.597
388369.500 130549.500 -10.658
388369.500 130550.500 -10.685
388369.500 130551.500 -10.692
388369.500 130552.500 -10.713
388369.500 130553.500 -10.777
388369.500 130554.500 -10.902
388369.500 130555.500 -10.960
388369.500 130556.500 -10.925
388369.500 130557.500 -10.930
388369.500 130558.500 -11.002
388369.500 130559.500 -10.963
388369.500 130560.500 -10.975
388369.500 130561.500 -11.015
388369.500 130562.500 -11.062
388369.500 130563.500 -11.172
388369.500 130564.500 -11.215
388369.500 130565.500 -11.197
388369.500 130566.500 -11.187
388369.500 130567.500 -11.175
388369.500 130568.500 -11.205
388369.500 130569.500 -11.258
388369.500 130570.500 -11.233
388369.500 130571.500 -11.245
388369.500 130572.500 -11.245
388369.500 130573.500 -11.270
388369.500 130574.500 -11.262
388369.500 130575.500 -11.258
388369.500 130576.500 -11.245
388369.500 130577.500 -11.238
388369.500 130578.500 -11.223
388369.500 130579.500 -11.250
388369.500 130580.500 -11.290
388369.500 130581.500 -11.300
388369.500 130582.500 -11.332
388369.500 130583.500 -11.398
388369.500 130584.500 -11.447
388369.500 130585.500 -11.500
388369.500 130586.500 -11.550
388369.500 130587.500 -11.600
388369.500 130588.500 -11.627
388369.500 130589.500 -11.665
388369.500 130590.500 -11.697
388369.500 130591.500 -11.752
388370.500 130500.500 -10.902
388370.500 130501.500 -10.887
388370.500 130502.500 -10.873
388370.500 130503.500 -10.873
388370.500 130504.500 -10.880
388370.500 130505.500 -10.867
388370.500 130506.500 -10.867
388370.500 130507.500 -10.875
388370.500 130508.500 -10.902
388370.500 130509.500 -10.885
388370.500 130510.500 -10.835
388370.500 130511.500 -10.822
388370.500 130512.500 -10.828
388370.500 130513.500 -10.857
388370.500 130514.500 -10.877
388370.500 130515.500 -10.877
388370.500 130516.500 -10.882
388370.500 130517.500 -10.892
388370.500 130518.500 -10.917
388370.500 130519.500 -10.937
388370.500 130520.500 -10.965
388370.500 130521.500 -10.947
388370.500 130522.500 -10.902
388370.500 130523.500 -10.880
388370.500 130524.500 -10.870
388370.500 130525.500 -10.877
388370.500 130526.500 -10.882
388370.500 130527.500 -10.850
388370.500 130528.500 -10.852
388370.500 130529.500 -10.843
388370.500 130530.500 -10.840
388370.500 130531.500 -10.818
388370.500 130532.500 -10.772
388370.500 130533.500 -10.765
388370.500 130534.500 -10.820
388370.500 130535.500 -10.840
388370.500 130536.500 -10.865
388370.500 130537.500 -10.835
388370.500 130538.500 -10.782
388370.500 130539.500 -10.827
388370.500 130540.500 -10.838
388370.500 130541.500 -10.745
388370.500 130542.500 -10.702
388370.500 130543.500 -10.700
388370.500 130544.500 -10.715
388370.500 130545.500 -10.662
388370.500 130546.500 -10.592
388370.500 130547.500 -10.522
388370.500 130548.500 -10.522
388370.500 130549.500 -10.610
388370.500 130550.500 -10.713
388370.500 130551.500 -10.760
388370.500 130552.500 -10.775
388370.500 130553.500 -10.810
388370.500 130554.500 -10.930
388370.500 130555.500 -11.000
388370.500 130556.500 -10.935
388370.500 130557.500 -10.850
388370.500 130558.500 -10.830
388370.500 130559.500 -10.825
388370.500 130560.500 -10.932
388370.500 130561.500 -10.960
388370.500 130562.500 -11.042
388370.500 130563.500 -11.143
388370.500 130564.500 -11.155
388370.500 130565.500 -11.150
388370.500 130566.500 -11.190
388370.500 130567.500 -11.203
388370.500 130568.500 -11.183
388370.500 130569.500 -11.225
388370.500 130570.500 -11.230
388370.500 130571.500 -11.232
388370.500 130572.500 -11.240
388370.500 130573.500 -11.240
388370.500 130574.500 -11.250
388370.500 130575.500 -11.242
388370.500 130576.500 -11.222
388370.500 130577.500 -11.210
388370.500 130578.500 -11.222
388370.500 130579.500 -11.265
388370.500 130580.500 -11.280
388370.500 130581.500 -11.305
388370.500 130582.500 -11.350
388370.500 130583.500 -11.410
388370.500 130584.500 -11.452
388370.500 130585.500 -11.480
388370.500 130586.500 -11.525
388370.500 130587.500 -11.580
388370.500 130588.500 -11.625
388370.500 130589.500 -11.660
388370.500 130590.500 -11.695
388370.500 130591.500 -11.752
388371.500 130499.500 -10.893
388371.500 130500.500 -10.893
388371.500 130501.500 -10.893
388371.500 130502.500 -10.887
388371.500 130503.500 -10.875
388371.500 130504.500 -10.872
388371.500 130505.500 -10.870
388371.500 130506.500 -10.870
388371.500 130507.500 -10.873
388371.500 130508.500 -10.877
388371.500 130509.500 -10.892
388371.500 130510.500 -10.862
388371.500 130511.500 -10.797
388371.500 130512.500 -10.840
388371.500 130513.500 -10.872
388371.500 130514.500 -10.875
388371.500 130515.500 -10.857
388371.500 130516.500 -10.840
388371.500 130517.500 -10.867
388371.500 130518.500 -10.910
388371.500 130519.500 -10.920
388371.500 130520.500 -10.943
388371.500 130521.500 -10.950
388371.500 130522.500 -10.905
388371.500 130523.500 -10.880
388371.500 130524.500 -10.865
388371.500 130525.500 -10.873
388371.500 130526.500 -10.867
388371.500 130527.500 -10.860
388371.500 130528.500 -10.855
388371.500 130529.500 -10.848
388371.500 130530.500 -10.857
388371.500 130531.500 -10.850
388371.500 130532.500 -10.828
388371.500 130533.500 -10.830
388371.500 130534.500 -10.830
388371.500 130535.500 -10.820
388371.500 130536.500 -10.857
388371.500 130537.500 -10.832
388371.500 130538.500 -10.835
388371.500 130539.500 -10.870
388371.500 130540.500 -10.885
388371.500 130541.500 -10.867
388371.500 130542.500 -10.810
388371.500 130543.500 -10.737
388371.500 130544.500 -10.692
388371.500 130545.500 -10.637
388371.500 130546.500 -10.632
388371.500 130547.500 -10.627
388371.500 130548.500 -10.635
388371.500 130549.500 -10.643
388371.500 130550.500 -10.760
388371.500 130551.500 -10.822
388371.500 130552.500 -10.820
388371.500 130553.500 -10.830
388371.500 130554.500 -10.912
388371.500 130555.500 -10.988
388371.500 130556.500 -10.980
388371.500 130557.500 -10.955
388371.500 130558.500 -10.933
388371.500 130559.500 -10.893
388371.500 130560.500 -10.820
388371.500 130561.500 -10.780
388371.500 130562.500 -10.780
388371.500 130563.500 -10.955
388371.500 130564.500 -11.012
388371.500 130565.500 -11.050
388371.500 130566.500 -11.120
388371.500 130567.500 -11.060
388371.500 130568.500 -11.112
388371.500 130569.500 -11.180
388371.500 130570.500 -11.205
388371.500 130571.500 -11.205
388371.500 130572.500 -11.185
388371.500 130573.500 -11.200
388371.500 130574.500 -11.220
388371.500 130575.500 -11.240
388371.500 130576.500 -11.212
388371.500 130577.500 -11.205
388371.500 130578.500 -11.235
388371.500 130579.500 -11.280
388371.500 130580.500 -11.285
388371.500 130581.500 -11.325
388371.500 130582.500 -11.367
388371.500 130583.500 -11.425
388371.500 130584.500 -11.465
388371.500 130585.500 -11.470
388371.500 130586.500 -11.500
388371.500 130587.500 -11.535
388371.500 130588.500 -11.585
388371.500 130589.500 -11.643
388371.500 130590.500 -11.695
388371.500 130591.500 -11.732
388372.500 130499.500 -10.908
388372.500 130500.500 -10.890
388372.500 130501.500 -10.890
388372.500 130502.500 -10.900
388372.500 130503.500 -10.895
388372.500 130504.500 -10.898
388372.500 130505.500 -10.907
388372.500 130506.500 -10.890
388372.500 130507.500 -10.867
388372.500 130508.500 -10.875
388372.500 130509.500 -10.875
388372.500 130510.500 -10.877
388372.500 130511.500 -10.885
388372.500 130512.500 -10.862
388372.500 130513.500 -10.870
388372.500 130514.500 -10.867
388372.500 130515.500 -10.862
388372.500 130516.500 -10.850
388372.500 130517.500 -10.865
388372.500 130518.500 -10.890
388372.500 130519.500 -10.910
388372.500 130520.500 -10.922
388372.500 130521.500 -10.925
388372.500 130522.500 -10.932
388372.500 130523.500 -10.922
388372.500 130524.500 -10.880
388372.500 130525.500 -10.890
388372.500 130526.500 -10.887
388372.500 130527.500 -10.870
388372.500 130528.500 -10.895
388372.500 130529.500 -10.910
388372.500 130530.500 -10.897
388372.500 130531.500 -10.865
388372.500 130532.500 -10.852
388372.500 130533.500 -10.893
388372.500 130534.500 -10.867
388372.500 130535.500 -10.838
388372.500 130536.500 -10.833
388372.500 130537.500 -10.872
388372.500 130538.500 -10.925
388372.500 130539.500 -10.943
388372.500 130540.500 -10.952
388372.500 130541.500 -10.937
388372.500 130542.500 -10.887
388372.500 130543.500 -10.835
388372.500 130544.500 -10.720
388372.500 130545.500 -10.630
388372.500 130546.500 -10.650
388372.500 130547.500 -10.648
388372.500 130548.500 -10.633
388372.500 130549.500 -10.680
388372.500 130550.500 -10.770
388372.500 130551.500 -10.780
388372.500 130552.500 -10.787
388372.500 130553.500 -10.830
388372.500 130554.500 -10.862
388372.500 130555.500 -10.832
388372.500 130556.500 -10.905
388372.500 130557.500 -11.058
388372.500 130558.500 -11.045
388372.500 130559.500 -11.022
388372.500 130560.500 -10.953
388372.500 130561.500 -10.833
388372.500 130562.500 -10.780
388372.500 130563.500 -10.773
388372.500 130564.500 -10.800
388372.500 130565.500 -10.928
388372.500 130566.500 -10.967
388372.500 130567.500 -11.010
388372.500 130568.500 -11.082
388372.500 130569.500 -11.170
388372.500 130570.500 -11.188
388372.500 130571.500 -11.188
388372.500 130572.500 -11.200
388372.500 130573.500 -11.145
388372.500 130574.500 -11.160
388372.500 130575.500 -11.190
388372.500 130576.500 -11.200
388372.500 130577.500 -11.225
388372.500 130578.500 -11.255
388372.500 130579.500 -11.270
388372.500 130580.500 -11.268
388372.500 130581.500 -11.300
388372.500 130582.500 -11.352
388372.500 130583.500 -11.402
388372.500 130584.500 -11.443
388372.500 130585.500 -11.470
388372.500 130586.500 -11.502
388372.500 130587.500 -11.525
388372.500 130588.500 -11.563
388372.500 130589.500 -11.620
388372.500 130590.500 -11.675
388372.500 130591.500 -11.722
388373.500 130498.500 -10.935
388373.500 130499.500 -10.932
388373.500 130500.500 -10.908
388373.500 130501.500 -10.902
388373.500 130502.500 -10.913
388373.500 130503.500 -10.903
388373.500 130504.500 -10.905
388373.500 130505.500 -10.920
388373.500 130506.500 -10.900
388373.500 130507.500 -10.897
388373.500 130508.500 -10.887
388373.500 130509.500 -10.872
388373.500 130510.500 -10.905
388373.500 130511.500 -10.918
388373.500 130512.500 -10.900
388373.500 130513.500 -10.877
388373.500 130514.500 -10.875
388373.500 130515.500 -10.872
388373.500 130516.500 -10.827
388373.500 130517.500 -10.875
388373.500 130518.500 -10.887
388373.500 130519.500 -10.900
388373.500 130520.500 -10.900
388373.500 130521.500 -10.905
388373.500 130522.500 -10.932
388373.500 130523.500 -10.930
388373.500 130524.500 -10.905
388373.500 130525.500 -10.905
388373.500 130526.500 -10.922
388373.500 130527.500 -10.920
388373.500 130528.500 -10.935
388373.500 130529.500 -10.950
388373.500 130530.500 -10.910
388373.500 130531.500 -10.857
388373.500 130532.500 -10.822
388373.500 130533.500 -10.880
388373.500 130534.500 -10.872
388373.500 130535.500 -10.848
388373.500 130536.500 -10.838
388373.500 130537.500 -10.857
388373.500 130538.500 -10.895
388373.500 130539.500 -10.915
388373.500 130540.500 -10.957
388373.500 130541.500 -10.973
388373.500 130542.500 -10.902
388373.500 130543.500 -10.827
388373.500 130544.500 -10.838
388373.500 130545.500 -10.758
388373.500 130546.500 -10.728
388373.500 130547.500 -10.650
388373.500 130548.500 -10.620
388373.500 130549.500 -10.683
388373.500 130550.500 -10.775
388373.500 130551.500 -10.753
388373.500 130552.500 -10.780
388373.500 130553.500 -10.845
388373.500 130554.500 -10.867
388373.500 130555.500 -10.822
388373.500 130556.500 -10.890
388373.500 130557.500 -11.075
388373.500 130558.500 -11.088
388373.500 130559.500 -11.067
388373.500 130560.500 -11.040
388373.500 130561.500 -10.975
388373.500 130562.500 -10.832
388373.500 130563.500 -10.798
388373.500 130564.500 -10.805
388373.500 130565.500 -10.847
388373.500 130566.500 -10.985
388373.500 130567.500 -11.085
388373.500 130568.500 -11.150
388373.500 130569.500 -11.153
388373.500 130570.500 -11.130
388373.500 130571.500 -11.143
388373.500 130572.500 -11.165
388373.500 130573.500 -11.168
388373.500 130574.500 -11.178
388373.500 130575.500 -11.140
388373.500 130576.500 -11.150
388373.500 130577.500 -11.188
388373.500 130578.500 -11.230
388373.500 130579.500 -11.265
388373.500 130580.500 -11.295
388373.500 130581.500 -11.320
388373.500 130582.500 -11.343
388373.500 130583.500 -11.375
388373.500 130584.500 -11.408
388373.500 130585.500 -11.440
388373.500 130586.500 -11.492
388373.500 130587.500 -11.535
388373.500 130588.500 -11.575
388373.500 130589.500 -11.617
388373.500 130590.500 -11.658
388373.500 130591.500 -11.697
388374.500 130497.500 -10.978
388374.500 130498.500 -10.960
388374.500 130499.500 -10.962
388374.500 130500.500 -10.937
388374.500 130501.500 -10.930
388374.500 130502.500 -10.937
388374.500 130503.500 -10.930
388374.500 130504.500 -10.920
388374.500 130505.500 -10.920
388374.500 130506.500 -10.918
388374.500 130507.500 -10.913
388374.500 130508.500 -10.887
388374.500 130509.500 -10.893
388374.500 130510.500 -10.922
388374.500 130511.500 -10.942
388374.500 130512.500 -10.932
388374.500 130513.500 -10.905
388374.500 130514.500 -10.873
388374.500 130515.500 -10.887
388374.500 130516.500 -10.870
388374.500 130517.500 -10.895
388374.500 130518.500 -10.897
388374.500 130519.500 -10.908
388374.500 130520.500 -10.910
388374.500 130521.500 -10.895
388374.500 130522.500 -10.910
388374.500 130523.500 -10.935
388374.500 130524.500 -10.925
388374.500 130525.500 -10.903
388374.500 130526.500 -10.938
388374.500 130527.500 -10.947
388374.500 130528.500 -10.947
388374.500 130529.500 -10.942
388374.500 130530.500 -10.915
388374.500 130531.500 -10.845
388374.500 130532.500 -10.730
388374.500 130533.500 -10.803
388374.500 130534.500 -10.887
388374.500 130535.500 -10.857
388374.500 130536.500 -10.822
388374.500 130537.500 -10.833
388374.500 130538.500 -10.825
388374.500 130539.500 -10.845
388374.500 130540.500 -10.963
388374.500 130541.500 -10.990
388374.500 130542.500 -10.915
388374.500 130543.500 -10.895
388374.500 130544.500 -10.917
388374.500 130545.500 -10.917
388374.500 130546.500 -10.920
388374.500 130547.500 -10.862
388374.500 130548.500 -10.740
388374.500 130549.500 -10.768
388374.500 130550.500 -10.805
388374.500 130551.500 -10.750
388374.500 130552.500 -10.652
388374.500 130553.500 -10.768
388374.500 130554.500 -10.902
388374.500 130555.500 -10.957
388374.500 130556.500 -10.995
388374.500 130557.500 -11.053
388374.500 130558.500 -11.050
388374.500 130559.500 -11.018
388374.500 130560.500 -10.995
388374.500 130561.500 -11.000
388374.500 130562.500 -10.902
388374.500 130563.500 -10.890
388374.500 130564.500 -10.895
388374.500 130565.500 -10.735
388374.500 130566.500 -10.905
388374.500 130567.500 -10.955
388374.500 130568.500 -11.065
388374.500 130569.500 -11.117
388374.500 130570.500 -11.105
388374.500 130571.500 -11.125
388374.500 130572.500 -11.150
388374.500 130573.500 -11.138
388374.500 130574.500 -11.152
388374.500 130575.500 -11.182
388374.500 130576.500 -11.197
388374.500 130577.500 -11.205
388374.500 130578.500 -11.225
388374.500 130579.500 -11.255
388374.500 130580.500 -11.295
388374.500 130581.500 -11.348
388374.500 130582.500 -11.360
388374.500 130583.500 -11.357
388374.500 130584.500 -11.387
388374.500 130585.500 -11.422
388374.500 130586.500 -11.470
388374.500 130587.500 -11.532
388374.500 130588.500 -11.582
388374.500 130589.500 -11.620
388374.500 130590.500 -11.660
388374.500 130591.500 -11.697
388375.500 130497.500 -11.018
388375.500 130498.500 -11.010
388375.500 130499.500 -10.990
388375.500 130500.500 -11.002
388375.500 130501.500 -10.988
388375.500 130502.500 -10.970
388375.500 130503.500 -10.960
388375.500 130504.500 -10.937
388375.500 130505.500 -10.942
388375.500 130506.500 -10.928
388375.500 130507.500 -10.922
388375.500 130508.500 -10.907
388375.500 130509.500 -10.922
388375.500 130510.500 -10.932
388375.500 130511.500 -10.957
388375.500 130512.500 -10.950
388375.500 130513.500 -10.942
388375.500 130514.500 -10.910
388375.500 130515.500 -10.885
388375.500 130516.500 -10.882
388375.500 130517.500 -10.905
388375.500 130518.500 -10.912
388375.500 130519.500 -10.918
388375.500 130520.500 -10.925
388375.500 130521.500 -10.915
388375.500 130522.500 -10.928
388375.500 130523.500 -10.955
388375.500 130524.500 -10.925
388375.500 130525.500 -10.862
388375.500 130526.500 -10.897
388375.500 130527.500 -10.953
388375.500 130528.500 -10.962
388375.500 130529.500 -10.943
388375.500 130530.500 -10.912
388375.500 130531.500 -10.853
388375.500 130532.500 -10.717
388375.500 130533.500 -10.640
388375.500 130534.500 -10.822
388375.500 130535.500 -10.875
388375.500 130536.500 -10.852
388375.500 130537.500 -10.810
388375.500 130538.500 -10.745
388375.500 130539.500 -10.820
388375.500 130540.500 -10.957
388375.500 130541.500 -11.010
388375.500 130542.500 -10.970
388375.500 130543.500 -10.985
388375.500 130544.500 -10.992
388375.500 130545.500 -11.010
388375.500 130546.500 -11.030
388375.500 130547.500 -10.988
388375.500 130548.500 -10.917
388375.500 130549.500 -10.885
388375.500 130550.500 -10.908
388375.500 130551.500 -10.810
388375.500 130552.500 -10.703
388375.500 130553.500 -10.803
388375.500 130554.500 -10.965
388375.500 130555.500 -11.027
388375.500 130556.500 -11.025
388375.500 130557.500 -11.057
388375.500 130558.500 -11.042
388375.500 130559.500 -11.005
388375.500 130560.500 -10.950
388375.500 130561.500 -10.982
388375.500 130562.500 -10.965
388375.500 130563.500 -10.910
388375.500 130564.500 -10.950
388375.500 130565.500 -10.990
388375.500 130566.500 -11.057
388375.500 130567.500 -10.957
388375.500 130568.500 -10.880
388375.500 130569.500 -10.973
388375.500 130570.500 -11.092
388375.500 130571.500 -11.135
388375.500 130572.500 -11.107
388375.500 130573.500 -11.120
388375.500 130574.500 -11.150
388375.500 130575.500 -11.175
388375.500 130576.500 -11.180
388375.500 130577.500 -11.223
388375.500 130578.500 -11.242
388375.500 130579.500 -11.272
388375.500 130580.500 -11.303
388375.500 130581.500 -11.335
388375.500 130582.500 -11.380
388375.500 130583.500 -11.390
388375.500 130584.500 -11.408
388375.500 130585.500 -11.430
388375.500 130586.500 -11.460
388375.500 130587.500 -11.522
388375.500 130588.500 -11.565
388375.500 130589.500 -11.607
388375.500 130590.500 -11.645
388375.500 130591.500 -11.690
388376.500 130496.500 -11.060
388376.500 130497.500 -11.060
388376.500 130498.500 -11.045
388376.500 130499.500 -11.025
388376.500 130500.500 -11.015
388376.500 130501.500 -10.995
388376.500 130502.500 -10.970
388376.500 130503.500 -10.973
388376.500 130504.500 -10.965
388376.500 130505.500 -10.963
388376.500 130506.500 -10.937
388376.500 130507.500 -10.930
388376.500 130508.500 -10.945
388376.500 130509.500 -10.957
388376.500 130510.500 -10.938
388376.500 130511.500 -10.950
388376.500 130512.500 -10.965
388376.500 130513.500 -10.965
388376.500 130514.500 -10.957
388376.500 130515.500 -10.910
388376.500 130516.500 -10.890
388376.500 130517.500 -10.912
388376.500 130518.500 -10.912
388376.500 130519.500 -10.920
388376.500 130520.500 -10.943
388376.500 130521.500 -10.952
388376.500 130522.500 -10.975
388376.500 130523.500 -10.977
388376.500 130524.500 -10.933
388376.500 130525.500 -10.853
388376.500 130526.500 -10.857
388376.500 130527.500 -10.942
388376.500 130528.500 -10.967
388376.500 130529.500 -10.970
388376.500 130530.500 -10.940
388376.500 130531.500 -10.882
388376.500 130532.500 -10.785
388376.500 130533.500 -10.692
388376.500 130534.500 -10.732
388376.500 130535.500 -10.895
388376.500 130536.500 -10.910
388376.500 130537.500 -10.863
388376.500 130538.500 -10.792
388376.500 130539.500 -10.853
388376.500 130540.500 -10.932
388376.500 130541.500 -10.992
388376.500 130542.500 -11.010
388376.500 130543.500 -11.000
388376.500 130544.500 -10.995
388376.500 130545.500 -11.030
388376.500 130546.500 -11.060
388376.500 130547.500 -11.030
388376.500 130548.500 -11.002
388376.500 130549.500 -11.022
388376.500 130550.500 -11.030
388376.500 130551.500 -10.912
388376.500 130552.500 -10.777
388376.500 130553.500 -10.868
388376.500 130554.500 -11.022
388376.500 130555.500 -11.050
388376.500 130556.500 -11.062
388376.500 130557.500 -11.057
388376.500 130558.500 -11.058
388376.500 130559.500 -11.050
388376.500 130560.500 -11.002
388376.500 130561.500 -11.015
388376.500 130562.500 -11.008
388376.500 130563.500 -10.947
388376.500 130564.500 -10.978
388376.500 130565.500 -11.065
388376.500 130566.500 -11.135
388376.500 130567.500 -11.130
388376.500 130568.500 -11.030
388376.500 130569.500 -11.033
388376.500 130570.500 -11.057
388376.500 130571.500 -11.090
388376.500 130572.500 -11.105
388376.500 130573.500 -11.127
388376.500 130574.500 -11.160
388376.500 130575.500 -11.182
388376.500 130576.500 -11.197
388376.500 130577.500 -11.215
388376.500 130578.500 -11.245
388376.500 130579.500 -11.275
388376.500 130580.500 -11.298
388376.500 130581.500 -11.322
388376.500 130582.500 -11.357
388376.500 130583.500 -11.382
388376.500 130584.500 -11.415
388376.500 130585.500 -11.443
388376.500 130586.500 -11.467
388376.500 130587.500 -11.502
388376.500 130588.500 -11.550
388376.500 130589.500 -11.595
388376.500 130590.500 -11.635
388376.500 130591.500 -11.672
388377.500 130496.500 -11.090
388377.500 130497.500 -11.080
388377.500 130498.500 -11.070
388377.500 130499.500 -11.050
388377.500 130500.500 -11.030
388377.500 130501.500 -10.987
388377.500 130502.500 -10.932
388377.500 130503.500 -10.993
388377.500 130504.500 -10.998
388377.500 130505.500 -10.992
388377.500 130506.500 -10.977
388377.500 130507.500 -10.987
388377.500 130508.500 -11.000
388377.500 130509.500 -10.992
388377.500 130510.500 -10.967
388377.500 130511.500 -10.957
388377.500 130512.500 -10.973
388377.500 130513.500 -10.982
388377.500 130514.500 -10.993
388377.500 130515.500 -10.962
388377.500 130516.500 -10.910
388377.500 130517.500 -10.922
388377.500 130518.500 -10.915
388377.500 130519.500 -10.925
388377.500 130520.500 -10.975
388377.500 130521.500 -11.002
388377.500 130522.500 -10.998
388377.500 130523.500 -11.015
388377.500 130524.500 -10.995
388377.500 130525.500 -10.982
388377.500 130526.500 -10.982
388377.500 130527.500 -10.998
388377.500 130528.500 -10.995
388377.500 130529.500 -10.988
388377.500 130530.500 -10.970
388377.500 130531.500 -10.908
388377.500 130532.500 -10.857
388377.500 130533.500 -10.810
388377.500 130534.500 -10.825
388377.500 130535.500 -10.945
388377.500 130536.500 -10.947
388377.500 130537.500 -10.940
388377.500 130538.500 -10.860
388377.500 130539.500 -10.820
388377.500 130540.500 -10.895
388377.500 130541.500 -10.902
388377.500 130542.500 -10.915
388377.500 130543.500 -10.960
388377.500 130544.500 -10.963
388377.500 130545.500 -10.987
388377.500 130546.500 -11.057
388377.500 130547.500 -11.080
388377.500 130548.500 -11.072
388377.500 130549.500 -11.092
388377.500 130550.500 -11.072
388377.500 130551.500 -11.000
388377.500 130552.500 -10.902
388377.500 130553.500 -10.908
388377.500 130554.500 -11.013
388377.500 130555.500 -11.033
388377.500 130556.500 -11.062
388377.500 130557.500 -11.030
388377.500 130558.500 -11.040
388377.500 130559.500 -11.040
388377.500 130560.500 -10.973
388377.500 130561.500 -10.990
388377.500 130562.500 -10.978
388377.500 130563.500 -11.005
388377.500 130564.500 -11.005
388377.500 130565.500 -11.055
388377.500 130566.500 -11.140
388377.500 130567.500 -11.165
388377.500 130568.500 -11.120
388377.500 130569.500 -11.125
388377.500 130570.500 -11.120
388377.500 130571.500 -11.098
388377.500 130572.500 -11.067
388377.500 130573.500 -11.115
388377.500 130574.500 -11.157
388377.500 130575.500 -11.190
388377.500 130576.500 -11.212
388377.500 130577.500 -11.223
388377.500 130578.500 -11.238
388377.500 130579.500 -11.265
388377.500 130580.500 -11.282
388377.500 130581.500 -11.320
388377.500 130582.500 -11.343
388377.500 130583.500 -11.365
388377.500 130584.500 -11.387
388377.500 130585.500 -11.422
388377.500 130586.500 -11.465
388377.500 130587.500 -11.492
388377.500 130588.500 -11.532
388377.500 130589.500 -11.568
388377.500 130590.500 -11.607
388377.500 130591.500 -11.647
388378.500 130495.500 -11.095
388378.500 130496.500 -11.083
388378.500 130497.500 -11.078
388378.500 130498.500 -11.075
388378.500 130499.500 -11.062
388378.500 130500.500 -11.045
388378.500 130501.500 -11.020
388378.500 130502.500 -11.008
388378.500 130503.500 -11.020
388378.500 130504.500 -11.015
388378.500 130505.500 -11.022
388378.500 130506.500 -11.022
388378.500 130507.500 -11.030
388378.500 130508.500 -11.047
388378.500 130509.500 -11.022
388378.500 130510.500 -11.035
388378.500 130511.500 -11.025
388378.500 130512.500 -11.020
388378.500 130513.500 -11.030
388378.500 130514.500 -11.047
388378.500 130515.500 -11.033
388378.500 130516.500 -10.965
388378.500 130517.500 -10.965
388378.500 130518.500 -10.963
388378.500 130519.500 -10.985
388378.500 130520.500 -11.023
388378.500 130521.500 -10.975
388378.500 130522.500 -10.982
388378.500 130523.500 -11.070
388378.500 130524.500 -11.060
388378.500 130525.500 -11.040
388378.500 130526.500 -10.995
388378.500 130527.500 -11.013
388378.500 130528.500 -11.018
388378.500 130529.500 -11.007
388378.500 130530.500 -10.962
388378.500 130531.500 -10.932
388378.500 130532.500 -10.930
388378.500 130533.500 -10.945
388378.500 130534.500 -10.938
388378.500 130535.500 -10.962
388378.500 130536.500 -10.970
388378.500 130537.500 -10.953
388378.500 130538.500 -10.850
388378.500 130539.500 -10.685
388378.500 130540.500 -10.807
388378.500 130541.500 -10.857
388378.500 130542.500 -10.838
388378.500 130543.500 -10.932
388378.500 130544.500 -10.987
388378.500 130545.500 -11.020
388378.500 130546.500 -11.065
388378.500 130547.500 -11.077
388378.500 130548.500 -11.077
388378.500 130549.500 -11.090
388378.500 130550.500 -11.083
388378.500 130551.500 -11.050
388378.500 130552.500 -10.990
388378.500 130553.500 -10.930
388378.500 130554.500 -10.905
388378.500 130555.500 -10.940
388378.500 130556.500 -11.035
388378.500 130557.500 -11.042
388378.500 130558.500 -11.053
388378.500 130559.500 -11.012
388378.500 130560.500 -10.928
388378.500 130561.500 -10.828
388378.500 130562.500 -10.820
388378.500 130563.500 -10.822
388378.500 130564.500 -10.955
388378.500 130565.500 -11.050
388378.500 130566.500 -11.127
388378.500 130567.500 -11.163
388378.500 130568.500 -11.155
388378.500 130569.500 -11.117
388378.500 130570.500 -11.127
388378.500 130571.500 -11.148
388378.500 130572.500 -11.130
388378.500 130573.500 -11.130
388378.500 130574.500 -11.125
388378.500 130575.500 -11.185
388378.500 130576.500 -11.220
388378.500 130577.500 -11.232
388378.500 130578.500 -11.237
388378.500 130579.500 -11.258
388378.500 130580.500 -11.280
388378.500 130581.500 -11.300
388378.500 130582.500 -11.327
388378.500 130583.500 -11.345
388378.500 130584.500 -11.370
388378.500 130585.500 -11.400
388378.500 130586.500 -11.445
388378.500 130587.500 -11.490
388378.500 130588.500 -11.520
388378.500 130589.500 -11.553
388378.500 130590.500 -11.592
388378.500 130591.500 -11.627
388379.500 130494.500 -11.098
388379.500 130495.500 -11.095
388379.500 130496.500 -11.088
388379.500 130497.500 -11.075
388379.500 130498.500 -11.065
388379.500 130499.500 -11.058
388379.500 130500.500 -11.060
388379.500 130501.500 -11.060
388379.500 130502.500 -11.050
388379.500 130503.500 -11.037
388379.500 130504.500 -11.035
388379.500 130505.500 -11.058
388379.500 130506.500 -11.047
388379.500 130507.500 -11.055
388379.500 130508.500 -11.053
388379.500 130509.500 -11.055
388379.500 130510.500 -11.070
388379.500 130511.500 -11.078
388379.500 130512.500 -11.085
388379.500 130513.500 -11.068
388379.500 130514.500 -11.088
388379.500 130515.500 -11.088
388379.500 130516.500 -11.065
388379.500 130517.500 -11.040
388379.500 130518.500 -11.050
388379.500 130519.500 -11.082
388379.500 130520.500 -11.033
388379.500 130521.500 -10.938
388379.500 130522.500 -10.942
388379.500 130523.500 -11.053
388379.500 130524.500 -11.090
388379.500 130525.500 -11.055
388379.500 130526.500 -10.967
388379.500 130527.500 -10.985
388379.500 130528.500 -11.037
388379.500 130529.500 -11.010
388379.500 130530.500 -10.987
388379.500 130531.500 -10.977
388379.500 130532.500 -10.957
388379.500 130533.500 -10.955
388379.500 130534.500 -10.965
388379.500 130535.500 -10.977
388379.500 130536.500 -10.968
388379.500 130537.500 -10.922
388379.500 130538.500 -10.927
388379.500 130539.500 -10.882
388379.500 130540.500 -10.905
388379.500 130541.500 -10.992
388379.500 130542.500 -10.820
388379.500 130543.500 -10.842
388379.500 130544.500 -11.047
388379.500 130545.500 -11.055
388379.500 130546.500 -11.057
388379.500 130547.500 -11.065
388379.500 130548.500 -11.053
388379.500 130549.500 -11.053
388379.500 130550.500 -11.035
388379.500 130551.500 -11.017
388379.500 130552.500 -11.005
388379.500 130553.500 -10.947
388379.500 130554.500 -10.893
388379.500 130555.500 -10.925
388379.500 130556.500 -11.000
388379.500 130557.500 -11.010
388379.500 130558.500 -11.010
388379.500 130559.500 -10.957
388379.500 130560.500 -10.857
388379.500 130561.500 -10.765
388379.500 130562.500 -10.783
388379.500 130563.500 -10.735
388379.500 130564.500 -10.925
388379.500 130565.500 -11.075
388379.500 130566.500 -11.123
388379.500 130567.500 -11.150
388379.500 130568.500 -11.148
388379.500 130569.500 -11.153
388379.500 130570.500 -11.143
388379.500 130571.500 -11.133
388379.500 130572.500 -11.153
388379.500 130573.500 -11.170
388379.500 130574.500 -11.155
388379.500 130575.500 -11.153
388379.500 130576.500 -11.195
388379.500 130577.500 -11.222
388379.500 130578.500 -11.240
388379.500 130579.500 -11.272
388379.500 130580.500 -11.280
388379.500 130581.500 -11.290
388379.500 130582.500 -11.312
388379.500 130583.500 -11.325
388379.500 130584.500 -11.355
388379.500 130585.500 -11.402
388379.500 130586.500 -11.442
388379.500 130587.500 -11.490
388379.500 130588.500 -11.518
388379.500 130589.500 -11.545
388379.500 130590.500 -11.575
388379.500 130591.500 -11.617
388380.500 130494.500 -11.075
388380.500 130495.500 -11.088
388380.500 130496.500 -11.083
388380.500 130497.500 -11.068
388380.500 130498.500 -11.053
388380.500 130499.500 -11.053
388380.500 130500.500 -11.045
388380.500 130501.500 -11.042
388380.500 130502.500 -11.055
388380.500 130503.500 -11.040
388380.500 130504.500 -11.055
388380.500 130505.500 -11.068
388380.500 130506.500 -11.078
388380.500 130507.500 -11.080
388380.500 130508.500 -11.085
388380.500 130509.500 -11.090
388380.500 130510.500 -11.095
388380.500 130511.500 -11.102
388380.500 130512.500 -11.107
388380.500 130513.500 -11.098
388380.500 130514.500 -11.102
388380.500 130515.500 -11.120
388380.500 130516.500 -11.130
388380.500 130517.500 -11.130
388380.500 130518.500 -11.088
388380.500 130519.500 -11.082
388380.500 130520.500 -11.012
388380.500 130521.500 -10.892
388380.500 130522.500 -10.930
388380.500 130523.500 -11.040
388380.500 130524.500 -11.122
388380.500 130525.500 -11.095
388380.500 130526.500 -11.053
388380.500 130527.500 -11.032
388380.500 130528.500 -11.075
388380.500 130529.500 -11.063
388380.500 130530.500 -11.042
388380.500 130531.500 -11.015
388380.500 130532.500 -10.960
388380.500 130533.500 -10.908
388380.500 130534.500 -10.890
388380.500 130535.500 -10.947
388380.500 130536.500 -10.953
388380.500 130537.500 -10.960
388380.500 130538.500 -10.992
388380.500 130539.500 -10.970
388380.500 130540.500 -10.950
388380.500 130541.500 -10.900
388380.500 130542.500 -10.783
388380.500 130543.500 -10.863
388380.500 130544.500 -11.050
388380.500 130545.500 -11.065
388380.500 130546.500 -11.022
388380.500 130547.500 -11.017
388380.500 130548.500 -10.995
388380.500 130549.500 -10.972
388380.500 130550.500 -10.970
388380.500 130551.500 -10.937
388380.500 130552.500 -10.902
388380.500 130553.500 -10.875
388380.500 130554.500 -10.877
388380.500 130555.500 -10.908
388380.500 130556.500 -10.945
388380.500 130557.500 -10.950
388380.500 130558.500 -10.925
388380.500 130559.500 -10.857
388380.500 130560.500 -10.777
388380.500 130561.500 -10.785
388380.500 130562.500 -10.853
388380.500 130563.500 -10.890
388380.500 130564.500 -11.042
388380.500 130565.500 -11.155
388380.500 130566.500 -11.165
388380.500 130567.500 -11.160
388380.500 130568.500 -11.145
388380.500 130569.500 -11.155
388380.500 130570.500 -11.145
388380.500 130571.500 -11.147
388380.500 130572.500 -11.160
388380.500 130573.500 -11.162
388380.500 130574.500 -11.175
388380.500 130575.500 -11.173
388380.500 130576.500 -11.160
388380.500 130577.500 -11.195
388380.500 130578.500 -11.232
388380.500 130579.500 -11.237
388380.500 130580.500 -11.270
388380.500 130581.500 -11.280
388380.500 130582.500 -11.287
388380.500 130583.500 -11.315
388380.500 130584.500 -11.342
388380.500 130585.500 -11.390
388380.500 130586.500 -11.435
388380.500 130587.500 -11.473
388380.500 130588.500 -11.502
388380.500 130589.500 -11.535
388380.500 130590.500 -11.570
388380.500 130591.500 -11.598
388381.500 130493.500 -11.075
388381.500 130494.500 -11.062
388381.500 130495.500 -11.067
388381.500 130496.500 -11.070
388381.500 130497.500 -11.045
388381.500 130498.500 -11.037
388381.500 130499.500 -11.045
388381.500 130500.500 -11.027
388381.500 130501.500 -11.032
388381.500 130502.500 -11.048
388381.500 130503.500 -11.047
388381.500 130504.500 -11.062
388381.500 130505.500 -11.085
388381.500 130506.500 -11.090
388381.500 130507.500 -11.098
388381.500 130508.500 -11.107
388381.500 130509.500 -11.120
388381.500 130510.500 -11.132
388381.500 130511.500 -11.135
388381.500 130512.500 -11.130
388381.500 130513.500 -11.125
388381.500 130514.500 -11.125
388381.500 130515.500 -11.127
388381.500 130516.500 -11.150
388381.500 130517.500 -11.158
388381.500 130518.500 -11.107
388381.500 130519.500 -11.068
388381.500 130520.500 -11.010
388381.500 130521.500 -10.950
388381.500 130522.500 -11.042
388381.500 130523.500 -11.103
388381.500 130524.500 -11.125
388381.500 130525.500 -11.137
388381.500 130526.500 -11.095
388381.500 130527.500 -11.068
388381.500 130528.500 -11.110
388381.500 130529.500 -11.097
388381.500 130530.500 -11.078
388381.500 130531.500 -11.030
388381.500 130532.500 -11.012
388381.500 130533.500 -10.963
388381.500 130534.500 -10.905
388381.500 130535.500 -10.918
388381.500 130536.500 -10.938
388381.500 130537.500 -10.978
388381.500 130538.500 -10.992
388381.500 130539.500 -10.980
388381.500 130540.500 -10.945
388381.500 130541.500 -10.908
388381.500 130542.500 -10.805
388381.500 130543.500 -10.805
388381.500 130544.500 -10.952
388381.500 130545.500 -11.033
388381.500 130546.500 -11.027
388381.500 130547.500 -10.967
388381.500 130548.500 -10.857
388381.500 130549.500 -10.792
388381.500 130550.500 -10.787
388381.500 130551.500 -10.835
388381.500 130552.500 -10.807
388381.500 130553.500 -10.752
388381.500 130554.500 -10.797
388381.500 130555.500 -10.835
388381.500 130556.500 -10.900
388381.500 130557.500 -10.900
388381.500 130558.500 -10.862
388381.500 130559.500 -10.832
388381.500 130560.500 -10.830
388381.500 130561.500 -10.938
388381.500 130562.500 -11.035
388381.500 130563.500 -11.072
388381.500 130564.500 -11.130
388381.500 130565.500 -11.178
388381.500 130566.500 -11.168
388381.500 130567.500 -11.150
388381.500 130568.500 -11.145
388381.500 130569.500 -11.142
388381.500 130570.500 -11.145
388381.500 130571.500 -11.170
388381.500 130572.500 -11.168
388381.500 130573.500 -11.170
388381.500 130574.500 -11.182
388381.500 130575.500 -11.195
388381.500 130576.500 -11.215
388381.500 130577.500 -11.170
388381.500 130578.500 -11.180
388381.500 130579.500 -11.217
388381.500 130580.500 -11.260
388381.500 130581.500 -11.252
388381.500 130582.500 -11.255
388381.500 130583.500 -11.287
388381.500 130584.500 -11.332
388381.500 130585.500 -11.370
388381.500 130586.500 -11.410
388381.500 130587.500 -11.445
388381.500 130588.500 -11.477
388381.500 130589.500 -11.522
388381.500 130590.500 -11.557
388381.500 130591.500 -11.585
388382.500 130492.500 -11.077
388382.500 130493.500 -11.065
388382.500 130494.500 -11.065
388382.500 130495.500 -11.080
388382.500 130496.500 -11.070
388382.500 130497.500 -11.042
388382.500 130498.500 -11.032
388382.500 130499.500 -11.035
388382.500 130500.500 -11.033
388382.500 130501.500 -11.020
388382.500 130502.500 -11.027
388382.500 130503.500 -11.062
388382.500 130504.500 -11.078
388382.500 130505.500 -11.088
388382.500 130506.500 -11.100
388382.500 130507.500 -11.102
388382.500 130508.500 -11.120
388382.500 130509.500 -11.132
388382.500 130510.500 -11.150
388382.500 130511.500 -11.152
388382.500 130512.500 -11.150
388382.500 130513.500 -11.137
388382.500 130514.500 -11.135
388382.500 130515.500 -11.138
388382.500 130516.500 -11.172
388382.500 130517.500 -11.185
388382.500 130518.500 -11.145
388382.500 130519.500 -11.123
388382.500 130520.500 -11.123
388382.500 130521.500 -11.160
388382.500 130522.500 -11.188
388382.500 130523.500 -11.188
388382.500 130524.500 -11.182
388382.500 130525.500 -11.160
388382.500 130526.500 -11.100
388382.500 130527.500 -11.070
388382.500 130528.500 -11.135
388382.500 130529.500 -11.115
388382.500 130530.500 -11.107
388382.500 130531.500 -11.105
388382.500 130532.500 -11.093
388382.500 130533.500 -11.020
388382.500 130534.500 -10.957
388382.500 130535.500 -11.035
388382.500 130536.500 -11.007
388382.500 130537.500 -11.010
388382.500 130538.500 -11.025
388382.500 130539.500 -11.040
388382.500 130540.500 -11.050
388382.500 130541.500 -11.037
388382.500 130542.500 -10.942
388382.500 130543.500 -10.805
388382.500 130544.500 -10.790
388382.500 130545.500 -10.900
388382.500 130546.500 -10.942
388382.500 130547.500 -10.853
388382.500 130548.500 -10.697
388382.500 130549.500 -10.630
388382.500 130550.500 -10.660
388382.500 130551.500 -10.780
388382.500 130552.500 -10.777
388382.500 130553.500 -10.720
388382.500 130554.500 -10.720
388382.500 130555.500 -10.645
388382.500 130556.500 -10.780
388382.500 130557.500 -10.895
388382.500 130558.500 -10.880
388382.500 130559.500 -10.880
388382.500 130560.500 -10.922
388382.500 130561.500 -11.050
388382.500 130562.500 -11.162
388382.500 130563.500 -11.175
388382.500 130564.500 -11.172
388382.500 130565.500 -11.178
388382.500 130566.500 -11.170
388382.500 130567.500 -11.140
388382.500 130568.500 -11.155
388382.500 130569.500 -11.162
388382.500 130570.500 -11.158
388382.500 130571.500 -11.163
388382.500 130572.500 -11.158
388382.500 130573.500 -11.180
388382.500 130574.500 -11.195
388382.500 130575.500 -11.200
388382.500 130576.500 -11.212
388382.500 130577.500 -11.215
388382.500 130578.500 -11.183
388382.500 130579.500 -11.180
388382.500 130580.500 -11.210
388382.500 130581.500 -11.255
388382.500 130582.500 -11.262
388382.500 130583.500 -11.275
388382.500 130584.500 -11.298
388382.500 130585.500 -11.347
388382.500 130586.500 -11.397
388382.500 130587.500 -11.425
388382.500 130588.500 -11.447
388382.500 130589.500 -11.480
388382.500 130590.500 -11.510
388382.500 130591.500 -11.555
388383.500 130492.500 -11.057
388383.500 130493.500 -11.055
388383.500 130494.500 -11.082
388383.500 130495.500 -11.068
388383.500 130496.500 -11.047
388383.500 130497.500 -11.053
388383.500 130498.500 -11.030
388383.500 130499.500 -11.010
388383.500 130500.500 -11.027
388383.500 130501.500 -11.027
388383.500 130502.500 -11.025
388383.500 130503.500 -11.055
388383.500 130504.500 -11.095
388383.500 130505.500 -11.102
388383.500 130506.500 -11.092
388383.500 130507.500 -11.110
388383.500 130508.500 -11.115
388383.500 130509.500 -11.117
388383.500 130510.500 -11.127
388383.500 130511.500 -11.147
388383.500 130512.500 -11.160
388383.500 130513.500 -11.160
388383.500 130514.500 -11.185
388383.500 130515.500 -11.183
388383.500 130516.500 -11.193
388383.500 130517.500 -11.202
388383.500 130518.500 -11.220
388383.500 130519.500 -11.245
388383.500 130520.500 -11.207
388383.500 130521.500 -11.197
388383.500 130522.500 -11.193
388383.500 130523.500 -11.203
388383.500 130524.500 -11.200
388383.500 130525.500 -11.152
388383.500 130526.500 -11.115
388383.500 130527.500 -11.065
388383.500 130528.500 -11.120
388383.500 130529.500 -11.112
388383.500 130530.500 -11.122
388383.500 130531.500 -11.135
388383.500 130532.500 -11.125
388383.500 130533.500 -11.082
388383.500 130534.500 -11.072
388383.500 130535.500 -11.095
388383.500 130536.500 -11.088
388383.500 130537.500 -11.045
388383.500 130538.500 -11.040
388383.500 130539.500 -11.053
388383.500 130540.500 -11.080
388383.500 130541.500 -11.090
388383.500 130542.500 -11.030
388383.500 130543.500 -10.902
388383.500 130544.500 -10.793
388383.500 130545.500 -10.755
388383.500 130546.500 -10.792
388383.500 130547.500 -10.755
388383.500 130548.500 -10.692
388383.500 130549.500 -10.643
388383.500 130550.500 -10.645
388383.500 130551.500 -10.787
388383.500 130552.500 -10.730
388383.500 130553.500 -10.678
388383.500 130554.500 -10.665
388383.500 130555.500 -10.650
388383.500 130556.500 -10.792
388383.500 130557.500 -10.965
388383.500 130558.500 -10.980
388383.500 130559.500 -10.978
388383.500 130560.500 -10.995
388383.500 130561.500 -11.080
388383.500 130562.500 -11.160
388383.500 130563.500 -11.205
388383.500 130564.500 -11.202
388383.500 130565.500 -11.185
388383.500 130566.500 -11.170
388383.500 130567.500 -11.170
388383.500 130568.500 -11.168
388383.500 130569.500 -11.162
388383.500 130570.500 -11.158
388383.500 130571.500 -11.150
388383.500 130572.500 -11.143
388383.500 130573.500 -11.170
388383.500 130574.500 -11.182
388383.500 130575.500 -11.195
388383.500 130576.500 -11.202
388383.500 130577.500 -11.210
388383.500 130578.500 -11.220
388383.500 130579.500 -11.215
388383.500 130580.500 -11.172
388383.500 130581.500 -11.195
388383.500 130582.500 -11.252
388383.500 130583.500 -11.295
388383.500 130584.500 -11.328
388383.500 130585.500 -11.330
388383.500 130586.500 -11.350
388383.500 130587.500 -11.377
388383.500 130588.500 -11.408
388383.500 130589.500 -11.443
388383.500 130590.500 -11.477
388383.500 130591.500 -11.527
388384.500 130491.500 -11.037
388384.500 130492.500 -11.053
388384.500 130493.500 -11.045
388384.500 130494.500 -11.057
388384.500 130495.500 -11.050
388384.500 130496.500 -11.018
388384.500 130497.500 -11.022
388384.500 130498.500 -11.032
388384.500 130499.500 -11.013
388384.500 130500.500 -11.015
388384.500 130501.500 -11.025
388384.500 130502.500 -11.040
388384.500 130503.500 -11.055
388384.500 130504.500 -11.088
388384.500 130505.500 -11.098
388384.500 130506.500 -11.095
388384.500 130507.500 -11.117
388384.500 130508.500 -11.117
388384.500 130509.500 -11.115
388384.500 130510.500 -11.132
388384.500 130511.500 -11.160
388384.500 130512.500 -11.170
388384.500 130513.500 -11.192
388384.500 130514.500 -11.207
388384.500 130515.500 -11.222
388384.500 130516.500 -11.217
388384.500 130517.500 -11.225
388384.500 130518.500 -11.247
388384.500 130519.500 -11.265
388384.500 130520.500 -11.230
388384.500 130521.500 -11.165
388384.500 130522.500 -11.162
388384.500 130523.500 -11.210
388384.500 130524.500 -11.200
388384.500 130525.500 -11.170
388384.500 130526.500 -11.150
388384.500 130527.500 -11.132
388384.500 130528.500 -11.122
388384.500 130529.500 -11.125
388384.500 130530.500 -11.147
388384.500 130531.500 -11.142
388384.500 130532.500 -11.147
388384.500 130533.500 -11.147
388384.500 130534.500 -11.135
388384.500 130535.500 -11.130
388384.500 130536.500 -11.147
388384.500 130537.500 -11.098
388384.500 130538.500 -11.053
388384.500 130539.500 -11.065
388384.500 130540.500 -11.080
388384.500 130541.500 -11.080
388384.500 130542.500 -11.053
388384.500 130543.500 -10.990
388384.500 130544.500 -10.882
388384.500 130545.500 -10.760
388384.500 130546.500 -10.748
388384.500 130547.500 -10.785
388384.500 130548.500 -10.827
388384.500 130549.500 -10.848
388384.500 130550.500 -10.887
388384.500 130551.500 -10.940
388384.500 130552.500 -10.950
388384.500 130553.500 -10.908
388384.500 130554.500 -10.885
388384.500 130555.500 -10.915
388384.500 130556.500 -10.967
388384.500 130557.500 -11.010
388384.500 130558.500 -11.068
388384.500 130559.500 -11.090
388384.500 130560.500 -11.105
388384.500 130561.500 -11.135
388384.500 130562.500 -11.190
388384.500 130563.500 -11.210
388384.500 130564.500 -11.230
388384.500 130565.500 -11.218
388384.500 130566.500 -11.197
388384.500 130567.500 -11.188
388384.500 130568.500 -11.185
388384.500 130569.500 -11.170
388384.500 130570.500 -11.145
388384.500 130571.500 -11.147
388384.500 130572.500 -11.162
388384.500 130573.500 -11.178
388384.500 130574.500 -11.178
388384.500 130575.500 -11.170
388384.500 130576.500 -11.180
388384.500 130577.500 -11.185
388384.500 130578.500 -11.215
388384.500 130579.500 -11.197
388384.500 130580.500 -11.210
388384.500 130581.500 -11.187
388384.500 130582.500 -11.205
388384.500 130583.500 -11.265
388384.500 130584.500 -11.310
388384.500 130585.500 -11.348
388384.500 130586.500 -11.360
388384.500 130587.500 -11.362
388384.500 130588.500 -11.375
388384.500 130589.500 -11.410
388384.500 130590.500 -11.447
388384.500 130591.500 -11.500
388385.500 130490.500 -10.990
388385.500 130491.500 -11.013
388385.500 130492.500 -11.020
388385.500 130493.500 -11.022
388385.500 130494.500 -11.027
388385.500 130495.500 -11.018
388385.500 130496.500 -10.992
388385.500 130497.500 -10.975
388385.500 130498.500 -10.990
388385.500 130499.500 -11.000
388385.500 130500.500 -11.008
388385.500 130501.500 -11.042
388385.500 130502.500 -11.053
388385.500 130503.500 -11.037
388385.500 130504.500 -11.070
388385.500 130505.500 -11.093
388385.500 130506.500 -11.085
388385.500 130507.500 -11.110
388385.500 130508.500 -11.125
388385.500 130509.500 -11.117
388385.500 130510.500 -11.140
388385.500 130511.500 -11.163
388385.500 130512.500 -11.172
388385.500 130513.500 -11.207
388385.500 130514.500 -11.223
388385.500 130515.500 -11.240
388385.500 130516.500 -11.252
388385.500 130517.500 -11.233
388385.500 130518.500 -11.252
388385.500 130519.500 -11.260
388385.500 130520.500 -11.242
388385.500 130521.500 -11.197
388385.500 130522.500 -11.172
388385.500 130523.500 -11.193
388385.500 130524.500 -11.188
388385.500 130525.500 -11.178
388385.500 130526.500 -11.175
388385.500 130527.500 -11.165
388385.500 130528.500 -11.143
388385.500 130529.500 -11.147
388385.500 130530.500 -11.140
388385.500 130531.500 -11.127
388385.500 130532.500 -11.155
388385.500 130533.500 -11.178
388385.500 130534.500 -11.182
388385.500 130535.500 -11.160
388385.500 130536.500 -11.188
388385.500 130537.500 -11.143
388385.500 130538.500 -11.088
388385.500 130539.500 -11.110
388385.500 130540.500 -11.102
388385.500 130541.500 -11.075
388385.500 130542.500 -11.080
388385.500 130543.500 -11.042
388385.500 130544.500 -10.985
388385.500 130545.500 -10.880
388385.500 130546.500 -10.860
388385.500 130547.500 -10.932
388385.500 130548.500 -10.963
388385.500 130549.500 -11.020
388385.500 130550.500 -11.045
388385.500 130551.500 -11.065
388385.500 130552.500 -11.057
388385.500 130553.500 -11.050
388385.500 130554.500 -11.067
388385.500 130555.500 -11.090
388385.500 130556.500 -11.105
388385.500 130557.500 -11.095
388385.500 130558.500 -11.122
388385.500 130559.500 -11.127
388385.500 130560.500 -11.145
388385.500 130561.500 -11.170
388385.500 130562.500 -11.212
388385.500 130563.500 -11.225
388385.500 130564.500 -11.245
388385.500 130565.500 -11.250
388385.500 130566.500 -11.225
388385.500 130567.500 -11.205
388385.500 130568.500 -11.195
388385.500 130569.500 -11.172
388385.500 130570.500 -11.150
388385.500 130571.500 -11.158
388385.500 130572.500 -11.162
388385.500 130573.500 -11.175
388385.500 130574.500 -11.170
388385.500 130575.500 -11.165
388385.500 130576.500 -11.168
388385.500 130577.500 -11.185
388385.500 130578.500 -11.185
388385.500 130579.500 -11.200
388385.500 130580.500 -11.215
388385.500 130581.500 -11.222
388385.500 130582.500 -11.212
388385.500 130583.500 -11.230
388385.500 130584.500 -11.270
388385.500 130585.500 -11.317
388385.500 130586.500 -11.360
388385.500 130587.500 -11.387
388385.500 130588.500 -11.400
388385.500 130589.500 -11.410
388385.500 130590.500 -11.418
388385.500 130591.500 -11.468
388386.500 130490.500 -10.935
388386.500 130491.500 -10.957
388386.500 130492.500 -10.992
388386.500 130493.500 -10.992
388386.500 130494.500 -10.982
388386.500 130495.500 -10.965
388386.500 130496.500 -10.945
388386.500 130497.500 -10.962
388386.500 130498.500 -10.973
388386.500 130499.500 -10.997
388386.500 130500.500 -11.040
388386.500 130501.500 -11.032
388386.500 130502.500 -11.035
388386.500 130503.500 -11.042
388386.500 130504.500 -11.060
388386.500 130505.500 -11.078
388386.500 130506.500 -11.075
388386.500 130507.500 -11.098
388386.500 130508.500 -11.110
388386.500 130509.500 -11.115
388386.500 130510.500 -11.142
388386.500 130511.500 -11.145
388386.500 130512.500 -11.187
388386.500 130513.500 -11.212
388386.500 130514.500 -11.237
388386.500 130515.500 -11.245
388386.500 130516.500 -11.252
388386.500 130517.500 -11.245
388386.500 130518.500 -11.252
388386.500 130519.500 -11.245
388386.500 130520.500 -11.268
388386.500 130521.500 -11.267
388386.500 130522.500 -11.255
388386.500 130523.500 -11.195
388386.500 130524.500 -11.182
388386.500 130525.500 -11.180
388386.500 130526.500 -11.160
388386.500 130527.500 -11.147
388386.500 130528.500 -11.140
388386.500 130529.500 -11.160
388386.500 130530.500 -11.143
388386.500 130531.500 -11.127
388386.500 130532.500 -11.153
388386.500 130533.500 -11.150
388386.500 130534.500 -11.162
388386.500 130535.500 -11.155
388386.500 130536.500 -11.160
388386.500 130537.500 -11.157
388386.500 130538.500 -11.112
388386.500 130539.500 -11.123
388386.500 130540.500 -11.130
388386.500 130541.500 -11.107
388386.500 130542.500 -11.088
388386.500 130543.500 -11.070
388386.500 130544.500 -11.045
388386.500 130545.500 -11.005
388386.500 130546.500 -11.007
388386.500 130547.500 -11.055
388386.500 130548.500 -11.078
388386.500 130549.500 -11.115
388386.500 130550.500 -11.110
388386.500 130551.500 -11.088
388386.500 130552.500 -11.090
388386.500 130553.500 -11.107
388386.500 130554.500 -11.135
388386.500 130555.500 -11.143
388386.500 130556.500 -11.155
388386.500 130557.500 -11.162
388386.500 130558.500 -11.178
388386.500 130559.500 -11.170
388386.500 130560.500 -11.175
388386.500 130561.500 -11.193
388386.500 130562.500 -11.212
388386.500 130563.500 -11.228
388386.500 130564.500 -11.230
388386.500 130565.500 -11.250
388386.500 130566.500 -11.270
388386.500 130567.500 -11.245
388386.500 130568.500 -11.212
388386.500 130569.500 -11.172
388386.500 130570.500 -11.158
388386.500 130571.500 -11.160
388386.500 130572.500 -11.175
388386.500 130573.500 -11.175
388386.500 130574.500 -11.175
388386.500 130575.500 -11.168
388386.500 130576.500 -11.170
388386.500 130577.500 -11.158
388386.500 130578.500 -11.158
388386.500 130579.500 -11.170
388386.500 130580.500 -11.172
388386.500 130581.500 -11.205
388386.500 130582.500 -11.230
388386.500 130583.500 -11.238
388386.500 130584.500 -11.230
388386.500 130585.500 -11.270
388386.500 130586.500 -11.330
388386.500 130587.500 -11.355
388386.500 130588.500 -11.395
388386.500 130589.500 -11.420
388386.500 130590.500 -11.443
388386.500 130591.500 -11.460
388387.500 130489.500 -10.865
388387.500 130490.500 -10.905
388387.500 130491.500 -10.895
388387.500 130492.500 -10.935
388387.500 130493.500 -10.940
388387.500 130494.500 -10.905
388387.500 130495.500 -10.905
388387.500 130496.500 -10.938
388387.500 130497.500 -10.945
388387.500 130498.500 -10.963
388387.500 130499.500 -10.990
388387.500 130500.500 -11.018
388387.500 130501.500 -11.008
388387.500 130502.500 -11.010
388387.500 130503.500 -11.018
388387.500 130504.500 -11.037
388387.500 130505.500 -11.060
388387.500 130506.500 -11.082
388387.500 130507.500 -11.102
388387.500 130508.500 -11.107
388387.500 130509.500 -11.115
388387.500 130510.500 -11.140
388387.500 130511.500 -11.158
388387.500 130512.500 -11.202
388387.500 130513.500 -11.223
388387.500 130514.500 -11.232
388387.500 130515.500 -11.245
388387.500 130516.500 -11.247
388387.500 130517.500 -11.252
388387.500 130518.500 -11.255
388387.500 130519.500 -11.258
388387.500 130520.500 -11.280
388387.500 130521.500 -11.285
388387.500 130522.500 -11.272
388387.500 130523.500 -11.220
388387.500 130524.500 -11.155
388387.500 130525.500 -11.145
388387.500 130526.500 -11.135
388387.500 130527.500 -11.135
388387.500 130528.500 -11.143
388387.500 130529.500 -11.155
388387.500 130530.500 -11.167
388387.500 130531.500 -11.172
388387.500 130532.500 -11.182
388387.500 130533.500 -11.160
388387.500 130534.500 -11.140
388387.500 130535.500 -11.132
388387.500 130536.500 -11.135
388387.500 130537.500 -11.145
388387.500 130538.500 -11.110
388387.500 130539.500 -11.137
388387.500 130540.500 -11.170
388387.500 130541.500 -11.150
388387.500 130542.500 -11.122
388387.500 130543.500 -11.112
388387.500 130544.500 -11.112
388387.500 130545.500 -11.078
388387.500 130546.500 -11.082
388387.500 130547.500 -11.092
388387.500 130548.500 -11.112
388387.500 130549.500 -11.158
388387.500 130550.500 -11.145
388387.500 130551.500 -11.115
388387.500 130552.500 -11.105
388387.500 130553.500 -11.130
388387.500 130554.500 -11.160
388387.500 130555.500 -11.175
388387.500 130556.500 -11.180
388387.500 130557.500 -11.210
388387.500 130558.500 -11.212
388387.500 130559.500 -11.205
388387.500 130560.500 -11.222
388387.500 130561.500 -11.237
388387.500 130562.500 -11.235
388387.500 130563.500 -11.247
388387.500 130564.500 -11.255
388387.500 130565.500 -11.272
388387.500 130566.500 -11.273
388387.500 130567.500 -11.260
388387.500 130568.500 -11.250
388387.500 130569.500 -11.213
388387.500 130570.500 -11.182
388387.500 130571.500 -11.178
388387.500 130572.500 -11.180
388387.500 130573.500 -11.182
388387.500 130574.500 -11.170
388387.500 130575.500 -11.172
388387.500 130576.500 -11.147
388387.500 130577.500 -11.125
388387.500 130578.500 -11.117
388387.500 130579.500 -11.155
388387.500 130580.500 -11.180
388387.500 130581.500 -11.190
388387.500 130582.500 -11.220
388387.500 130583.500 -11.233
388387.500 130584.500 -11.252
388387.500 130585.500 -11.235
388387.500 130586.500 -11.268
388387.500 130587.500 -11.325
388387.500 130588.500 -11.360
388387.500 130589.500 -11.397
388387.500 130590.500 -11.440
388387.500 130591.500 -11.470
388388.500 130488.500 -10.830
388388.500 130489.500 -10.835
388388.500 130490.500 -10.855
388388.500 130491.500 -10.845
388388.500 130492.500 -10.875
388388.500 130493.500 -10.890
388388.500 130494.500 -10.867
388388.500 130495.500 -10.882
388388.500 130496.500 -10.912
388388.500 130497.500 -10.920
388388.500 130498.500 -10.943
388388.500 130499.500 -10.970
388388.500 130500.500 -10.992
388388.500 130501.500 -10.992
388388.500 130502.500 -10.998
388388.500 130503.500 -11.008
388388.500 130504.500 -11.025
388388.500 130505.500 -11.053
388388.500 130506.500 -11.090
388388.500 130507.500 -11.105
388388.500 130508.500 -11.105
388388.500 130509.500 -11.102
388388.500 130510.500 -11.112
388388.500 130511.500 -11.165
388388.500 130512.500 -11.210
388388.500 130513.500 -11.220
388388.500 130514.500 -11.230
388388.500 130515.500 -11.245
388388.500 130516.500 -11.242
388388.500 130517.500 -11.228
388388.500 130518.500 -11.255
388388.500 130519.500 -11.252
388388.500 130520.500 -11.262
388388.500 130521.500 -11.263
388388.500 130522.500 -11.270
388388.500 130523.500 -11.243
388388.500 130524.500 -11.170
388388.500 130525.500 -11.120
388388.500 130526.500 -11.120
388388.500 130527.500 -11.127
388388.500 130528.500 -11.158
388388.500 130529.500 -11.173
388388.500 130530.500 -11.188
388388.500 130531.500 -11.190
388388.500 130532.500 -11.180
388388.500 130533.500 -11.185
388388.500 130534.500 -11.145
388388.500 130535.500 -11.152
388388.500 130536.500 -11.135
388388.500 130537.500 -11.147
388388.500 130538.500 -11.143
388388.500 130539.500 -11.145
388388.500 130540.500 -11.175
388388.500 130541.500 -11.167
388388.500 130542.500 -11.132
388388.500 130543.500 -11.137
388388.500 130544.500 -11.165
388388.500 130545.500 -11.150
388388.500 130546.500 -11.133
388388.500 130547.500 -11.125
388388.500 130548.500 -11.140
388388.500 130549.500 -11.172
388388.500 130550.500 -11.162
388388.500 130551.500 -11.150
388388.500 130552.500 -11.132
388388.500 130553.500 -11.132
388388.500 130554.500 -11.182
388388.500 130555.500 -11.192
388388.500 130556.500 -11.215
388388.500 130557.500 -11.227
388388.500 130558.500 -11.223
388388.500 130559.500 -11.245
388388.500 130560.500 -11.263
388388.500 130561.500 -11.265
388388.500 130562.500 -11.258
388388.500 130563.500 -11.275
388388.500 130564.500 -11.280
388388.500 130565.500 -11.285
388388.500 130566.500 -11.273
388388.500 130567.500 -11.275
388388.500 130568.500 -11.248
388388.500 130569.500 -11.238
388388.500 130570.500 -11.218
388388.500 130571.500 -11.212
388388.500 130572.500 -11.205
388388.500 130573.500 -11.200
388388.500 130574.500 -11.178
388388.500 130575.500 -11.168
388388.500 130576.500 -11.160
388388.500 130577.500 -11.135
388388.500 130578.500 -11.127
388388.500 130579.500 -11.145
388388.500 130580.500 -11.162
388388.500 130581.500 -11.180
388388.500 130582.500 -11.202
388388.500 130583.500 -11.217
388388.500 130584.500 -11.252
388388.500 130585.500 -11.275
388388.500 130586.500 -11.255
388388.500 130587.500 -11.270
388388.500 130588.500 -11.322
388388.500 130589.500 -11.365
388388.500 130590.500 -11.402
388388.500 130591.500 -11.445
388389.500 130488.500 -10.803
388389.500 130489.500 -10.795
388389.500 130490.500 -10.800
388389.500 130491.500 -10.797
388389.500 130492.500 -10.805
388389.500 130493.500 -10.807
388389.500 130494.500 -10.835
388389.500 130495.500 -10.835
388389.500 130496.500 -10.850
388389.500 130497.500 -10.875
388389.500 130498.500 -10.917
388389.500 130499.500 -10.962
388389.500 130500.500 -10.967
388389.500 130501.500 -10.970
388389.500 130502.500 -10.985
388389.500 130503.500 -10.997
388389.500 130504.500 -11.012
388389.500 130505.500 -11.037
388389.500 130506.500 -11.065
388389.500 130507.500 -11.070
388389.500 130508.500 -11.088
388389.500 130509.500 -11.090
388389.500 130510.500 -11.107
388389.500 130511.500 -11.167
388389.500 130512.500 -11.215
388389.500 130513.500 -11.205
388389.500 130514.500 -11.215
388389.500 130515.500 -11.230
388389.500 130516.500 -11.222
388389.500 130517.500 -11.215
388389.500 130518.500 -11.235
388389.500 130519.500 -11.240
388389.500 130520.500 -11.232
388389.500 130521.500 -11.230
388389.500 130522.500 -11.247
388389.500 130523.500 -11.232
388389.500 130524.500 -11.200
388389.500 130525.500 -11.138
388389.500 130526.500 -11.135
388389.500 130527.500 -11.168
388389.500 130528.500 -11.197
388389.500 130529.500 -11.210
388389.500 130530.500 -11.207
388389.500 130531.500 -11.195
388389.500 130532.500 -11.175
388389.500 130533.500 -11.193
388389.500 130534.500 -11.182
388389.500 130535.500 -11.190
388389.500 130536.500 -11.163
388389.500 130537.500 -11.197
388389.500 130538.500 -11.180
388389.500 130539.500 -11.122
388389.500 130540.500 -11.162
388389.500 130541.500 -11.168
388389.500 130542.500 -11.152
388389.500 130543.500 -11.145
388389.500 130544.500 -11.185
388389.500 130545.500 -11.185
388389.500 130546.500 -11.165
388389.500 130547.500 -11.170
388389.500 130548.500 -11.173
388389.500 130549.500 -11.182
388389.500 130550.500 -11.182
388389.500 130551.500 -11.182
388389.500 130552.500 -11.173
388389.500 130553.500 -11.165
388389.500 130554.500 -11.200
388389.500 130555.500 -11.215
388389.500 130556.500 -11.228
388389.500 130557.500 -11.245
388389.500 130558.500 -11.252
388389.500 130559.500 -11.275
388389.500 130560.500 -11.300
388389.500 130561.500 -11.310
388389.500 130562.500 -11.300
388389.500 130563.500 -11.295
388389.500 130564.500 -11.295
388389.500 130565.500 -11.287
388389.500 130566.500 -11.282
388389.500 130567.500 -11.275
388389.500 130568.500 -11.260
388389.500 130569.500 -11.250
388389.500 130570.500 -11.247
388389.500 130571.500 -11.248
388389.500 130572.500 -11.240
388389.500 130573.500 -11.228
388389.500 130574.500 -11.212
388389.500 130575.500 -11.197
388389.500 130576.500 -11.175
388389.500 130577.500 -11.140
388389.500 130578.500 -11.138
388389.500 130579.500 -11.155
388389.500 130580.500 -11.155
388389.500 130581.500 -11.175
388389.500 130582.500 -11.205
388389.500 130583.500 -11.220
388389.500 130584.500 -11.245
388389.500 130585.500 -11.270
388389.500 130586.500 -11.270
388389.500 130587.500 -11.252
388389.500 130588.500 -11.262
388389.500 130589.500 -11.322
388389.500 130590.500 -11.370
388389.500 130591.500 -11.415
388390.500 130487.500 -10.760
388390.500 130488.500 -10.770
388390.500 130489.500 -10.765
388390.500 130490.500 -10.772
388390.500 130491.500 -10.757
388390.500 130492.500 -10.763
388390.500 130493.500 -10.777
388390.500 130494.500 -10.783
388390.500 130495.500 -10.800
388390.500 130496.500 -10.848
388390.500 130497.500 -10.872
388390.500 130498.500 -10.895
388390.500 130499.500 -10.900
388390.500 130500.500 -10.918
388390.500 130501.500 -10.953
388390.500 130502.500 -10.957
388390.500 130503.500 -10.960
388390.500 130504.500 -10.978
388390.500 130505.500 -11.013
388390.500 130506.500 -11.040
388390.500 130507.500 -11.053
388390.500 130508.500 -11.053
388390.500 130509.500 -11.080
388390.500 130510.500 -11.107
388390.500 130511.500 -11.160
388390.500 130512.500 -11.185
388390.500 130513.500 -11.185
388390.500 130514.500 -11.203
388390.500 130515.500 -11.192
388390.500 130516.500 -11.183
388390.500 130517.500 -11.182
388390.500 130518.500 -11.197
388390.500 130519.500 -11.207
388390.500 130520.500 -11.215
388390.500 130521.500 -11.230
388390.500 130522.500 -11.220
388390.500 130523.500 -11.245
388390.500 130524.500 -11.245
388390.500 130525.500 -11.227
388390.500 130526.500 -11.187
388390.500 130527.500 -11.195
388390.500 130528.500 -11.215
388390.500 130529.500 -11.215
388390.500 130530.500 -11.210
388390.500 130531.500 -11.200
388390.500 130532.500 -11.190
388390.500 130533.500 -11.182
388390.500 130534.500 -11.195
388390.500 130535.500 -11.207
388390.500 130536.500 -11.207
388390.500 130537.500 -11.215
388390.500 130538.500 -11.172
388390.500 130539.500 -11.085
388390.500 130540.500 -11.140
388390.500 130541.500 -11.158
388390.500 130542.500 -11.155
388390.500 130543.500 -11.160
388390.500 130544.500 -11.190
388390.500 130545.500 -11.223
388390.500 130546.500 -11.203
388390.500 130547.500 -11.217
388390.500 130548.500 -11.227
388390.500 130549.500 -11.225
388390.500 130550.500 -11.207
388390.500 130551.500 -11.200
388390.500 130552.500 -11.210
388390.500 130553.500 -11.202
388390.500 130554.500 -11.227
388390.500 130555.500 -11.248
388390.500 130556.500 -11.252
388390.500 130557.500 -11.255
388390.500 130558.500 -11.277
388390.500 130559.500 -11.305
388390.500 130560.500 -11.333
388390.500 130561.500 -11.330
388390.500 130562.500 -11.322
388390.500 130563.500 -11.307
388390.500 130564.500 -11.307
388390.500 130565.500 -11.292
388390.500 130566.500 -11.287
388390.500 130567.500 -11.280
388390.500 130568.500 -11.262
388390.500 130569.500 -11.260
388390.500 130570.500 -11.263
388390.500 130571.500 -11.258
388390.500 130572.500 -11.257
388390.500 130573.500 -11.242
388390.500 130574.500 -11.225
388390.500 130575.500 -11.210
388390.500 130576.500 -11.193
388390.500 130577.500 -11.168
388390.500 130578.500 -11.163
388390.500 130579.500 -11.160
388390.500 130580.500 -11.158
388390.500 130581.500 -11.178
388390.500 130582.500 -11.200
388390.500 130583.500 -11.210
388390.500 130584.500 -11.240
388390.500 130585.500 -11.257
388390.500 130586.500 -11.262
388390.500 130587.500 -11.265
388390.500 130588.500 -11.262
388390.500 130589.500 -11.252
388390.500 130590.500 -11.325
388390.500 130591.500 -11.377
388391.500 130486.500 -10.723
388391.500 130487.500 -10.752
388391.500 130488.500 -10.730
388391.500 130489.500 -10.737
388391.500 130490.500 -10.768
388391.500 130491.500 -10.762
388391.500 130492.500 -10.752
388391.500 130493.500 -10.755
388391.500 130494.500 -10.752
388391.500 130495.500 -10.815
388391.500 130496.500 -10.865
388391.500 130497.500 -10.880
388391.500 130498.500 -10.877
388391.500 130499.500 -10.822
388391.500 130500.500 -10.857
388391.500 130501.500 -10.895
388391.500 130502.500 -10.922
388391.500 130503.500 -10.928
388391.500 130504.500 -10.942
388391.500 130505.500 -10.982
388391.500 130506.500 -11.005
388391.500 130507.500 -11.000
388391.500 130508.500 -11.008
388391.500 130509.500 -11.063
388391.500 130510.500 -11.100
388391.500 130511.500 -11.135
388391.500 130512.500 -11.163
388391.500 130513.500 -11.170
388391.500 130514.500 -11.178
388391.500 130515.500 -11.160
388391.500 130516.500 -11.145
388391.500 130517.500 -11.160
388391.500 130518.500 -11.163
388391.500 130519.500 -11.180
388391.500 130520.500 -11.220
388391.500 130521.500 -11.238
388391.500 130522.500 -11.230
388391.500 130523.500 -11.255
388391.500 130524.500 -11.293
388391.500 130525.500 -11.292
388391.500 130526.500 -11.238
388391.500 130527.500 -11.197
388391.500 130528.500 -11.193
388391.500 130529.500 -11.205
388391.500 130530.500 -11.210
388391.500 130531.500 -11.197
388391.500 130532.500 -11.195
388391.500 130533.500 -11.172
388391.500 130534.500 -11.180
388391.500 130535.500 -11.197
388391.500 130536.500 -11.205
388391.500 130537.500 -11.180
388391.500 130538.500 -11.162
388391.500 130539.500 -11.105
388391.500 130540.500 -11.140
388391.500 130541.500 -11.178
388391.500 130542.500 -11.175
388391.500 130543.500 -11.172
388391.500 130544.500 -11.205
388391.500 130545.500 -11.263
388391.500 130546.500 -11.255
388391.500 130547.500 -11.240
388391.500 130548.500 -11.260
388391.500 130549.500 -11.257
388391.500 130550.500 -11.237
388391.500 130551.500 -11.223
388391.500 130552.500 -11.230
388391.500 130553.500 -11.235
388391.500 130554.500 -11.252
388391.500 130555.500 -11.277
388391.500 130556.500 -11.277
388391.500 130557.500 -11.290
388391.500 130558.500 -11.295
388391.500 130559.500 -11.305
388391.500 130560.500 -11.325
388391.500 130561.500 -11.330
388391.500 130562.500 -11.342
388391.500 130563.500 -11.322
388391.500 130564.500 -11.330
388391.500 130565.500 -11.312
388391.500 130566.500 -11.297
388391.500 130567.500 -11.272
388391.500 130568.500 -11.262
388391.500 130569.500 -11.252
388391.500 130570.500 -11.255
388391.500 130571.500 -11.250
388391.500 130572.500 -11.257
388391.500 130573.500 -11.257
388391.500 130574.500 -11.225
388391.500 130575.500 -11.222
388391.500 130576.500 -11.207
388391.500 130577.500 -11.185
388391.500 130578.500 -11.162
388391.500 130579.500 -11.145
388391.500 130580.500 -11.165
388391.500 130581.500 -11.185
388391.500 130582.500 -11.195
388391.500 130583.500 -11.215
388391.500 130584.500 -11.233
388391.500 130585.500 -11.240
388391.500 130586.500 -11.252
388391.500 130587.500 -11.252
388391.500 130588.500 -11.272
388391.500 130589.500 -11.270
388391.500 130590.500 -11.263
388391.500 130591.500 -11.345
388392.500 130486.500 -10.697
388392.500 130487.500 -10.710
388392.500 130488.500 -10.705
388392.500 130489.500 -10.707
388392.500 130490.500 -10.738
388392.500 130491.500 -10.742
388392.500 130492.500 -10.727
388392.500 130493.500 -10.727
388392.500 130494.500 -10.742
388392.500 130495.500 -10.790
388392.500 130496.500 -10.810
388392.500 130497.500 -10.848
388392.500 130498.500 -10.845
388392.500 130499.500 -10.813
388392.500 130500.500 -10.832
388392.500 130501.500 -10.857
388392.500 130502.500 -10.885
388392.500 130503.500 -10.897
388392.500 130504.500 -10.915
388392.500 130505.500 -10.960
388392.500 130506.500 -10.985
388392.500 130507.500 -10.985
388392.500 130508.500 -10.988
388392.500 130509.500 -11.042
388392.500 130510.500 -11.085
388392.500 130511.500 -11.103
388392.500 130512.500 -11.135
388392.500 130513.500 -11.140
388392.500 130514.500 -11.122
388392.500 130515.500 -11.125
388392.500 130516.500 -11.143
388392.500 130517.500 -11.168
388392.500 130518.500 -11.175
388392.500 130519.500 -11.172
388392.500 130520.500 -11.217
388392.500 130521.500 -11.227
388392.500 130522.500 -11.240
388392.500 130523.500 -11.270
388392.500 130524.500 -11.300
388392.500 130525.500 -11.330
388392.500 130526.500 -11.292
388392.500 130527.500 -11.247
388392.500 130528.500 -11.205
388392.500 130529.500 -11.205
388392.500 130530.500 -11.197
388392.500 130531.500 -11.195
388392.500 130532.500 -11.178
388392.500 130533.500 -11.163
388392.500 130534.500 -11.152
388392.500 130535.500 -11.145
388392.500 130536.500 -11.140
388392.500 130537.500 -11.120
388392.500 130538.500 -11.127
388392.500 130539.500 -11.107
388392.500 130540.500 -11.112
388392.500 130541.500 -11.180
388392.500 130542.500 -11.175
388392.500 130543.500 -11.182
388392.500 130544.500 -11.202
388392.500 130545.500 -11.270
388392.500 130546.500 -11.262
388392.500 130547.500 -11.248
388392.500 130548.500 -11.282
388392.500 130549.500 -11.290
388392.500 130550.500 -11.265
388392.500 130551.500 -11.245
388392.500 130552.500 -11.242
388392.500 130553.500 -11.258
388392.500 130554.500 -11.285
388392.500 130555.500 -11.295
388392.500 130556.500 -11.300
388392.500 130557.500 -11.315
388392.500 130558.500 -11.315
388392.500 130559.500 -11.322
388392.500 130560.500 -11.325
388392.500 130561.500 -11.330
388392.500 130562.500 -11.327
388392.500 130563.500 -11.312
388392.500 130564.500 -11.305
388392.500 130565.500 -11.295
388392.500 130566.500 -11.300
388392.500 130567.500 -11.275
388392.500 130568.500 -11.268
388392.500 130569.500 -11.267
388392.500 130570.500 -11.260
388392.500 130571.500 -11.252
388392.500 130572.500 -11.250
388392.500 130573.500 -11.252
388392.500 130574.500 -11.225
388392.500 130575.500 -11.228
388392.500 130576.500 -11.222
388392.500 130577.500 -11.210
388392.500 130578.500 -11.178
388392.500 130579.500 -11.155
388392.500 130580.500 -11.167
388392.500 130581.500 -11.180
388392.500 130582.500 -11.190
388392.500 130583.500 -11.212
388392.500 130584.500 -11.222
388392.500 130585.500 -11.232
388392.500 130586.500 -11.228
388392.500 130587.500 -11.245
388392.500 130588.500 -11.270
388392.500 130589.500 -11.282
388392.500 130590.500 -11.300
388392.500 130591.500 -11.310
388393.500 130485.500 -10.660
388393.500 130486.500 -10.688
388393.500 130487.500 -10.685
388393.500 130488.500 -10.680
388393.500 130489.500 -10.675
388393.500 130490.500 -10.687
388393.500 130491.500 -10.680
388393.500 130492.500 -10.700
388393.500 130493.500 -10.702
388393.500 130494.500 -10.717
388393.500 130495.500 -10.737
388393.500 130496.500 -10.765
388393.500 130497.500 -10.797
388393.500 130498.500 -10.803
388393.500 130499.500 -10.787
388393.500 130500.500 -10.800
388393.500 130501.500 -10.815
388393.500 130502.500 -10.827
388393.500 130503.500 -10.862
388393.500 130504.500 -10.890
388393.500 130505.500 -10.918
388393.500 130506.500 -10.960
388393.500 130507.500 -10.955
388393.500 130508.500 -10.975
388393.500 130509.500 -11.020
388393.500 130510.500 -11.053
388393.500 130511.500 -11.072
388393.500 130512.500 -11.090
388393.500 130513.500 -11.085
388393.500 130514.500 -11.075
388393.500 130515.500 -11.127
388393.500 130516.500 -11.155
388393.500 130517.500 -11.165
388393.500 130518.500 -11.158
388393.500 130519.500 -11.172
388393.500 130520.500 -11.190
388393.500 130521.500 -11.200
388393.500 130522.500 -11.213
388393.500 130523.500 -11.248
388393.500 130524.500 -11.285
388393.500 130525.500 -11.320
388393.500 130526.500 -11.310
388393.500 130527.500 -11.277
388393.500 130528.500 -11.227
388393.500 130529.500 -11.188
388393.500 130530.500 -11.203
388393.500 130531.500 -11.197
388393.500 130532.500 -11.182
388393.500 130533.500 -11.167
388393.500 130534.500 -11.167
388393.500 130535.500 -11.158
388393.500 130536.500 -11.137
388393.500 130537.500 -11.103
388393.500 130538.500 -11.110
388393.500 130539.500 -11.110
388393.500 130540.500 -11.083
388393.500 130541.500 -11.155
388393.500 130542.500 -11.183
388393.500 130543.500 -11.202
388393.500 130544.500 -11.223
388393.500 130545.500 -11.275
388393.500 130546.500 -11.270
388393.500 130547.500 -11.277
388393.500 130548.500 -11.300
388393.500 130549.500 -11.318
388393.500 130550.500 -11.295
388393.500 130551.500 -11.280
388393.500 130552.500 -11.280
388393.500 130553.500 -11.287
388393.500 130554.500 -11.302
388393.500 130555.500 -11.312
388393.500 130556.500 -11.322
388393.500 130557.500 -11.320
388393.500 130558.500 -11.325
388393.500 130559.500 -11.330
388393.500 130560.500 -11.320
388393.500 130561.500 -11.320
388393.500 130562.500 -11.335
388393.500 130563.500 -11.330
388393.500 130564.500 -11.310
388393.500 130565.500 -11.290
388393.500 130566.500 -11.287
388393.500 130567.500 -11.280
388393.500 130568.500 -11.280
388393.500 130569.500 -11.282
388393.500 130570.500 -11.275
388393.500 130571.500 -11.257
388393.500 130572.500 -11.265
388393.500 130573.500 -11.240
388393.500 130574.500 -11.248
388393.500 130575.500 -11.233
388393.500 130576.500 -11.233
388393.500 130577.500 -11.237
388393.500 130578.500 -11.217
388393.500 130579.500 -11.182
388393.500 130580.500 -11.188
388393.500 130581.500 -11.192
388393.500 130582.500 -11.192
388393.500 130583.500 -11.207
388393.500 130584.500 -11.205
388393.500 130585.500 -11.212
388393.500 130586.500 -11.235
388393.500 130587.500 -11.242
388393.500 130588.500 -11.263
388393.500 130589.500 -11.295
388393.500 130590.500 -11.320
388393.500 130591.500 -11.353
388394.500 130485.500 -10.642
388394.500 130486.500 -10.645
388394.500 130487.500 -10.640
388394.500 130488.500 -10.647
388394.500 130489.500 -10.650
388394.500 130490.500 -10.637
388394.500 130491.500 -10.653
388394.500 130492.500 -10.665
388394.500 130493.500 -10.675
388394.500 130494.500 -10.665
388394.500 130495.500 -10.690
388394.500 130496.500 -10.737
388394.500 130497.500 -10.765
388394.500 130498.500 -10.765
388394.500 130499.500 -10.760
388394.500 130500.500 -10.768
388394.500 130501.500 -10.787
388394.500 130502.500 -10.792
388394.500 130503.500 -10.825
388394.500 130504.500 -10.850
388394.500 130505.500 -10.877
388394.500 130506.500 -10.902
388394.500 130507.500 -10.935
388394.500 130508.500 -10.957
388394.500 130509.500 -10.980
388394.500 130510.500 -11.015
388394.500 130511.500 -11.045
388394.500 130512.500 -11.065
388394.500 130513.500 -11.068
388394.500 130514.500 -11.062
388394.500 130515.500 -11.103
388394.500 130516.500 -11.110
388394.500 130517.500 -11.123
388394.500 130518.500 -11.130
388394.500 130519.500 -11.152
388394.500 130520.500 -11.165
388394.500 130521.500 -11.180
388394.500 130522.500 -11.185
388394.500 130523.500 -11.197
388394.500 130524.500 -11.255
388394.500 130525.500 -11.280
388394.500 130526.500 -11.280
388394.500 130527.500 -11.257
388394.500 130528.500 -11.235
388394.500 130529.500 -11.200
388394.500 130530.500 -11.180
388394.500 130531.500 -11.185
388394.500 130532.500 -11.188
388394.500 130533.500 -11.205
388394.500 130534.500 -11.192
388394.500 130535.500 -11.185
388394.500 130536.500 -11.170
388394.500 130537.500 -11.145
388394.500 130538.500 -11.092
388394.500 130539.500 -11.088
388394.500 130540.500 -11.053
388394.500 130541.500 -11.145
388394.500 130542.500 -11.197
388394.500 130543.500 -11.210
388394.500 130544.500 -11.237
388394.500 130545.500 -11.290
388394.500 130546.500 -11.282
388394.500 130547.500 -11.270
388394.500 130548.500 -11.315
388394.500 130549.500 -11.340
388394.500 130550.500 -11.325
388394.500 130551.500 -11.327
388394.500 130552.500 -11.318
388394.500 130553.500 -11.300
388394.500 130554.500 -11.300
388394.500 130555.500 -11.330
388394.500 130556.500 -11.325
388394.500 130557.500 -11.305
388394.500 130558.500 -11.325
388394.500 130559.500 -11.330
388394.500 130560.500 -11.315
388394.500 130561.500 -11.328
388394.500 130562.500 -11.338
388394.500 130563.500 -11.332
388394.500 130564.500 -11.320
388394.500 130565.500 -11.305
388394.500 130566.500 -11.272
388394.500 130567.500 -11.252
388394.500 130568.500 -11.287
388394.500 130569.500 -11.292
388394.500 130570.500 -11.275
388394.500 130571.500 -11.272
388394.500 130572.500 -11.265
388394.500 130573.500 -11.247
388394.500 130574.500 -11.242
388394.500 130575.500 -11.255
388394.500 130576.500 -11.238
388394.500 130577.500 -11.242
388394.500 130578.500 -11.245
388394.500 130579.500 -11.215
388394.500 130580.500 -11.203
388394.500 130581.500 -11.217
388394.500 130582.500 -11.212
388394.500 130583.500 -11.205
388394.500 130584.500 -11.207
388394.500 130585.500 -11.212
388394.500 130586.500 -11.232
388394.500 130587.500 -11.235
388394.500 130588.500 -11.272
388394.500 130589.500 -11.312
388394.500 130590.500 -11.325
388394.500 130591.500 -11.357
388395.500 130484.500 -10.617
388395.500 130485.500 -10.610
388395.500 130486.500 -10.600
388395.500 130487.500 -10.612
388395.500 130488.500 -10.627
388395.500 130489.500 -10.615
388395.500 130490.500 -10.617
388395.500 130491.500 -10.630
388395.500 130492.500 -10.635
388395.500 130493.500 -10.635
388395.500 130494.500 -10.645
388395.500 130495.500 -10.702
388395.500 130496.500 -10.715
388395.500 130497.500 -10.730
388395.500 130498.500 -10.725
388395.500 130499.500 -10.745
388395.500 130500.500 -10.750
388395.500 130501.500 -10.768
388395.500 130502.500 -10.782
388395.500 130503.500 -10.803
388395.500 130504.500 -10.807
388395.500 130505.500 -10.840
388395.500 130506.500 -10.875
388395.500 130507.500 -10.915
388395.500 130508.500 -10.935
388395.500 130509.500 -10.950
388395.500 130510.500 -10.973
388395.500 130511.500 -11.020
388395.500 130512.500 -11.050
388395.500 130513.500 -11.062
388395.500 130514.500 -11.062
388395.500 130515.500 -11.075
388395.500 130516.500 -11.068
388395.500 130517.500 -11.085
388395.500 130518.500 -11.100
388395.500 130519.500 -11.115
388395.500 130520.500 -11.125
388395.500 130521.500 -11.138
388395.500 130522.500 -11.125
388395.500 130523.500 -11.145
388395.500 130524.500 -11.193
388395.500 130525.500 -11.240
388395.500 130526.500 -11.258
388395.500 130527.500 -11.245
388395.500 130528.500 -11.223
388395.500 130529.500 -11.200
388395.500 130530.500 -11.152
388395.500 130531.500 -11.158
388395.500 130532.500 -11.168
388395.500 130533.500 -11.192
388395.500 130534.500 -11.190
388395.500 130535.500 -11.170
388395.500 130536.500 -11.150
388395.500 130537.500 -11.135
388395.500 130538.500 -11.098
388395.500 130539.500 -11.100
388395.500 130540.500 -11.107
388395.500 130541.500 -11.147
388395.500 130542.500 -11.202
388395.500 130543.500 -11.220
388395.500 130544.500 -11.255
388395.500 130545.500 -11.292
388395.500 130546.500 -11.270
388395.500 130547.500 -11.265
388395.500 130548.500 -11.303
388395.500 130549.500 -11.322
388395.500 130550.500 -11.322
388395.500 130551.500 -11.340
388395.500 130552.500 -11.352
388395.500 130553.500 -11.322
388395.500 130554.500 -11.327
388395.500 130555.500 -11.340
388395.500 130556.500 -11.322
388395.500 130557.500 -11.300
388395.500 130558.500 -11.317
388395.500 130559.500 -11.330
388395.500 130560.500 -11.340
388395.500 130561.500 -11.348
388395.500 130562.500 -11.348
388395.500 130563.500 -11.322
388395.500 130564.500 -11.305
388395.500 130565.500 -11.287
388395.500 130566.500 -11.275
388395.500 130567.500 -11.273
388395.500 130568.500 -11.272
388395.500 130569.500 -11.287
388395.500 130570.500 -11.287
388395.500 130571.500 -11.280
388395.500 130572.500 -11.252
388395.500 130573.500 -11.245
388395.500 130574.500 -11.260
388395.500 130575.500 -11.268
388395.500 130576.500 -11.250
388395.500 130577.500 -11.242
388395.500 130578.500 -11.245
388395.500 130579.500 -11.222
388395.500 130580.500 -11.203
388395.500 130581.500 -11.203
388395.500 130582.500 -11.193
388395.500 130583.500 -11.202
388395.500 130584.500 -11.217
388395.500 130585.500 -11.223
388395.500 130586.500 -11.230
388395.500 130587.500 -11.242
388395.500 130588.500 -11.275
388395.500 130589.500 -11.305
388395.500 130590.500 -11.335
388395.500 130591.500 -11.345
388396.500 130483.500 -10.590
388396.500 130484.500 -10.588
388396.500 130485.500 -10.570
388396.500 130486.500 -10.542
388396.500 130487.500 -10.570
388396.500 130488.500 -10.590
388396.500 130489.500 -10.588
388396.500 130490.500 -10.588
388396.500 130491.500 -10.617
388396.500 130492.500 -10.625
388396.500 130493.500 -10.622
388396.500 130494.500 -10.627
388396.500 130495.500 -10.657
388396.500 130496.500 -10.655
388396.500 130497.500 -10.690
388396.500 130498.500 -10.700
388396.500 130499.500 -10.715
388396.500 130500.500 -10.733
388396.500 130501.500 -10.742
388396.500 130502.500 -10.755
388396.500 130503.500 -10.763
388396.500 130504.500 -10.790
388396.500 130505.500 -10.810
388396.500 130506.500 -10.838
388396.500 130507.500 -10.875
388396.500 130508.500 -10.900
388396.500 130509.500 -10.922
388396.500 130510.500 -10.940
388396.500 130511.500 -10.977
388396.500 130512.500 -11.010
388396.500 130513.500 -11.033
388396.500 130514.500 -11.035
388396.500 130515.500 -11.040
388396.500 130516.500 -11.037
388396.500 130517.500 -11.045
388396.500 130518.500 -11.062
388396.500 130519.500 -11.060
388396.500 130520.500 -11.062
388396.500 130521.500 -11.052
388396.500 130522.500 -11.055
388396.500 130523.500 -11.092
388396.500 130524.500 -11.140
388396.500 130525.500 -11.195
388396.500 130526.500 -11.238
388396.500 130527.500 -11.227
388396.500 130528.500 -11.205
388396.500 130529.500 -11.188
388396.500 130530.500 -11.160
388396.500 130531.500 -11.113
388396.500 130532.500 -11.130
388396.500 130533.500 -11.125
388396.500 130534.500 -11.137
388396.500 130535.500 -11.150
388396.500 130536.500 -11.123
388396.500 130537.500 -11.095
388396.500 130538.500 -11.090
388396.500 130539.500 -11.080
388396.500 130540.500 -11.125
388396.500 130541.500 -11.160
388396.500 130542.500 -11.202
388396.500 130543.500 -11.227
388396.500 130544.500 -11.245
388396.500 130545.500 -11.285
388396.500 130546.500 -11.275
388396.500 130547.500 -11.268
388396.500 130548.500 -11.292
388396.500 130549.500 -11.307
388396.500 130550.500 -11.317
388396.500 130551.500 -11.332
388396.500 130552.500 -11.342
388396.500 130553.500 -11.303
388396.500 130554.500 -11.325
388396.500 130555.500 -11.340
388396.500 130556.500 -11.315
388396.500 130557.500 -11.305
388396.500 130558.500 -11.325
388396.500 130559.500 -11.338
388396.500 130560.500 -11.355
388396.500 130561.500 -11.345
388396.500 130562.500 -11.340
388396.500 130563.500 -11.322
388396.500 130564.500 -11.300
388396.500 130565.500 -11.292
388396.500 130566.500 -11.282
388396.500 130567.500 -11.287
388396.500 130568.500 -11.287
388396.500 130569.500 -11.290
388396.500 130570.500 -11.262
388396.500 130571.500 -11.257
388396.500 130572.500 -11.257
388396.500 130573.500 -11.262
388396.500 130574.500 -11.257
388396.500 130575.500 -11.263
388396.500 130576.500 -11.255
388396.500 130577.500 -11.248
388396.500 130578.500 -11.250
388396.500 130579.500 -11.237
388396.500 130580.500 -11.210
388396.500 130581.500 -11.205
388396.500 130582.500 -11.200
388396.500 130583.500 -11.197
388396.500 130584.500 -11.225
388396.500 130585.500 -11.230
388396.500 130586.500 -11.238
388396.500 130587.500 -11.240
388396.500 130588.500 -11.242
388396.500 130589.500 -11.280
388396.500 130590.500 -11.318
388396.500 130591.500 -11.335
388397.500 130483.500 -10.545
388397.500 130484.500 -10.543
388397.500 130485.500 -10.545
388397.500 130486.500 -10.527
388397.500 130487.500 -10.535
388397.500 130488.500 -10.535
388397.500 130489.500 -10.558
388397.500 130490.500 -10.575
388397.500 130491.500 -10.578
388397.500 130492.500 -10.605
388397.500 130493.500 -10.620
388397.500 130494.500 -10.598
388397.500 130495.500 -10.617
388397.500 130496.500 -10.630
388397.500 130497.500 -10.662
388397.500 130498.500 -10.688
388397.500 130499.500 -10.682
388397.500 130500.500 -10.710
388397.500 130501.500 -10.723
388397.500 130502.500 -10.735
388397.500 130503.500 -10.745
388397.500 130504.500 -10.772
388397.500 130505.500 -10.787
388397.500 130506.500 -10.812
388397.500 130507.500 -10.835
388397.500 130508.500 -10.870
388397.500 130509.500 -10.888
388397.500 130510.500 -10.905
388397.500 130511.500 -10.928
388397.500 130512.500 -10.967
388397.500 130513.500 -10.980
388397.500 130514.500 -10.985
388397.500 130515.500 -11.005
388397.500 130516.500 -11.005
388397.500 130517.500 -11.002
388397.500 130518.500 -11.012
388397.500 130519.500 -11.002
388397.500 130520.500 -10.982
388397.500 130521.500 -10.945
388397.500 130522.500 -10.955
388397.500 130523.500 -10.990
388397.500 130524.500 -11.067
388397.500 130525.500 -11.127
388397.500 130526.500 -11.165
388397.500 130527.500 -11.170
388397.500 130528.500 -11.172
388397.500 130529.500 -11.165
388397.500 130530.500 -11.147
388397.500 130531.500 -11.095
388397.500 130532.500 -11.057
388397.500 130533.500 -11.057
388397.500 130534.500 -11.072
388397.500 130535.500 -11.092
388397.500 130536.500 -11.095
388397.500 130537.500 -11.100
388397.500 130538.500 -11.090
388397.500 130539.500 -11.047
388397.500 130540.500 -11.135
388397.500 130541.500 -11.172
388397.500 130542.500 -11.185
388397.500 130543.500 -11.200
388397.500 130544.500 -11.230
388397.500 130545.500 -11.252
388397.500 130546.500 -11.282
388397.500 130547.500 -11.287
388397.500 130548.500 -11.287
388397.500 130549.500 -11.297
388397.500 130550.500 -11.297
388397.500 130551.500 -11.295
388397.500 130552.500 -11.307
388397.500 130553.500 -11.297
388397.500 130554.500 -11.315
388397.500 130555.500 -11.323
388397.500 130556.500 -11.308
388397.500 130557.500 -11.315
388397.500 130558.500 -11.325
388397.500 130559.500 -11.342
388397.500 130560.500 -11.340
388397.500 130561.500 -11.343
388397.500 130562.500 -11.335
388397.500 130563.500 -11.330
388397.500 130564.500 -11.318
388397.500 130565.500 -11.312
388397.500 130566.500 -11.310
388397.500 130567.500 -11.297
388397.500 130568.500 -11.295
388397.500 130569.500 -11.290
388397.500 130570.500 -11.263
388397.500 130571.500 -11.268
388397.500 130572.500 -11.268
388397.500 130573.500 -11.272
388397.500 130574.500 -11.262
388397.500 130575.500 -11.263
388397.500 130576.500 -11.255
388397.500 130577.500 -11.250
388397.500 130578.500 -11.250
388397.500 130579.500 -11.248
388397.500 130580.500 -11.227
388397.500 130581.500 -11.217
388397.500 130582.500 -11.207
388397.500 130583.500 -11.205
388397.500 130584.500 -11.217
388397.500 130585.500 -11.220
388397.500 130586.500 -11.233
388397.500 130587.500 -11.242
388397.500 130588.500 -11.257
388397.500 130589.500 -11.263
388397.500 130590.500 -11.282
388397.500 130591.500 -11.325
388398.500 130482.500 -10.518
388398.500 130483.500 -10.515
388398.500 130484.500 -10.500
388398.500 130485.500 -10.492
388398.500 130486.500 -10.467
388398.500 130487.500 -10.473
388398.500 130488.500 -10.495
388398.500 130489.500 -10.515
388398.500 130490.500 -10.540
388398.500 130491.500 -10.550
388398.500 130492.500 -10.575
388398.500 130493.500 -10.605
388398.500 130494.500 -10.575
388398.500 130495.500 -10.588
388398.500 130496.500 -10.617
388398.500 130497.500 -10.640
388398.500 130498.500 -10.650
388398.500 130499.500 -10.652
388398.500 130500.500 -10.665
388398.500 130501.500 -10.697
388398.500 130502.500 -10.712
388398.500 130503.500 -10.730
388398.500 130504.500 -10.748
388398.500 130505.500 -10.768
388398.500 130506.500 -10.770
388398.500 130507.500 -10.793
388398.500 130508.500 -10.827
388398.500 130509.500 -10.835
388398.500 130510.500 -10.862
388398.500 130511.500 -10.875
388398.500 130512.500 -10.917
388398.500 130513.500 -10.922
388398.500 130514.500 -10.940
388398.500 130515.500 -10.942
388398.500 130516.500 -10.947
388398.500 130517.500 -10.975
388398.500 130518.500 -10.975
388398.500 130519.500 -10.965
388398.500 130520.500 -10.940
388398.500 130521.500 -10.877
388398.500 130522.500 -10.857
388398.500 130523.500 -10.867
388398.500 130524.500 -10.987
388398.500 130525.500 -11.063
388398.500 130526.500 -11.085
388398.500 130527.500 -11.092
388398.500 130528.500 -11.107
388398.500 130529.500 -11.117
388398.500 130530.500 -11.095
388398.500 130531.500 -11.065
388398.500 130532.500 -11.008
388398.500 130533.500 -10.957
388398.500 130534.500 -10.980
388398.500 130535.500 -11.010
388398.500 130536.500 -11.067
388398.500 130537.500 -11.075
388398.500 130538.500 -11.068
388398.500 130539.500 -11.045
388398.500 130540.500 -11.107
388398.500 130541.500 -11.160
388398.500 130542.500 -11.162
388398.500 130543.500 -11.202
388398.500 130544.500 -11.217
388398.500 130545.500 -11.233
388398.500 130546.500 -11.263
388398.500 130547.500 -11.290
388398.500 130548.500 -11.285
388398.500 130549.500 -11.277
388398.500 130550.500 -11.277
388398.500 130551.500 -11.275
388398.500 130552.500 -11.282
388398.500 130553.500 -11.277
388398.500 130554.500 -11.300
388398.500 130555.500 -11.315
388398.500 130556.500 -11.325
388398.500 130557.500 -11.322
388398.500 130558.500 -11.330
388398.500 130559.500 -11.330
388398.500 130560.500 -11.325
388398.500 130561.500 -11.343
388398.500 130562.500 -11.352
388398.500 130563.500 -11.348
388398.500 130564.500 -11.325
388398.500 130565.500 -11.317
388398.500 130566.500 -11.323
388398.500 130567.500 -11.315
388398.500 130568.500 -11.310
388398.500 130569.500 -11.285
388398.500 130570.500 -11.268
388398.500 130571.500 -11.283
388398.500 130572.500 -11.300
388398.500 130573.500 -11.287
388398.500 130574.500 -11.265
388398.500 130575.500 -11.272
388398.500 130576.500 -11.270
388398.500 130577.500 -11.255
388398.500 130578.500 -11.248
388398.500 130579.500 -11.240
388398.500 130580.500 -11.245
388398.500 130581.500 -11.245
388398.500 130582.500 -11.225
388398.500 130583.500 -11.220
388398.500 130584.500 -11.205
388398.500 130585.500 -11.215
388398.500 130586.500 -11.222
388398.500 130587.500 -11.237
388398.500 130588.500 -11.255
388398.500 130589.500 -11.270
388398.500 130590.500 -11.283
388398.500 130591.500 -11.330
388399.500 130481.500 -10.585
388399.500 130482.500 -10.545
388399.500 130483.500 -10.530
388399.500 130484.500 -10.512
388399.500 130485.500 -10.477
388399.500 130486.500 -10.455
388399.500 130487.500 -10.452
388399.500 130488.500 -10.465
388399.500 130489.500 -10.480
388399.500 130490.500 -10.502
388399.500 130491.500 -10.532
388399.500 130492.500 -10.555
388399.500 130493.500 -10.580
388399.500 130494.500 -10.572
388399.500 130495.500 -10.572
388399.500 130496.500 -10.600
388399.500 130497.500 -10.615
388399.500 130498.500 -10.610
388399.500 130499.500 -10.612
388399.500 130500.500 -10.625
388399.500 130501.500 -10.668
388399.500 130502.500 -10.697
388399.500 130503.500 -10.717
388399.500 130504.500 -10.727
388399.500 130505.500 -10.740
388399.500 130506.500 -10.732
388399.500 130507.500 -10.763
388399.500 130508.500 -10.787
388399.500 130509.500 -10.800
388399.500 130510.500 -10.812
388399.500 130511.500 -10.840
388399.500 130512.500 -10.865
388399.500 130513.500 -10.875
388399.500 130514.500 -10.875
388399.500 130515.500 -10.882
388399.500 130516.500 -10.902
388399.500 130517.500 -10.930
388399.500 130518.500 -10.945
388399.500 130519.500 -10.937
388399.500 130520.500 -10.925
388399.500 130521.500 -10.890
388399.500 130522.500 -10.857
388399.500 130523.500 -10.817
388399.500 130524.500 -10.925
388399.500 130525.500 -10.982
388399.500 130526.500 -10.980
388399.500 130527.500 -11.013
388399.500 130528.500 -11.027
388399.500 130529.500 -11.043
388399.500 130530.500 -11.060
388399.500 130531.500 -11.047
388399.500 130532.500 -11.022
388399.500 130533.500 -10.967
388399.500 130534.500 -10.942
388399.500 130535.500 -10.965
388399.500 130536.500 -11.005
388399.500 130537.500 -11.040
388399.500 130538.500 -11.027
388399.500 130539.500 -11.032
388399.500 130540.500 -11.060
388399.500 130541.500 -11.125
388399.500 130542.500 -11.150
388399.500 130543.500 -11.193
388399.500 130544.500 -11.220
388399.500 130545.500 -11.225
388399.500 130546.500 -11.250
388399.500 130547.500 -11.307
388399.500 130548.500 -11.305
388399.500 130549.500 -11.285
388399.500 130550.500 -11.265
388399.500 130551.500 -11.242
388399.500 130552.500 -11.250
388399.500 130553.500 -11.270
388399.500 130554.500 -11.280
388399.500 130555.500 -11.317
388399.500 130556.500 -11.318
388399.500 130557.500 -11.307
388399.500 130558.500 -11.327
388399.500 130559.500 -11.333
388399.500 130560.500 -11.352
388399.500 130561.500 -11.350
388399.500 130562.500 -11.360
388399.500 130563.500 -11.367
388399.500 130564.500 -11.347
388399.500 130565.500 -11.342
388399.500 130566.500 -11.345
388399.500 130567.500 -11.347
388399.500 130568.500 -11.333
388399.500 130569.500 -11.297
388399.500 130570.500 -11.307
388399.500 130571.500 -11.315
388399.500 130572.500 -11.330
388399.500 130573.500 -11.310
388399.500 130574.500 -11.290
388399.500 130575.500 -11.282
388399.500 130576.500 -11.280
388399.500 130577.500 -11.262
388399.500 130578.500 -11.250
388399.500 130579.500 -11.255
388399.500 130580.500 -11.263
388399.500 130581.500 -11.250
388399.500 130582.500 -11.240
388399.500 130583.500 -11.232
388399.500 130584.500 -11.220
388399.500 130585.500 -11.233
388399.500 130586.500 -11.225
388399.500 130587.500 -11.235
388399.500 130588.500 -11.252
388399.500 130589.500 -11.275
388399.500 130590.500 -11.298
388399.500 130591.500 -11.320
388400.500 130481.500 -10.572
388400.500 130482.500 -10.553
388400.500 130483.500 -10.525
388400.500 130484.500 -10.527
388400.500 130485.500 -10.505
388400.500 130486.500 -10.480
388400.500 130487.500 -10.475
388400.500 130488.500 -10.475
388400.500 130489.500 -10.478
388400.500 130490.500 -10.488
388400.500 130491.500 -10.525
388400.500 130492.500 -10.542
388400.500 130493.500 -10.562
388400.500 130494.500 -10.570
388400.500 130495.500 -10.560
388400.500 130496.500 -10.578
388400.500 130497.500 -10.585
388400.500 130498.500 -10.583
388400.500 130499.500 -10.593
388400.500 130500.500 -10.607
388400.500 130501.500 -10.632
388400.500 130502.500 -10.675
388400.500 130503.500 -10.695
388400.500 130504.500 -10.695
388400.500 130505.500 -10.710
388400.500 130506.500 -10.712
388400.500 130507.500 -10.735
388400.500 130508.500 -10.752
388400.500 130509.500 -10.760
388400.500 130510.500 -10.782
388400.500 130511.500 -10.807
388400.500 130512.500 -10.823
388400.500 130513.500 -10.820
388400.500 130514.500 -10.820
388400.500 130515.500 -10.820
388400.500 130516.500 -10.852
388400.500 130517.500 -10.885
388400.500 130518.500 -10.895
388400.500 130519.500 -10.905
388400.500 130520.500 -10.910
388400.500 130521.500 -10.885
388400.500 130522.500 -10.860
388400.500 130523.500 -10.842
388400.500 130524.500 -10.902
388400.500 130525.500 -10.910
388400.500 130526.500 -10.922
388400.500 130527.500 -10.955
388400.500 130528.500 -10.980
388400.500 130529.500 -10.990
388400.500 130530.500 -11.020
388400.500 130531.500 -11.053
388400.500 130532.500 -11.055
388400.500 130533.500 -11.000
388400.500 130534.500 -10.940
388400.500 130535.500 -10.908
388400.500 130536.500 -10.982
388400.500 130537.500 -11.042
388400.500 130538.500 -11.040
388400.500 130539.500 -11.040
388400.500 130540.500 -11.070
388400.500 130541.500 -11.090
388400.500 130542.500 -11.137
388400.500 130543.500 -11.185
388400.500 130544.500 -11.220
388400.500 130545.500 -11.222
388400.500 130546.500 -11.238
388400.500 130547.500 -11.290
388400.500 130548.500 -11.305
388400.500 130549.500 -11.267
388400.500 130550.500 -11.242
388400.500 130551.500 -11.230
388400.500 130552.500 -11.245
388400.500 130553.500 -11.268
388400.500 130554.500 -11.287
388400.500 130555.500 -11.303
388400.500 130556.500 -11.300
388400.500 130557.500 -11.290
388400.500 130558.500 -11.305
388400.500 130559.500 -11.317
388400.500 130560.500 -11.335
388400.500 130561.500 -11.357
388400.500 130562.500 -11.377
388400.500 130563.500 -11.377
388400.500 130564.500 -11.373
388400.500 130565.500 -11.377
388400.500 130566.500 -11.362
388400.500 130567.500 -11.377
388400.500 130568.500 -11.355
388400.500 130569.500 -11.330
388400.500 130570.500 -11.338
388400.500 130571.500 -11.345
388400.500 130572.500 -11.348
388400.500 130573.500 -11.340
388400.500 130574.500 -11.325
388400.500 130575.500 -11.303
388400.500 130576.500 -11.305
388400.500 130577.500 -11.282
388400.500 130578.500 -11.275
388400.500 130579.500 -11.265
388400.500 130580.500 -11.260
388400.500 130581.500 -11.252
388400.500 130582.500 -11.240
388400.500 130583.500 -11.250
388400.500 130584.500 -11.233
388400.500 130585.500 -11.230
388400.500 130586.500 -11.238
388400.500 130587.500 -11.247
388400.500 130588.500 -11.255
388400.500 130589.500 -11.277
388400.500 130590.500 -11.285
388400.500 130591.500 -11.308
388401.500 130480.500 -10.558
388401.500 130481.500 -10.555
388401.500 130482.500 -10.542
388401.500 130483.500 -10.508
388401.500 130484.500 -10.510
388401.500 130485.500 -10.515
388401.500 130486.500 -10.505
388401.500 130487.500 -10.498
388401.500 130488.500 -10.490
388401.500 130489.500 -10.497
388401.500 130490.500 -10.518
388401.500 130491.500 -10.520
388401.500 130492.500 -10.513
388401.500 130493.500 -10.540
388401.500 130494.500 -10.547
388401.500 130495.500 -10.545
388401.500 130496.500 -10.550
388401.500 130497.500 -10.562
388401.500 130498.500 -10.578
388401.500 130499.500 -10.585
388401.500 130500.500 -10.588
388401.500 130501.500 -10.602
388401.500 130502.500 -10.632
388401.500 130503.500 -10.650
388401.500 130504.500 -10.668
388401.500 130505.500 -10.682
388401.500 130506.500 -10.697
388401.500 130507.500 -10.717
388401.500 130508.500 -10.725
388401.500 130509.500 -10.740
388401.500 130510.500 -10.758
388401.500 130511.500 -10.755
388401.500 130512.500 -10.777
388401.500 130513.500 -10.785
388401.500 130514.500 -10.758
388401.500 130515.500 -10.763
388401.500 130516.500 -10.815
388401.500 130517.500 -10.860
388401.500 130518.500 -10.885
388401.500 130519.500 -10.893
388401.500 130520.500 -10.885
388401.500 130521.500 -10.875
388401.500 130522.500 -10.857
388401.500 130523.500 -10.852
388401.500 130524.500 -10.857
388401.500 130525.500 -10.865
388401.500 130526.500 -10.912
388401.500 130527.500 -10.950
388401.500 130528.500 -10.990
388401.500 130529.500 -11.005
388401.500 130530.500 -11.047
388401.500 130531.500 -11.062
388401.500 130532.500 -11.068
388401.500 130533.500 -11.037
388401.500 130534.500 -10.990
388401.500 130535.500 -10.957
388401.500 130536.500 -10.985
388401.500 130537.500 -11.055
388401.500 130538.500 -11.100
388401.500 130539.500 -11.105
388401.500 130540.500 -11.107
388401.500 130541.500 -11.092
388401.500 130542.500 -11.117
388401.500 130543.500 -11.167
388401.500 130544.500 -11.217
388401.500 130545.500 -11.215
388401.500 130546.500 -11.228
388401.500 130547.500 -11.260
388401.500 130548.500 -11.280
388401.500 130549.500 -11.262
388401.500 130550.500 -11.255
388401.500 130551.500 -11.238
388401.500 130552.500 -11.252
388401.500 130553.500 -11.272
388401.500 130554.500 -11.282
388401.500 130555.500 -11.300
388401.500 130556.500 -11.305
388401.500 130557.500 -11.290
388401.500 130558.500 -11.277
388401.500 130559.500 -11.305
388401.500 130560.500 -11.328
388401.500 130561.500 -11.362
388401.500 130562.500 -11.380
388401.500 130563.500 -11.377
388401.500 130564.500 -11.393
388401.500 130565.500 -11.377
388401.500 130566.500 -11.375
388401.500 130567.500 -11.390
388401.500 130568.500 -11.372
388401.500 130569.500 -11.350
388401.500 130570.500 -11.348
388401.500 130571.500 -11.360
388401.500 130572.500 -11.362
388401.500 130573.500 -11.360
388401.500 130574.500 -11.352
388401.500 130575.500 -11.327
388401.500 130576.500 -11.315
388401.500 130577.500 -11.300
388401.500 130578.500 -11.292
388401.500 130579.500 -11.280
388401.500 130580.500 -11.277
388401.500 130581.500 -11.265
388401.500 130582.500 -11.250
388401.500 130583.500 -11.245
388401.500 130584.500 -11.245
388401.500 130585.500 -11.247
388401.500 130586.500 -11.245
388401.500 130587.500 -11.250
388401.500 130588.500 -11.257
388401.500 130589.500 -11.280
388401.500 130590.500 -11.275
388401.500 130591.500 -11.303
388402.500 130479.500 -10.540
388402.500 130480.500 -10.543
388402.500 130481.500 -10.537
388402.500 130482.500 -10.512
388402.500 130483.500 -10.500
388402.500 130484.500 -10.502
388402.500 130485.500 -10.510
388402.500 130486.500 -10.502
388402.500 130487.500 -10.478
388402.500 130488.500 -10.467
388402.500 130489.500 -10.477
388402.500 130490.500 -10.495
388402.500 130491.500 -10.482
388402.500 130492.500 -10.467
388402.500 130493.500 -10.505
388402.500 130494.500 -10.525
388402.500 130495.500 -10.522
388402.500 130496.500 -10.530
388402.500 130497.500 -10.542
388402.500 130498.500 -10.553
388402.500 130499.500 -10.560
388402.500 130500.500 -10.562
388402.500 130501.500 -10.570
388402.500 130502.500 -10.590
388402.500 130503.500 -10.612
388402.500 130504.500 -10.643
388402.500 130505.500 -10.650
388402.500 130506.500 -10.662
388402.500 130507.500 -10.678
388402.500 130508.500 -10.685
388402.500 130509.500 -10.715
388402.500 130510.500 -10.713
388402.500 130511.500 -10.735
388402.500 130512.500 -10.750
388402.500 130513.500 -10.732
388402.500 130514.500 -10.703
388402.500 130515.500 -10.727
388402.500 130516.500 -10.790
388402.500 130517.500 -10.825
388402.500 130518.500 -10.852
388402.500 130519.500 -10.867
388402.500 130520.500 -10.867
388402.500 130521.500 -10.867
388402.500 130522.500 -10.865
388402.500 130523.500 -10.857
388402.500 130524.500 -10.833
388402.500 130525.500 -10.837
388402.500 130526.500 -10.915
388402.500 130527.500 -10.975
388402.500 130528.500 -10.998
388402.500 130529.500 -11.007
388402.500 130530.500 -11.040
388402.500 130531.500 -11.045
388402.500 130532.500 -11.033
388402.500 130533.500 -11.022
388402.500 130534.500 -11.013
388402.500 130535.500 -11.000
388402.500 130536.500 -11.008
388402.500 130537.500 -11.052
388402.500 130538.500 -11.113
388402.500 130539.500 -11.155
388402.500 130540.500 -11.162
388402.500 130541.500 -11.098
388402.500 130542.500 -11.098
388402.500 130543.500 -11.165
388402.500 130544.500 -11.203
388402.500 130545.500 -11.223
388402.500 130546.500 -11.232
388402.500 130547.500 -11.252
388402.500 130548.500 -11.272
388402.500 130549.500 -11.277
388402.500 130550.500 -11.263
388402.500 130551.500 -11.250
388402.500 130552.500 -11.248
388402.500 130553.500 -11.270
388402.500 130554.500 -11.285
388402.500 130555.500 -11.285
388402.500 130556.500 -11.295
388402.500 130557.500 -11.277
388402.500 130558.500 -11.280
388402.500 130559.500 -11.300
388402.500 130560.500 -11.330
388402.500 130561.500 -11.357
388402.500 130562.500 -11.367
388402.500 130563.500 -11.395
388402.500 130564.500 -11.400
388402.500 130565.500 -11.387
388402.500 130566.500 -11.377
388402.500 130567.500 -11.377
388402.500 130568.500 -11.365
388402.500 130569.500 -11.348
388402.500 130570.500 -11.365
388402.500 130571.500 -11.373
388402.500 130572.500 -11.383
388402.500 130573.500 -11.375
388402.500 130574.500 -11.375
388402.500 130575.500 -11.367
388402.500 130576.500 -11.333
388402.500 130577.500 -11.322
388402.500 130578.500 -11.308
388402.500 130579.500 -11.305
388402.500 130580.500 -11.287
388402.500 130581.500 -11.270
388402.500 130582.500 -11.255
388402.500 130583.500 -11.260
388402.500 130584.500 -11.268
388402.500 130585.500 -11.260
388402.500 130586.500 -11.252
388402.500 130587.500 -11.238
388402.500 130588.500 -11.255
388402.500 130589.500 -11.272
388402.500 130590.500 -11.268
388402.500 130591.500 -11.303
388403.500 130479.500 -10.542
388403.500 130480.500 -10.533
388403.500 130481.500 -10.507
388403.500 130482.500 -10.467
388403.500 130483.500 -10.467
388403.500 130484.500 -10.490
388403.500 130485.500 -10.475
388403.500 130486.500 -10.472
388403.500 130487.500 -10.453
388403.500 130488.500 -10.438
388403.500 130489.500 -10.450
388403.500 130490.500 -10.455
388403.500 130491.500 -10.457
388403.500 130492.500 -10.435
388403.500 130493.500 -10.490
388403.500 130494.500 -10.518
388403.500 130495.500 -10.510
388403.500 130496.500 -10.508
388403.500 130497.500 -10.510
388403.500 130498.500 -10.525
388403.500 130499.500 -10.535
388403.500 130500.500 -10.535
388403.500 130501.500 -10.545
388403.500 130502.500 -10.548
388403.500 130503.500 -10.565
388403.500 130504.500 -10.595
388403.500 130505.500 -10.615
388403.500 130506.500 -10.617
388403.500 130507.500 -10.645
388403.500 130508.500 -10.662
388403.500 130509.500 -10.677
388403.500 130510.500 -10.660
388403.500 130511.500 -10.697
388403.500 130512.500 -10.688
388403.500 130513.500 -10.670
388403.500 130514.500 -10.650
388403.500 130515.500 -10.700
388403.500 130516.500 -10.758
388403.500 130517.500 -10.790
388403.500 130518.500 -10.832
388403.500 130519.500 -10.865
388403.500 130520.500 -10.865
388403.500 130521.500 -10.867
388403.500 130522.500 -10.870
388403.500 130523.500 -10.855
388403.500 130524.500 -10.848
388403.500 130525.500 -10.867
388403.500 130526.500 -10.910
388403.500 130527.500 -10.960
388403.500 130528.500 -10.980
388403.500 130529.500 -10.975
388403.500 130530.500 -11.020
388403.500 130531.500 -11.023
388403.500 130532.500 -11.005
388403.500 130533.500 -10.975
388403.500 130534.500 -10.950
388403.500 130535.500 -10.978
388403.500 130536.500 -11.012
388403.500 130537.500 -11.070
388403.500 130538.500 -11.110
388403.500 130539.500 -11.145
388403.500 130540.500 -11.188
388403.500 130541.500 -11.150
388403.500 130542.500 -11.127
388403.500 130543.500 -11.172
388403.500 130544.500 -11.202
388403.500 130545.500 -11.227
388403.500 130546.500 -11.250
388403.500 130547.500 -11.262
388403.500 130548.500 -11.280
388403.500 130549.500 -11.300
388403.500 130550.500 -11.292
388403.500 130551.500 -11.263
388403.500 130552.500 -11.270
388403.500 130553.500 -11.283
388403.500 130554.500 -11.287
388403.500 130555.500 -11.295
388403.500 130556.500 -11.300
388403.500 130557.500 -11.308
388403.500 130558.500 -11.285
388403.500 130559.500 -11.305
388403.500 130560.500 -11.335
388403.500 130561.500 -11.375
388403.500 130562.500 -11.390
388403.500 130563.500 -11.428
388403.500 130564.500 -11.408
388403.500 130565.500 -11.395
388403.500 130566.500 -11.377
388403.500 130567.500 -11.375
388403.500 130568.500 -11.373
388403.500 130569.500 -11.362
388403.500 130570.500 -11.377
388403.500 130571.500 -11.390
388403.500 130572.500 -11.397
388403.500 130573.500 -11.395
388403.500 130574.500 -11.390
388403.500 130575.500 -11.383
388403.500 130576.500 -11.362
388403.500 130577.500 -11.335
388403.500 130578.500 -11.312
388403.500 130579.500 -11.312
388403.500 130580.500 -11.300
388403.500 130581.500 -11.290
388403.500 130582.500 -11.268
388403.500 130583.500 -11.263
388403.500 130584.500 -11.268
388403.500 130585.500 -11.260
388403.500 130586.500 -11.257
388403.500 130587.500 -11.242
388403.500 130588.500 -11.247
388403.500 130589.500 -11.272
388403.500 130590.500 -11.297
388403.500 130591.500 -11.325
388404.500 130478.500 -10.540
388404.500 130479.500 -10.530
388404.500 130480.500 -10.515
388404.500 130481.500 -10.475
388404.500 130482.500 -10.447
388404.500 130483.500 -10.452
388404.500 130484.500 -10.462
388404.500 130485.500 -10.442
388404.500 130486.500 -10.443
388404.500 130487.500 -10.450
388404.500 130488.500 -10.437
388404.500 130489.500 -10.440
388404.500 130490.500 -10.455
388404.500 130491.500 -10.447
388404.500 130492.500 -10.440
388404.500 130493.500 -10.463
388404.500 130494.500 -10.488
388404.500 130495.500 -10.475
388404.500 130496.500 -10.485
388404.500 130497.500 -10.495
388404.500 130498.500 -10.502
388404.500 130499.500 -10.518
388404.500 130500.500 -10.505
388404.500 130501.500 -10.545
388404.500 130502.500 -10.532
388404.500 130503.500 -10.537
388404.500 130504.500 -10.577
388404.500 130505.500 -10.595
388404.500 130506.500 -10.595
388404.500 130507.500 -10.615
388404.500 130508.500 -10.638
388404.500 130509.500 -10.635
388404.500 130510.500 -10.647
388404.500 130511.500 -10.652
388404.500 130512.500 -10.650
388404.500 130513.500 -10.645
388404.500 130514.500 -10.627
388404.500 130515.500 -10.667
388404.500 130516.500 -10.720
388404.500 130517.500 -10.738
388404.500 130518.500 -10.787
388404.500 130519.500 -10.830
388404.500 130520.500 -10.838
388404.500 130521.500 -10.835
388404.500 130522.500 -10.845
388404.500 130523.500 -10.852
388404.500 130524.500 -10.850
388404.500 130525.500 -10.867
388404.500 130526.500 -10.905
388404.500 130527.500 -10.930
388404.500 130528.500 -10.930
388404.500 130529.500 -10.957
388404.500 130530.500 -10.980
388404.500 130531.500 -11.030
388404.500 130532.500 -11.022
388404.500 130533.500 -10.977
388404.500 130534.500 -10.947
388404.500 130535.500 -10.935
388404.500 130536.500 -10.998
388404.500 130537.500 -11.065
388404.500 130538.500 -11.102
388404.500 130539.500 -11.125
388404.500 130540.500 -11.200
388404.500 130541.500 -11.220
388404.500 130542.500 -11.188
388404.500 130543.500 -11.185
388404.500 130544.500 -11.215
388404.500 130545.500 -11.230
388404.500 130546.500 -11.247
388404.500 130547.500 -11.250
388404.500 130548.500 -11.280
388404.500 130549.500 -11.312
388404.500 130550.500 -11.303
388404.500 130551.500 -11.290
388404.500 130552.500 -11.282
388404.500 130553.500 -11.315
388404.500 130554.500 -11.327
388404.500 130555.500 -11.327
388404.500 130556.500 -11.325
388404.500 130557.500 -11.325
388404.500 130558.500 -11.305
388404.500 130559.500 -11.325
388404.500 130560.500 -11.357
388404.500 130561.500 -11.380
388404.500 130562.500 -11.405
388404.500 130563.500 -11.418
388404.500 130564.500 -11.410
388404.500 130565.500 -11.405
388404.500 130566.500 -11.393
388404.500 130567.500 -11.393
388404.500 130568.500 -11.397
388404.500 130569.500 -11.392
388404.500 130570.500 -11.388
388404.500 130571.500 -11.393
388404.500 130572.500 -11.405
388404.500 130573.500 -11.410
388404.500 130574.500 -11.395
388404.500 130575.500 -11.395
388404.500 130576.500 -11.385
388404.500 130577.500 -11.332
388404.500 130578.500 -11.312
388404.500 130579.500 -11.312
388404.500 130580.500 -11.303
388404.500 130581.500 -11.292
388404.500 130582.500 -11.292
388404.500 130583.500 -11.287
388404.500 130584.500 -11.282
388404.500 130585.500 -11.277
388404.500 130586.500 -11.270
388404.500 130587.500 -11.257
388404.500 130588.500 -11.255
388404.500 130589.500 -11.277
388404.500 130590.500 -11.315
388404.500 130591.500 -11.343
388405.500 130477.500 -10.522
388405.500 130478.500 -10.518
388405.500 130479.500 -10.505
388405.500 130480.500 -10.478
388405.500 130481.500 -10.462
388405.500 130482.500 -10.443
388405.500 130483.500 -10.438
388405.500 130484.500 -10.435
388405.500 130485.500 -10.452
388405.500 130486.500 -10.438
388405.500 130487.500 -10.440
388405.500 130488.500 -10.447
388405.500 130489.500 -10.442
388405.500 130490.500 -10.445
388405.500 130491.500 -10.435
388405.500 130492.500 -10.430
388405.500 130493.500 -10.440
388405.500 130494.500 -10.445
388405.500 130495.500 -10.457
388405.500 130496.500 -10.460
388405.500 130497.500 -10.460
388405.500 130498.500 -10.477
388405.500 130499.500 -10.487
388405.500 130500.500 -10.482
388405.500 130501.500 -10.500
388405.500 130502.500 -10.518
388405.500 130503.500 -10.518
388405.500 130504.500 -10.537
388405.500 130505.500 -10.560
388405.500 130506.500 -10.583
388405.500 130507.500 -10.595
388405.500 130508.500 -10.597
388405.500 130509.500 -10.595
388405.500 130510.500 -10.602
388405.500 130511.500 -10.617
388405.500 130512.500 -10.653
388405.500 130513.500 -10.630
388405.500 130514.500 -10.602
388405.500 130515.500 -10.627
388405.500 130516.500 -10.665
388405.500 130517.500 -10.718
388405.500 130518.500 -10.752
388405.500 130519.500 -10.775
388405.500 130520.500 -10.792
388405.500 130521.500 -10.807
388405.500 130522.500 -10.815
388405.500 130523.500 -10.840
388405.500 130524.500 -10.828
388405.500 130525.500 -10.838
388405.500 130526.500 -10.875
388405.500 130527.500 -10.882
388405.500 130528.500 -10.888
388405.500 130529.500 -10.930
388405.500 130530.500 -10.970
388405.500 130531.500 -11.018
388405.500 130532.500 -11.032
388405.500 130533.500 -11.000
388405.500 130534.500 -10.980
388405.500 130535.500 -10.985
388405.500 130536.500 -10.995
388405.500 130537.500 -11.040
388405.500 130538.500 -11.072
388405.500 130539.500 -11.102
388405.500 130540.500 -11.193
388405.500 130541.500 -11.250
388405.500 130542.500 -11.230
388405.500 130543.500 -11.192
388405.500 130544.500 -11.202
388405.500 130545.500 -11.220
388405.500 130546.500 -11.230
388405.500 130547.500 -11.232
388405.500 130548.500 -11.265
388405.500 130549.500 -11.322
388405.500 130550.500 -11.320
388405.500 130551.500 -11.318
388405.500 130552.500 -11.292
388405.500 130553.500 -11.320
388405.500 130554.500 -11.325
388405.500 130555.500 -11.322
388405.500 130556.500 -11.325
388405.500 130557.500 -11.307
388405.500 130558.500 -11.308
388405.500 130559.500 -11.335
388405.500 130560.500 -11.355
388405.500 130561.500 -11.385
388405.500 130562.500 -11.400
388405.500 130563.500 -11.400
388405.500 130564.500 -11.402
388405.500 130565.500 -11.410
388405.500 130566.500 -11.403
388405.500 130567.500 -11.408
388405.500 130568.500 -11.400
388405.500 130569.500 -11.400
388405.500 130570.500 -11.397
388405.500 130571.500 -11.403
388405.500 130572.500 -11.425
388405.500 130573.500 -11.418
388405.500 130574.500 -11.415
388405.500 130575.500 -11.425
388405.500 130576.500 -11.418
388405.500 130577.500 -11.372
388405.500 130578.500 -11.338
388405.500 130579.500 -11.320
388405.500 130580.500 -11.310
388405.500 130581.500 -11.300
388405.500 130582.500 -11.305
388405.500 130583.500 -11.292
388405.500 130584.500 -11.287
388405.500 130585.500 -11.287
388405.500 130586.500 -11.282
388405.500 130587.500 -11.285
388405.500 130588.500 -11.290
388405.500 130589.500 -11.303
388405.500 130590.500 -11.335
388405.500 130591.500 -11.345
388406.500 130477.500 -10.488
388406.500 130478.500 -10.490
388406.500 130479.500 -10.477
388406.500 130480.500 -10.472
388406.500 130481.500 -10.457
388406.500 130482.500 -10.440
388406.500 130483.500 -10.415
388406.500 130484.500 -10.408
388406.500 130485.500 -10.420
388406.500 130486.500 -10.425
388406.500 130487.500 -10.422
388406.500 130488.500 -10.418
388406.500 130489.500 -10.420
388406.500 130490.500 -10.435
388406.500 130491.500 -10.422
388406.500 130492.500 -10.420
388406.500 130493.500 -10.415
388406.500 130494.500 -10.412
388406.500 130495.500 -10.435
388406.500 130496.500 -10.432
388406.500 130497.500 -10.428
388406.500 130498.500 -10.440
388406.500 130499.500 -10.440
388406.500 130500.500 -10.455
388406.500 130501.500 -10.470
388406.500 130502.500 -10.510
388406.500 130503.500 -10.510
388406.500 130504.500 -10.522
388406.500 130505.500 -10.522
388406.500 130506.500 -10.553
388406.500 130507.500 -10.565
388406.500 130508.500 -10.577
388406.500 130509.500 -10.578
388406.500 130510.500 -10.588
388406.500 130511.500 -10.612
388406.500 130512.500 -10.622
388406.500 130513.500 -10.610
388406.500 130514.500 -10.620
388406.500 130515.500 -10.630
388406.500 130516.500 -10.670
388406.500 130517.500 -10.690
388406.500 130518.500 -10.717
388406.500 130519.500 -10.730
388406.500 130520.500 -10.732
388406.500 130521.500 -10.757
388406.500 130522.500 -10.797
388406.500 130523.500 -10.815
388406.500 130524.500 -10.790
388406.500 130525.500 -10.795
388406.500 130526.500 -10.848
388406.500 130527.500 -10.860
388406.500 130528.500 -10.840
388406.500 130529.500 -10.865
388406.500 130530.500 -10.920
388406.500 130531.500 -10.990
388406.500 130532.500 -11.027
388406.500 130533.500 -11.020
388406.500 130534.500 -11.025
388406.500 130535.500 -11.037
388406.500 130536.500 -11.027
388406.500 130537.500 -11.068
388406.500 130538.500 -11.060
388406.500 130539.500 -10.915
388406.500 130540.500 -10.940
388406.500 130541.500 -11.142
388406.500 130542.500 -11.202
388406.500 130543.500 -11.170
388406.500 130544.500 -11.162
388406.500 130545.500 -11.177
388406.500 130546.500 -11.200
388406.500 130547.500 -11.213
388406.500 130548.500 -11.248
388406.500 130549.500 -11.312
388406.500 130550.500 -11.320
388406.500 130551.500 -11.312
388406.500 130552.500 -11.290
388406.500 130553.500 -11.310
388406.500 130554.500 -11.322
388406.500 130555.500 -11.327
388406.500 130556.500 -11.320
388406.500 130557.500 -11.298
388406.500 130558.500 -11.347
388406.500 130559.500 -11.355
388406.500 130560.500 -11.362
388406.500 130561.500 -11.380
388406.500 130562.500 -11.385
388406.500 130563.500 -11.382
388406.500 130564.500 -11.387
388406.500 130565.500 -11.412
388406.500 130566.500 -11.430
388406.500 130567.500 -11.418
388406.500 130568.500 -11.415
388406.500 130569.500 -11.412
388406.500 130570.500 -11.393
388406.500 130571.500 -11.415
388406.500 130572.500 -11.438
388406.500 130573.500 -11.425
388406.500 130574.500 -11.417
388406.500 130575.500 -11.428
388406.500 130576.500 -11.432
388406.500 130577.500 -11.395
388406.500 130578.500 -11.357
388406.500 130579.500 -11.332
388406.500 130580.500 -11.332
388406.500 130581.500 -11.303
388406.500 130582.500 -11.312
388406.500 130583.500 -11.312
388406.500 130584.500 -11.310
388406.500 130585.500 -11.303
388406.500 130586.500 -11.290
388406.500 130587.500 -11.300
388406.500 130588.500 -11.307
388406.500 130589.500 -11.322
388406.500 130590.500 -11.338
388406.500 130591.500 -11.350
388407.500 130476.500 -10.467
388407.500 130477.500 -10.460
388407.500 130478.500 -10.465
388407.500 130479.500 -10.440
388407.500 130480.500 -10.442
388407.500 130481.500 -10.438
388407.500 130482.500 -10.420
388407.500 130483.500 -10.388
388407.500 130484.500 -10.382
388407.500 130485.500 -10.400
388407.500 130486.500 -10.418
388407.500 130487.500 -10.415
388407.500 130488.500 -10.402
388407.500 130489.500 -10.410
388407.500 130490.500 -10.408
388407.500 130491.500 -10.393
388407.500 130492.500 -10.400
388407.500 130493.500 -10.397
388407.500 130494.500 -10.400
388407.500 130495.500 -10.408
388407.500 130496.500 -10.410
388407.500 130497.500 -10.400
388407.500 130498.500 -10.410
388407.500 130499.500 -10.422
388407.500 130500.500 -10.432
388407.500 130501.500 -10.438
388407.500 130502.500 -10.467
388407.500 130503.500 -10.498
388407.500 130504.500 -10.515
388407.500 130505.500 -10.515
388407.500 130506.500 -10.502
388407.500 130507.500 -10.537
388407.500 130508.500 -10.543
388407.500 130509.500 -10.553
388407.500 130510.500 -10.550
388407.500 130511.500 -10.575
388407.500 130512.500 -10.575
388407.500 130513.500 -10.592
388407.500 130514.500 -10.610
388407.500 130515.500 -10.615
388407.500 130516.500 -10.655
388407.500 130517.500 -10.665
388407.500 130518.500 -10.675
388407.500 130519.500 -10.683
388407.500 130520.500 -10.672
388407.500 130521.500 -10.710
388407.500 130522.500 -10.770
388407.500 130523.500 -10.780
388407.500 130524.500 -10.772
388407.500 130525.500 -10.787
388407.500 130526.500 -10.822
388407.500 130527.500 -10.820
388407.500 130528.500 -10.817
388407.500 130529.500 -10.815
388407.500 130530.500 -10.893
388407.500 130531.500 -10.992
388407.500 130532.500 -11.022
388407.500 130533.500 -11.055
388407.500 130534.500 -11.075
388407.500 130535.500 -11.068
388407.500 130536.500 -11.067
388407.500 130537.500 -11.078
388407.500 130538.500 -11.043
388407.500 130539.500 -10.940
388407.500 130540.500 -10.908
388407.500 130541.500 -11.062
388407.500 130542.500 -11.145
388407.500 130543.500 -11.172
388407.500 130544.500 -11.153
388407.500 130545.500 -11.157
388407.500 130546.500 -11.185
388407.500 130547.500 -11.193
388407.500 130548.500 -11.235
388407.500 130549.500 -11.298
388407.500 130550.500 -11.310
388407.500 130551.500 -11.332
388407.500 130552.500 -11.312
388407.500 130553.500 -11.305
388407.500 130554.500 -11.315
388407.500 130555.500 -11.353
388407.500 130556.500 -11.338
388407.500 130557.500 -11.320
388407.500 130558.500 -11.348
388407.500 130559.500 -11.350
388407.500 130560.500 -11.355
388407.500 130561.500 -11.362
388407.500 130562.500 -11.367
388407.500 130563.500 -11.370
388407.500 130564.500 -11.370
388407.500 130565.500 -11.405
388407.500 130566.500 -11.432
388407.500 130567.500 -11.435
388407.500 130568.500 -11.428
388407.500 130569.500 -11.410
388407.500 130570.500 -11.395
388407.500 130571.500 -11.422
388407.500 130572.500 -11.445
388407.500 130573.500 -11.445
388407.500 130574.500 -11.452
388407.500 130575.500 -11.443
388407.500 130576.500 -11.445
388407.500 130577.500 -11.428
388407.500 130578.500 -11.390
388407.500 130579.500 -11.362
388407.500 130580.500 -11.348
388407.500 130581.500 -11.320
388407.500 130582.500 -11.325
388407.500 130583.500 -11.333
388407.500 130584.500 -11.348
388407.500 130585.500 -11.330
388407.500 130586.500 -11.315
388407.500 130587.500 -11.317
388407.500 130588.500 -11.320
388407.500 130589.500 -11.330
388407.500 130590.500 -11.325
388407.500 130591.500 -11.335
388408.500 130475.500 -10.482
388408.500 130476.500 -10.445
388408.500 130477.500 -10.455
388408.500 130478.500 -10.447
388408.500 130479.500 -10.412
388408.500 130480.500 -10.405
388408.500 130481.500 -10.418
388408.500 130482.500 -10.395
388408.500 130483.500 -10.382
388408.500 130484.500 -10.385
388408.500 130485.500 -10.387
388408.500 130486.500 -10.400
388408.500 130487.500 -10.397
388408.500 130488.500 -10.402
388408.500 130489.500 -10.393
388408.500 130490.500 -10.380
388408.500 130491.500 -10.367
388408.500 130492.500 -10.375
388408.500 130493.500 -10.383
388408.500 130494.500 -10.393
388408.500 130495.500 -10.387
388408.500 130496.500 -10.382
388408.500 130497.500 -10.375
388408.500 130498.500 -10.390
388408.500 130499.500 -10.403
388408.500 130500.500 -10.410
388408.500 130501.500 -10.422
388408.500 130502.500 -10.425
388408.500 130503.500 -10.445
388408.500 130504.500 -10.502
388408.500 130505.500 -10.492
388408.500 130506.500 -10.470
388408.500 130507.500 -10.475
388408.500 130508.500 -10.510
388408.500 130509.500 -10.532
388408.500 130510.500 -10.530
388408.500 130511.500 -10.540
388408.500 130512.500 -10.537
388408.500 130513.500 -10.550
388408.500 130514.500 -10.572
388408.500 130515.500 -10.580
388408.500 130516.500 -10.595
388408.500 130517.500 -10.635
388408.500 130518.500 -10.650
388408.500 130519.500 -10.655
388408.500 130520.500 -10.672
388408.500 130521.500 -10.727
388408.500 130522.500 -10.770
388408.500 130523.500 -10.775
388408.500 130524.500 -10.782
388408.500 130525.500 -10.792
388408.500 130526.500 -10.785
388408.500 130527.500 -10.797
388408.500 130528.500 -10.817
388408.500 130529.500 -10.857
388408.500 130530.500 -10.928
388408.500 130531.500 -10.975
388408.500 130532.500 -11.020
388408.500 130533.500 -11.048
388408.500 130534.500 -11.067
388408.500 130535.500 -11.068
388408.500 130536.500 -11.060
388408.500 130537.500 -11.078
388408.500 130538.500 -11.062
388408.500 130539.500 -11.027
388408.500 130540.500 -11.037
388408.500 130541.500 -11.095
388408.500 130542.500 -11.165
388408.500 130543.500 -11.195
388408.500 130544.500 -11.158
388408.500 130545.500 -11.103
388408.500 130546.500 -11.155
388408.500 130547.500 -11.188
388408.500 130548.500 -11.238
388408.500 130549.500 -11.285
388408.500 130550.500 -11.300
388408.500 130551.500 -11.315
388408.500 130552.500 -11.312
388408.500 130553.500 -11.325
388408.500 130554.500 -11.325
388408.500 130555.500 -11.375
388408.500 130556.500 -11.387
388408.500 130557.500 -11.385
388408.500 130558.500 -11.365
388408.500 130559.500 -11.365
388408.500 130560.500 -11.360
388408.500 130561.500 -11.365
388408.500 130562.500 -11.360
388408.500 130563.500 -11.355
388408.500 130564.500 -11.342
388408.500 130565.500 -11.360
388408.500 130566.500 -11.390
388408.500 130567.500 -11.400
388408.500 130568.500 -11.412
388408.500 130569.500 -11.405
388408.500 130570.500 -11.390
388408.500 130571.500 -11.405
388408.500 130572.500 -11.447
388408.500 130573.500 -11.493
388408.500 130574.500 -11.495
388408.500 130575.500 -11.477
388408.500 130576.500 -11.465
388408.500 130577.500 -11.470
388408.500 130578.500 -11.443
388408.500 130579.500 -11.408
388408.500 130580.500 -11.367
388408.500 130581.500 -11.345
388408.500 130582.500 -11.338
388408.500 130583.500 -11.357
388408.500 130584.500 -11.365
388408.500 130585.500 -11.357
388408.500 130586.500 -11.338
388408.500 130587.500 -11.335
388408.500 130588.500 -11.333
388408.500 130589.500 -11.335
388408.500 130590.500 -11.315
388408.500 130591.500 -11.322
388409.500 130475.500 -10.455
388409.500 130476.500 -10.425
388409.500 130477.500 -10.418
388409.500 130478.500 -10.405
388409.500 130479.500 -10.390
388409.500 130480.500 -10.393
388409.500 130481.500 -10.393
388409.500 130482.500 -10.360
388409.500 130483.500 -10.370
388409.500 130484.500 -10.375
388409.500 130485.500 -10.370
388409.500 130486.500 -10.387
388409.500 130487.500 -10.400
388409.500 130488.500 -10.393
388409.500 130489.500 -10.372
388409.500 130490.500 -10.372
388409.500 130491.500 -10.362
388409.500 130492.500 -10.352
388409.500 130493.500 -10.355
388409.500 130494.500 -10.365
388409.500 130495.500 -10.362
388409.500 130496.500 -10.362
388409.500 130497.500 -10.367
388409.500 130498.500 -10.360
388409.500 130499.500 -10.385
388409.500 130500.500 -10.395
388409.500 130501.500 -10.395
388409.500 130502.500 -10.400
388409.500 130503.500 -10.412
388409.500 130504.500 -10.452
388409.500 130505.500 -10.457
388409.500 130506.500 -10.463
388409.500 130507.500 -10.478
388409.500 130508.500 -10.488
388409.500 130509.500 -10.502
388409.500 130510.500 -10.505
388409.500 130511.500 -10.502
388409.500 130512.500 -10.500
388409.500 130513.500 -10.525
388409.500 130514.500 -10.550
388409.500 130515.500 -10.550
388409.500 130516.500 -10.562
388409.500 130517.500 -10.627
388409.500 130518.500 -10.635
388409.500 130519.500 -10.655
388409.500 130520.500 -10.668
388409.500 130521.500 -10.688
388409.500 130522.500 -10.747
388409.500 130523.500 -10.770
388409.500 130524.500 -10.785
388409.500 130525.500 -10.807
388409.500 130526.500 -10.818
388409.500 130527.500 -10.830
388409.500 130528.500 -10.850
388409.500 130529.500 -10.875
388409.500 130530.500 -10.918
388409.500 130531.500 -10.915
388409.500 130532.500 -10.957
388409.500 130533.500 -11.027
388409.500 130534.500 -11.035
388409.500 130535.500 -11.040
388409.500 130536.500 -11.045
388409.500 130537.500 -11.078
388409.500 130538.500 -11.095
388409.500 130539.500 -11.090
388409.500 130540.500 -11.050
388409.500 130541.500 -11.042
388409.500 130542.500 -11.090
388409.500 130543.500 -11.155
388409.500 130544.500 -11.185
388409.500 130545.500 -11.150
388409.500 130546.500 -11.165
388409.500 130547.500 -11.197
388409.500 130548.500 -11.245
388409.500 130549.500 -11.280
388409.500 130550.500 -11.287
388409.500 130551.500 -11.292
388409.500 130552.500 -11.290
388409.500 130553.500 -11.323
388409.500 130554.500 -11.320
388409.500 130555.500 -11.350
388409.500 130556.500 -11.362
388409.500 130557.500 -11.390
388409.500 130558.500 -11.393
388409.500 130559.500 -11.405
388409.500 130560.500 -11.413
388409.500 130561.500 -11.400
388409.500 130562.500 -11.372
388409.500 130563.500 -11.380
388409.500 130564.500 -11.362
388409.500 130565.500 -11.365
388409.500 130566.500 -11.400
388409.500 130567.500 -11.420
388409.500 130568.500 -11.415
388409.500 130569.500 -11.400
388409.500 130570.500 -11.395
388409.500 130571.500 -11.418
388409.500 130572.500 -11.450
388409.500 130573.500 -11.497
388409.500 130574.500 -11.532
388409.500 130575.500 -11.527
388409.500 130576.500 -11.500
388409.500 130577.500 -11.488
388409.500 130578.500 -11.478
388409.500 130579.500 -11.447
388409.500 130580.500 -11.407
388409.500 130581.500 -11.387
388409.500 130582.500 -11.365
388409.500 130583.500 -11.367
388409.500 130584.500 -11.380
388409.500 130585.500 -11.367
388409.500 130586.500 -11.357
388409.500 130587.500 -11.343
388409.500 130588.500 -11.352
388409.500 130589.500 -11.352
388409.500 130590.500 -11.330
388409.500 130591.500 -11.338
388410.500 130474.500 -10.477
388410.500 130475.500 -10.445
388410.500 130476.500 -10.412
388410.500 130477.500 -10.393
388410.500 130478.500 -10.370
388410.500 130479.500 -10.370
388410.500 130480.500 -10.370
388410.500 130481.500 -10.375
388410.500 130482.500 -10.350
388410.500 130483.500 -10.350
388410.500 130484.500 -10.355
388410.500 130485.500 -10.385
388410.500 130486.500 -10.395
388410.500 130487.500 -10.402
388410.500 130488.500 -10.390
388410.500 130489.500 -10.360
388410.500 130490.500 -10.345
388410.500 130491.500 -10.345
388410.500 130492.500 -10.332
388410.500 130493.500 -10.342
388410.500 130494.500 -10.345
388410.500 130495.500 -10.335
388410.500 130496.500 -10.322
388410.500 130497.500 -10.330
388410.500 130498.500 -10.335
388410.500 130499.500 -10.345
388410.500 130500.500 -10.362
388410.500 130501.500 -10.350
388410.500 130502.500 -10.357
388410.500 130503.500 -10.377
388410.500 130504.500 -10.397
388410.500 130505.500 -10.415
388410.500 130506.500 -10.440
388410.500 130507.500 -10.460
388410.500 130508.500 -10.470
388410.500 130509.500 -10.463
388410.500 130510.500 -10.478
388410.500 130511.500 -10.473
388410.500 130512.500 -10.483
388410.500 130513.500 -10.490
388410.500 130514.500 -10.500
388410.500 130515.500 -10.537
388410.500 130516.500 -10.567
388410.500 130517.500 -10.580
388410.500 130518.500 -10.592
388410.500 130519.500 -10.617
388410.500 130520.500 -10.650
388410.500 130521.500 -10.665
388410.500 130522.500 -10.720
388410.500 130523.500 -10.730
388410.500 130524.500 -10.750
388410.500 130525.500 -10.790
388410.500 130526.500 -10.807
388410.500 130527.500 -10.823
388410.500 130528.500 -10.855
388410.500 130529.500 -10.870
388410.500 130530.500 -10.893
388410.500 130531.500 -10.900
388410.500 130532.500 -10.950
388410.500 130533.500 -10.978
388410.500 130534.500 -11.000
388410.500 130535.500 -11.015
388410.500 130536.500 -11.013
388410.500 130537.500 -11.067
388410.500 130538.500 -11.105
388410.500 130539.500 -11.115
388410.500 130540.500 -11.095
388410.500 130541.500 -11.060
388410.500 130542.500 -11.068
388410.500 130543.500 -11.117
388410.500 130544.500 -11.197
388410.500 130545.500 -11.212
388410.500 130546.500 -11.185
388410.500 130547.500 -11.200
388410.500 130548.500 -11.250
388410.500 130549.500 -11.265
388410.500 130550.500 -11.260
388410.500 130551.500 -11.252
388410.500 130552.500 -11.263
388410.500 130553.500 -11.302
388410.500 130554.500 -11.310
388410.500 130555.500 -11.315
388410.500 130556.500 -11.330
388410.500 130557.500 -11.355
388410.500 130558.500 -11.377
388410.500 130559.500 -11.390
388410.500 130560.500 -11.373
388410.500 130561.500 -11.370
388410.500 130562.500 -11.362
388410.500 130563.500 -11.360
388410.500 130564.500 -11.365
388410.500 130565.500 -11.382
388410.500 130566.500 -11.415
388410.500 130567.500 -11.440
388410.500 130568.500 -11.435
388410.500 130569.500 -11.440
388410.500 130570.500 -11.450
388410.500 130571.500 -11.460
388410.500 130572.500 -11.453
388410.500 130573.500 -11.482
388410.500 130574.500 -11.525
388410.500 130575.500 -11.530
388410.500 130576.500 -11.512
388410.500 130577.500 -11.505
388410.500 130578.500 -11.492
388410.500 130579.500 -11.465
388410.500 130580.500 -11.450
388410.500 130581.500 -11.437
388410.500 130582.500 -11.412
388410.500 130583.500 -11.408
388410.500 130584.500 -11.420
388410.500 130585.500 -11.417
388410.500 130586.500 -11.410
388410.500 130587.500 -11.380
388410.500 130588.500 -11.373
388410.500 130589.500 -11.367
388410.500 130590.500 -11.365
388410.500 130591.500 -11.362
388411.500 130474.500 -10.485
388411.500 130475.500 -10.447
388411.500 130476.500 -10.407
388411.500 130477.500 -10.387
388411.500 130478.500 -10.360
388411.500 130479.500 -10.360
388411.500 130480.500 -10.352
388411.500 130481.500 -10.350
388411.500 130482.500 -10.348
388411.500 130483.500 -10.352
388411.500 130484.500 -10.357
388411.500 130485.500 -10.393
388411.500 130486.500 -10.410
388411.500 130487.500 -10.413
388411.500 130488.500 -10.397
388411.500 130489.500 -10.365
388411.500 130490.500 -10.333
388411.500 130491.500 -10.325
388411.500 130492.500 -10.310
388411.500 130493.500 -10.315
388411.500 130494.500 -10.320
388411.500 130495.500 -10.318
388411.500 130496.500 -10.300
388411.500 130497.500 -10.307
388411.500 130498.500 -10.310
388411.500 130499.500 -10.320
388411.500 130500.500 -10.320
388411.500 130501.500 -10.325
388411.500 130502.500 -10.322
388411.500 130503.500 -10.338
388411.500 130504.500 -10.365
388411.500 130505.500 -10.385
388411.500 130506.500 -10.405
388411.500 130507.500 -10.422
388411.500 130508.500 -10.430
388411.500 130509.500 -10.435
388411.500 130510.500 -10.442
388411.500 130511.500 -10.455
388411.500 130512.500 -10.488
388411.500 130513.500 -10.482
388411.500 130514.500 -10.495
388411.500 130515.500 -10.502
388411.500 130516.500 -10.520
388411.500 130517.500 -10.532
388411.500 130518.500 -10.547
388411.500 130519.500 -10.568
388411.500 130520.500 -10.635
388411.500 130521.500 -10.658
388411.500 130522.500 -10.678
388411.500 130523.500 -10.690
388411.500 130524.500 -10.705
388411.500 130525.500 -10.752
388411.500 130526.500 -10.795
388411.500 130527.500 -10.812
388411.500 130528.500 -10.842
388411.500 130529.500 -10.877
388411.500 130530.500 -10.873
388411.500 130531.500 -10.897
388411.500 130532.500 -10.915
388411.500 130533.500 -10.950
388411.500 130534.500 -10.987
388411.500 130535.500 -11.018
388411.500 130536.500 -11.020
388411.500 130537.500 -11.067
388411.500 130538.500 -11.102
388411.500 130539.500 -11.117
388411.500 130540.500 -11.115
388411.500 130541.500 -11.120
388411.500 130542.500 -11.103
388411.500 130543.500 -11.123
388411.500 130544.500 -11.210
388411.500 130545.500 -11.210
388411.500 130546.500 -11.200
388411.500 130547.500 -11.202
388411.500 130548.500 -11.217
388411.500 130549.500 -11.242
388411.500 130550.500 -11.252
388411.500 130551.500 -11.250
388411.500 130552.500 -11.255
388411.500 130553.500 -11.292
388411.500 130554.500 -11.293
388411.500 130555.500 -11.315
388411.500 130556.500 -11.310
388411.500 130557.500 -11.347
388411.500 130558.500 -11.380
388411.500 130559.500 -11.353
388411.500 130560.500 -11.343
388411.500 130561.500 -11.348
388411.500 130562.500 -11.335
388411.500 130563.500 -11.338
388411.500 130564.500 -11.357
388411.500 130565.500 -11.375
388411.500 130566.500 -11.392
388411.500 130567.500 -11.405
388411.500 130568.500 -11.405
388411.500 130569.500 -11.435
388411.500 130570.500 -11.475
388411.500 130571.500 -11.490
388411.500 130572.500 -11.500
388411.500 130573.500 -11.518
388411.500 130574.500 -11.508
388411.500 130575.500 -11.500
388411.500 130576.500 -11.495
388411.500 130577.500 -11.457
388411.500 130578.500 -11.468
388411.500 130579.500 -11.460
388411.500 130580.500 -11.460
388411.500 130581.500 -11.445
388411.500 130582.500 -11.447
388411.500 130583.500 -11.468
388411.500 130584.500 -11.475
388411.500 130585.500 -11.455
388411.500 130586.500 -11.447
388411.500 130587.500 -11.430
388411.500 130588.500 -11.405
388411.500 130589.500 -11.395
388411.500 130590.500 -11.400
388411.500 130591.500 -11.387
388412.500 130473.500 -10.495
388412.500 130474.500 -10.470
388412.500 130475.500 -10.442
388412.500 130476.500 -10.415
388412.500 130477.500 -10.397
388412.500 130478.500 -10.377
388412.500 130479.500 -10.353
388412.500 130480.500 -10.350
388412.500 130481.500 -10.342
388412.500 130482.500 -10.342
388412.500 130483.500 -10.350
388412.500 130484.500 -10.380
388412.500 130485.500 -10.408
388412.500 130486.500 -10.420
388412.500 130487.500 -10.425
388412.500 130488.500 -10.428
388412.500 130489.500 -10.412
388412.500 130490.500 -10.360
388412.500 130491.500 -10.315
388412.500 130492.500 -10.303
388412.500 130493.500 -10.307
388412.500 130494.500 -10.307
388412.500 130495.500 -10.295
388412.500 130496.500 -10.292
388412.500 130497.500 -10.280
388412.500 130498.500 -10.282
388412.500 130499.500 -10.292
388412.500 130500.500 -10.285
388412.500 130501.500 -10.300
388412.500 130502.500 -10.300
388412.500 130503.500 -10.310
388412.500 130504.500 -10.320
388412.500 130505.500 -10.338
388412.500 130506.500 -10.367
388412.500 130507.500 -10.387
388412.500 130508.500 -10.382
388412.500 130509.500 -10.397
388412.500 130510.500 -10.397
388412.500 130511.500 -10.442
388412.500 130512.500 -10.467
388412.500 130513.500 -10.460
388412.500 130514.500 -10.478
388412.500 130515.500 -10.485
388412.500 130516.500 -10.497
388412.500 130517.500 -10.520
388412.500 130518.500 -10.527
388412.500 130519.500 -10.535
388412.500 130520.500 -10.583
388412.500 130521.500 -10.620
388412.500 130522.500 -10.640
388412.500 130523.500 -10.660
388412.500 130524.500 -10.678
388412.500 130525.500 -10.715
388412.500 130526.500 -10.768
388412.500 130527.500 -10.807
388412.500 130528.500 -10.830
388412.500 130529.500 -10.828
388412.500 130530.500 -10.815
388412.500 130531.500 -10.860
388412.500 130532.500 -10.900
388412.500 130533.500 -10.912
388412.500 130534.500 -10.930
388412.500 130535.500 -10.987
388412.500 130536.500 -11.015
388412.500 130537.500 -11.068
388412.500 130538.500 -11.090
388412.500 130539.500 -11.088
388412.500 130540.500 -11.075
388412.500 130541.500 -11.105
388412.500 130542.500 -11.130
388412.500 130543.500 -11.152
388412.500 130544.500 -11.220
388412.500 130545.500 -11.240
388412.500 130546.500 -11.202
388412.500 130547.500 -11.177
388412.500 130548.500 -11.182
388412.500 130549.500 -11.207
388412.500 130550.500 -11.245
388412.500 130551.500 -11.238
388412.500 130552.500 -11.250
388412.500 130553.500 -11.282
388412.500 130554.500 -11.283
388412.500 130555.500 -11.320
388412.500 130556.500 -11.327
388412.500 130557.500 -11.365
388412.500 130558.500 -11.373
388412.500 130559.500 -11.342
388412.500 130560.500 -11.343
388412.500 130561.500 -11.338
388412.500 130562.500 -11.352
388412.500 130563.500 -11.365
388412.500 130564.500 -11.380
388412.500 130565.500 -11.393
388412.500 130566.500 -11.390
388412.500 130567.500 -11.395
388412.500 130568.500 -11.393
388412.500 130569.500 -11.415
388412.500 130570.500 -11.432
388412.500 130571.500 -11.463
388412.500 130572.500 -11.487
388412.500 130573.500 -11.513
388412.500 130574.500 -11.500
388412.500 130575.500 -11.490
388412.500 130576.500 -11.488
388412.500 130577.500 -11.488
388412.500 130578.500 -11.487
388412.500 130579.500 -11.485
388412.500 130580.500 -11.510
388412.500 130581.500 -11.500
388412.500 130582.500 -11.488
388412.500 130583.500 -11.508
388412.500 130584.500 -11.510
388412.500 130585.500 -11.508
388412.500 130586.500 -11.480
388412.500 130587.500 -11.475
388412.500 130588.500 -11.432
388412.500 130589.500 -11.432
388412.500 130590.500 -11.438
388412.500 130591.500 -11.422
388413.500 130472.500 -10.525
388413.500 130473.500 -10.482
388413.500 130474.500 -10.455
388413.500 130475.500 -10.437
388413.500 130476.500 -10.410
388413.500 130477.500 -10.382
388413.500 130478.500 -10.377
388413.500 130479.500 -10.347
388413.500 130480.500 -10.330
388413.500 130481.500 -10.348
388413.500 130482.500 -10.352
388413.500 130483.500 -10.348
388413.500 130484.500 -10.393
388413.500 130485.500 -10.413
388413.500 130486.500 -10.408
388413.500 130487.500 -10.438
388413.500 130488.500 -10.440
388413.500 130489.500 -10.412
388413.500 130490.500 -10.360
388413.500 130491.500 -10.303
388413.500 130492.500 -10.297
388413.500 130493.500 -10.295
388413.500 130494.500 -10.292
388413.500 130495.500 -10.292
388413.500 130496.500 -10.282
388413.500 130497.500 -10.255
388413.500 130498.500 -10.265
388413.500 130499.500 -10.282
388413.500 130500.500 -10.268
388413.500 130501.500 -10.268
388413.500 130502.500 -10.290
388413.500 130503.500 -10.290
388413.500 130504.500 -10.307
388413.500 130505.500 -10.307
388413.500 130506.500 -10.338
388413.500 130507.500 -10.360
388413.500 130508.500 -10.367
388413.500 130509.500 -10.372
388413.500 130510.500 -10.382
388413.500 130511.500 -10.388
388413.500 130512.500 -10.400
388413.500 130513.500 -10.415
388413.500 130514.500 -10.428
388413.500 130515.500 -10.457
388413.500 130516.500 -10.477
388413.500 130517.500 -10.488
388413.500 130518.500 -10.492
388413.500 130519.500 -10.513
388413.500 130520.500 -10.558
388413.500 130521.500 -10.590
388413.500 130522.500 -10.605
388413.500 130523.500 -10.625
388413.500 130524.500 -10.627
388413.500 130525.500 -10.695
388413.500 130526.500 -10.737
388413.500 130527.500 -10.782
388413.500 130528.500 -10.795
388413.500 130529.500 -10.780
388413.500 130530.500 -10.777
388413.500 130531.500 -10.815
388413.500 130532.500 -10.857
388413.500 130533.500 -10.875
388413.500 130534.500 -10.890
388413.500 130535.500 -10.940
388413.500 130536.500 -10.977
388413.500 130537.500 -11.020
388413.500 130538.500 -11.070
388413.500 130539.500 -11.075
388413.500 130540.500 -11.065
388413.500 130541.500 -11.075
388413.500 130542.500 -11.143
388413.500 130543.500 -11.162
388413.500 130544.500 -11.218
388413.500 130545.500 -11.250
388413.500 130546.500 -11.185
388413.500 130547.500 -11.145
388413.500 130548.500 -11.170
388413.500 130549.500 -11.185
388413.500 130550.500 -11.240
388413.500 130551.500 -11.230
388413.500 130552.500 -11.223
388413.500 130553.500 -11.255
388413.500 130554.500 -11.248
388413.500 130555.500 -11.290
388413.500 130556.500 -11.307
388413.500 130557.500 -11.322
388413.500 130558.500 -11.348
388413.500 130559.500 -11.338
388413.500 130560.500 -11.353
388413.500 130561.500 -11.360
388413.500 130562.500 -11.395
388413.500 130563.500 -11.397
388413.500 130564.500 -11.415
388413.500 130565.500 -11.415
388413.500 130566.500 -11.410
388413.500 130567.500 -11.405
388413.500 130568.500 -11.415
388413.500 130569.500 -11.420
388413.500 130570.500 -11.443
388413.500 130571.500 -11.447
388413.500 130572.500 -11.453
388413.500 130573.500 -11.483
388413.500 130574.500 -11.470
388413.500 130575.500 -11.442
388413.500 130576.500 -11.463
388413.500 130577.500 -11.495
388413.500 130578.500 -11.518
388413.500 130579.500 -11.522
388413.500 130580.500 -11.535
388413.500 130581.500 -11.532
388413.500 130582.500 -11.540
388413.500 130583.500 -11.547
388413.500 130584.500 -11.540
388413.500 130585.500 -11.558
388413.500 130586.500 -11.545
388413.500 130587.500 -11.540
388413.500 130588.500 -11.505
388413.500 130589.500 -11.502
388413.500 130590.500 -11.522
388413.500 130591.500 -11.508
388414.500 130472.500 -10.502
388414.500 130473.500 -10.467
388414.500 130474.500 -10.455
388414.500 130475.500 -10.435
388414.500 130476.500 -10.405
388414.500 130477.500 -10.372
388414.500 130478.500 -10.367
388414.500 130479.500 -10.345
388414.500 130480.500 -10.342
388414.500 130481.500 -10.340
388414.500 130482.500 -10.338
388414.500 130483.500 -10.355
388414.500 130484.500 -10.393
388414.500 130485.500 -10.400
388414.500 130486.500 -10.410
388414.500 130487.500 -10.432
388414.500 130488.500 -10.432
388414.500 130489.500 -10.410
388414.500 130490.500 -10.372
388414.500 130491.500 -10.327
388414.500 130492.500 -10.297
388414.500 130493.500 -10.287
388414.500 130494.500 -10.285
388414.500 130495.500 -10.285
388414.500 130496.500 -10.262
388414.500 130497.500 -10.242
388414.500 130498.500 -10.247
388414.500 130499.500 -10.265
388414.500 130500.500 -10.252
388414.500 130501.500 -10.250
388414.500 130502.500 -10.272
388414.500 130503.500 -10.262
388414.500 130504.500 -10.270
388414.500 130505.500 -10.272
388414.500 130506.500 -10.300
388414.500 130507.500 -10.315
388414.500 130508.500 -10.335
388414.500 130509.500 -10.333
388414.500 130510.500 -10.350
388414.500 130511.500 -10.342
388414.500 130512.500 -10.360
388414.500 130513.500 -10.395
388414.500 130514.500 -10.418
388414.500 130515.500 -10.447
388414.500 130516.500 -10.445
388414.500 130517.500 -10.450
388414.500 130518.500 -10.455
388414.500 130519.500 -10.473
388414.500 130520.500 -10.510
388414.500 130521.500 -10.515
388414.500 130522.500 -10.570
388414.500 130523.500 -10.597
388414.500 130524.500 -10.627
388414.500 130525.500 -10.668
388414.500 130526.500 -10.710
388414.500 130527.500 -10.755
388414.500 130528.500 -10.742
388414.500 130529.500 -10.738
388414.500 130530.500 -10.760
388414.500 130531.500 -10.765
388414.500 130532.500 -10.795
388414.500 130533.500 -10.843
388414.500 130534.500 -10.855
388414.500 130535.500 -10.885
388414.500 130536.500 -10.930
388414.500 130537.500 -10.990
388414.500 130538.500 -11.030
388414.500 130539.500 -11.058
388414.500 130540.500 -11.058
388414.500 130541.500 -11.085
388414.500 130542.500 -11.135
388414.500 130543.500 -11.145
388414.500 130544.500 -11.185
388414.500 130545.500 -11.223
388414.500 130546.500 -11.200
388414.500 130547.500 -11.155
388414.500 130548.500 -11.175
388414.500 130549.500 -11.220
388414.500 130550.500 -11.230
388414.500 130551.500 -11.263
388414.500 130552.500 -11.262
388414.500 130553.500 -11.280
388414.500 130554.500 -11.277
388414.500 130555.500 -11.280
388414.500 130556.500 -11.283
388414.500 130557.500 -11.303
388414.500 130558.500 -11.318
388414.500 130559.500 -11.340
388414.500 130560.500 -11.355
388414.500 130561.500 -11.380
388414.500 130562.500 -11.400
388414.500 130563.500 -11.415
388414.500 130564.500 -11.415
388414.500 130565.500 -11.410
388414.500 130566.500 -11.413
388414.500 130567.500 -11.425
388414.500 130568.500 -11.422
388414.500 130569.500 -11.440
388414.500 130570.500 -11.445
388414.500 130571.500 -11.437
388414.500 130572.500 -11.452
388414.500 130573.500 -11.477
388414.500 130574.500 -11.447
388414.500 130575.500 -11.400
388414.500 130576.500 -11.410
388414.500 130577.500 -11.468
388414.500 130578.500 -11.527
388414.500 130579.500 -11.537
388414.500 130580.500 -11.540
388414.500 130581.500 -11.537
388414.500 130582.500 -11.555
388414.500 130583.500 -11.555
388414.500 130584.500 -11.562
388414.500 130585.500 -11.575
388414.500 130586.500 -11.568
388414.500 130587.500 -11.580
388414.500 130588.500 -11.565
388414.500 130589.500 -11.578
388414.500 130590.500 -11.592
388414.500 130591.500 -11.577
388415.500 130471.500 -10.552
388415.500 130472.500 -10.492
388415.500 130473.500 -10.467
388415.500 130474.500 -10.455
388415.500 130475.500 -10.437
388415.500 130476.500 -10.405
388415.500 130477.500 -10.377
388415.500 130478.500 -10.372
388415.500 130479.500 -10.365
388415.500 130480.500 -10.338
388415.500 130481.500 -10.315
388415.500 130482.500 -10.342
388415.500 130483.500 -10.367
388415.500 130484.500 -10.387
388415.500 130485.500 -10.387
388415.500 130486.500 -10.382
388415.500 130487.500 -10.400
388415.500 130488.500 -10.393
388415.500 130489.500 -10.377
388415.500 130490.500 -10.362
388415.500 130491.500 -10.338
388415.500 130492.500 -10.305
388415.500 130493.500 -10.268
388415.500 130494.500 -10.260
388415.500 130495.500 -10.248
388415.500 130496.500 -10.232
388415.500 130497.500 -10.230
388415.500 130498.500 -10.232
388415.500 130499.500 -10.237
388415.500 130500.500 -10.227
388415.500 130501.500 -10.227
388415.500 130502.500 -10.237
388415.500 130503.500 -10.215
388415.500 130504.500 -10.230
388415.500 130505.500 -10.242
388415.500 130506.500 -10.252
388415.500 130507.500 -10.270
388415.500 130508.500 -10.287
388415.500 130509.500 -10.305
388415.500 130510.500 -10.310
388415.500 130511.500 -10.320
388415.500 130512.500 -10.338
388415.500 130513.500 -10.367
388415.500 130514.500 -10.377
388415.500 130515.500 -10.410
388415.500 130516.500 -10.402
388415.500 130517.500 -10.423
388415.500 130518.500 -10.425
388415.500 130519.500 -10.432
388415.500 130520.500 -10.457
388415.500 130521.500 -10.455
388415.500 130522.500 -10.512
388415.500 130523.500 -10.575
388415.500 130524.500 -10.620
388415.500 130525.500 -10.635
388415.500 130526.500 -10.682
388415.500 130527.500 -10.707
388415.500 130528.500 -10.702
388415.500 130529.500 -10.720
388415.500 130530.500 -10.748
388415.500 130531.500 -10.740
388415.500 130532.500 -10.763
388415.500 130533.500 -10.787
388415.500 130534.500 -10.810
388415.500 130535.500 -10.857
388415.500 130536.500 -10.920
388415.500 130537.500 -10.945
388415.500 130538.500 -10.985
388415.500 130539.500 -11.027
388415.500 130540.500 -11.060
388415.500 130541.500 -11.098
388415.500 130542.500 -11.120
388415.500 130543.500 -11.113
388415.500 130544.500 -11.095
388415.500 130545.500 -11.100
388415.500 130546.500 -11.180
388415.500 130547.500 -11.170
388415.500 130548.500 -11.175
388415.500 130549.500 -11.218
388415.500 130550.500 -11.250
388415.500 130551.500 -11.272
388415.500 130552.500 -11.290
388415.500 130553.500 -11.305
388415.500 130554.500 -11.305
388415.500 130555.500 -11.300
388415.500 130556.500 -11.280
388415.500 130557.500 -11.272
388415.500 130558.500 -11.285
388415.500 130559.500 -11.325
388415.500 130560.500 -11.338
388415.500 130561.500 -11.375
388415.500 130562.500 -11.392
388415.500 130563.500 -11.398
388415.500 130564.500 -11.392
388415.500 130565.500 -11.392
388415.500 130566.500 -11.408
388415.500 130567.500 -11.425
388415.500 130568.500 -11.420
388415.500 130569.500 -11.445
388415.500 130570.500 -11.440
388415.500 130571.500 -11.435
388415.500 130572.500 -11.435
388415.500 130573.500 -11.450
388415.500 130574.500 -11.442
388415.500 130575.500 -11.425
388415.500 130576.500 -11.443
388415.500 130577.500 -11.500
388415.500 130578.500 -11.535
388415.500 130579.500 -11.548
388415.500 130580.500 -11.553
388415.500 130581.500 -11.550
388415.500 130582.500 -11.552
388415.500 130583.500 -11.570
388415.500 130584.500 -11.575
388415.500 130585.500 -11.578
388415.500 130586.500 -11.585
388415.500 130587.500 -11.585
388415.500 130588.500 -11.573
388415.500 130589.500 -11.588
388415.500 130590.500 -11.598
388415.500 130591.500 -11.582
388416.500 130470.500 -10.638
388416.500 130471.500 -10.577
388416.500 130472.500 -10.532
388416.500 130473.500 -10.485
388416.500 130474.500 -10.460
388416.500 130475.500 -10.438
388416.500 130476.500 -10.412
388416.500 130477.500 -10.408
388416.500 130478.500 -10.375
388416.500 130479.500 -10.365
388416.500 130480.500 -10.350
388416.500 130481.500 -10.332
388416.500 130482.500 -10.350
388416.500 130483.500 -10.367
388416.500 130484.500 -10.370
388416.500 130485.500 -10.357
388416.500 130486.500 -10.348
388416.500 130487.500 -10.355
388416.500 130488.500 -10.345
388416.500 130489.500 -10.335
388416.500 130490.500 -10.342
388416.500 130491.500 -10.318
388416.500 130492.500 -10.280
388416.500 130493.500 -10.245
388416.500 130494.500 -10.232
388416.500 130495.500 -10.223
388416.500 130496.500 -10.207
388416.500 130497.500 -10.188
388416.500 130498.500 -10.202
388416.500 130499.500 -10.210
388416.500 130500.500 -10.205
388416.500 130501.500 -10.197
388416.500 130502.500 -10.195
388416.500 130503.500 -10.188
388416.500 130504.500 -10.195
388416.500 130505.500 -10.223
388416.500 130506.500 -10.217
388416.500 130507.500 -10.255
388416.500 130508.500 -10.268
388416.500 130509.500 -10.275
388416.500 130510.500 -10.285
388416.500 130511.500 -10.292
388416.500 130512.500 -10.325
388416.500 130513.500 -10.320
388416.500 130514.500 -10.348
388416.500 130515.500 -10.367
388416.500 130516.500 -10.372
388416.500 130517.500 -10.390
388416.500 130518.500 -10.408
388416.500 130519.500 -10.412
388416.500 130520.500 -10.420
388416.500 130521.500 -10.430
388416.500 130522.500 -10.452
388416.500 130523.500 -10.510
388416.500 130524.500 -10.582
388416.500 130525.500 -10.617
388416.500 130526.500 -10.633
388416.500 130527.500 -10.665
388416.500 130528.500 -10.677
388416.500 130529.500 -10.690
388416.500 130530.500 -10.725
388416.500 130531.500 -10.718
388416.500 130532.500 -10.730
388416.500 130533.500 -10.772
388416.500 130534.500 -10.795
388416.500 130535.500 -10.830
388416.500 130536.500 -10.873
388416.500 130537.500 -10.890
388416.500 130538.500 -10.937
388416.500 130539.500 -10.980
388416.500 130540.500 -11.022
388416.500 130541.500 -11.080
388416.500 130542.500 -11.105
388416.500 130543.500 -11.088
388416.500 130544.500 -11.027
388416.500 130545.500 -11.075
388416.500 130546.500 -11.147
388416.500 130547.500 -11.155
388416.500 130548.500 -11.190
388416.500 130549.500 -11.242
388416.500 130550.500 -11.252
388416.500 130551.500 -11.268
388416.500 130552.500 -11.310
388416.500 130553.500 -11.315
388416.500 130554.500 -11.303
388416.500 130555.500 -11.275
388416.500 130556.500 -11.270
388416.500 130557.500 -11.265
388416.500 130558.500 -11.267
388416.500 130559.500 -11.290
388416.500 130560.500 -11.335
388416.500 130561.500 -11.355
388416.500 130562.500 -11.367
388416.500 130563.500 -11.380
388416.500 130564.500 -11.388
388416.500 130565.500 -11.387
388416.500 130566.500 -11.403
388416.500 130567.500 -11.422
388416.500 130568.500 -11.425
388416.500 130569.500 -11.440
388416.500 130570.500 -11.435
388416.500 130571.500 -11.422
388416.500 130572.500 -11.418
388416.500 130573.500 -11.418
388416.500 130574.500 -11.438
388416.500 130575.500 -11.442
388416.500 130576.500 -11.460
388416.500 130577.500 -11.482
388416.500 130578.500 -11.532
388416.500 130579.500 -11.548
388416.500 130580.500 -11.550
388416.500 130581.500 -11.545
388416.500 130582.500 -11.553
388416.500 130583.500 -11.585
388416.500 130584.500 -11.585
388416.500 130585.500 -11.588
388416.500 130586.500 -11.595
388416.500 130587.500 -11.605
388416.500 130588.500 -11.615
388416.500 130589.500 -11.605
388416.500 130590.500 -11.595
388416.500 130591.500 -11.615
388417.500 130470.500 -10.670
388417.500 130471.500 -10.607
388417.500 130472.500 -10.560
388417.500 130473.500 -10.515
388417.500 130474.500 -10.475
388417.500 130475.500 -10.445
388417.500 130476.500 -10.440
388417.500 130477.500 -10.425
388417.500 130478.500 -10.390
388417.500 130479.500 -10.380
388417.500 130480.500 -10.370
388417.500 130481.500 -10.365
388417.500 130482.500 -10.362
388417.500 130483.500 -10.357
388417.500 130484.500 -10.355
388417.500 130485.500 -10.332
388417.500 130486.500 -10.325
388417.500 130487.500 -10.310
388417.500 130488.500 -10.305
388417.500 130489.500 -10.307
388417.500 130490.500 -10.335
388417.500 130491.500 -10.318
388417.500 130492.500 -10.280
388417.500 130493.500 -10.245
388417.500 130494.500 -10.215
388417.500 130495.500 -10.190
388417.500 130496.500 -10.175
388417.500 130497.500 -10.137
388417.500 130498.500 -10.178
388417.500 130499.500 -10.202
388417.500 130500.500 -10.190
388417.500 130501.500 -10.178
388417.500 130502.500 -10.172
388417.500 130503.500 -10.180
388417.500 130504.500 -10.182
388417.500 130505.500 -10.200
388417.500 130506.500 -10.212
388417.500 130507.500 -10.230
388417.500 130508.500 -10.225
388417.500 130509.500 -10.240
388417.500 130510.500 -10.242
388417.500 130511.500 -10.248
388417.500 130512.500 -10.290
388417.500 130513.500 -10.315
388417.500 130514.500 -10.328
388417.500 130515.500 -10.338
388417.500 130516.500 -10.338
388417.500 130517.500 -10.375
388417.500 130518.500 -10.390
388417.500 130519.500 -10.382
388417.500 130520.500 -10.397
388417.500 130521.500 -10.410
388417.500 130522.500 -10.420
388417.500 130523.500 -10.495
388417.500 130524.500 -10.560
388417.500 130525.500 -10.573
388417.500 130526.500 -10.602
388417.500 130527.500 -10.610
388417.500 130528.500 -10.617
388417.500 130529.500 -10.665
388417.500 130530.500 -10.702
388417.500 130531.500 -10.705
388417.500 130532.500 -10.735
388417.500 130533.500 -10.750
388417.500 130534.500 -10.748
388417.500 130535.500 -10.787
388417.500 130536.500 -10.842
388417.500 130537.500 -10.850
388417.500 130538.500 -10.900
388417.500 130539.500 -10.950
388417.500 130540.500 -10.988
388417.500 130541.500 -11.045
388417.500 130542.500 -11.085
388417.500 130543.500 -11.092
388417.500 130544.500 -11.077
388417.500 130545.500 -11.075
388417.500 130546.500 -11.093
388417.500 130547.500 -11.127
388417.500 130548.500 -11.192
388417.500 130549.500 -11.245
388417.500 130550.500 -11.245
388417.500 130551.500 -11.268
388417.500 130552.500 -11.285
388417.500 130553.500 -11.312
388417.500 130554.500 -11.300
388417.500 130555.500 -11.272
388417.500 130556.500 -11.248
388417.500 130557.500 -11.237
388417.500 130558.500 -11.255
388417.500 130559.500 -11.297
388417.500 130560.500 -11.317
388417.500 130561.500 -11.312
388417.500 130562.500 -11.348
388417.500 130563.500 -11.357
388417.500 130564.500 -11.377
388417.500 130565.500 -11.387
388417.500 130566.500 -11.385
388417.500 130567.500 -11.405
388417.500 130568.500 -11.428
388417.500 130569.500 -11.447
388417.500 130570.500 -11.447
388417.500 130571.500 -11.437
388417.500 130572.500 -11.420
388417.500 130573.500 -11.418
388417.500 130574.500 -11.422
388417.500 130575.500 -11.450
388417.500 130576.500 -11.465
388417.500 130577.500 -11.452
388417.500 130578.500 -11.487
388417.500 130579.500 -11.527
388417.500 130580.500 -11.542
388417.500 130581.500 -11.558
388417.500 130582.500 -11.570
388417.500 130583.500 -11.582
388417.500 130584.500 -11.577
388417.500 130585.500 -11.585
388417.500 130586.500 -11.598
388417.500 130587.500 -11.610
388417.500 130588.500 -11.610
388417.500 130589.500 -11.602
388417.500 130590.500 -11.617
388417.500 130591.500 -11.625
388418.500 130469.500 -10.748
388418.500 130470.500 -10.702
388418.500 130471.500 -10.645
388418.500 130472.500 -10.592
388418.500 130473.500 -10.533
388418.500 130474.500 -10.500
388418.500 130475.500 -10.475
388418.500 130476.500 -10.455
388418.500 130477.500 -10.428
388418.500 130478.500 -10.412
388418.500 130479.500 -10.393
388418.500 130480.500 -10.390
388418.500 130481.500 -10.370
388418.500 130482.500 -10.350
388418.500 130483.500 -10.360
388418.500 130484.500 -10.352
388418.500 130485.500 -10.338
388418.500 130486.500 -10.332
388418.500 130487.500 -10.310
388418.500 130488.500 -10.315
388418.500 130489.500 -10.345
388418.500 130490.500 -10.357
388418.500 130491.500 -10.325
388418.500 130492.500 -10.285
388418.500 130493.500 -10.248
388418.500 130494.500 -10.215
388418.500 130495.500 -10.178
388418.500 130496.500 -10.175
388418.500 130497.500 -10.152
388418.500 130498.500 -10.185
388418.500 130499.500 -10.197
388418.500 130500.500 -10.185
388418.500 130501.500 -10.170
388418.500 130502.500 -10.168
388418.500 130503.500 -10.170
388418.500 130504.500 -10.162
388418.500 130505.500 -10.165
388418.500 130506.500 -10.208
388418.500 130507.500 -10.205
388418.500 130508.500 -10.205
388418.500 130509.500 -10.212
388418.500 130510.500 -10.217
388418.500 130511.500 -10.238
388418.500 130512.500 -10.275
388418.500 130513.500 -10.297
388418.500 130514.500 -10.317
388418.500 130515.500 -10.340
388418.500 130516.500 -10.355
388418.500 130517.500 -10.365
388418.500 130518.500 -10.375
388418.500 130519.500 -10.393
388418.500 130520.500 -10.410
388418.500 130521.500 -10.410
388418.500 130522.500 -10.408
388418.500 130523.500 -10.443
388418.500 130524.500 -10.522
388418.500 130525.500 -10.547
388418.500 130526.500 -10.562
388418.500 130527.500 -10.598
388418.500 130528.500 -10.600
388418.500 130529.500 -10.627
388418.500 130530.500 -10.675
388418.500 130531.500 -10.700
388418.500 130532.500 -10.707
388418.500 130533.500 -10.705
388418.500 130534.500 -10.703
388418.500 130535.500 -10.720
388418.500 130536.500 -10.768
388418.500 130537.500 -10.832
388418.500 130538.500 -10.895
388418.500 130539.500 -10.920
388418.500 130540.500 -10.962
388418.500 130541.500 -11.013
388418.500 130542.500 -11.040
388418.500 130543.500 -11.060
388418.500 130544.500 -11.092
388418.500 130545.500 -11.082
388418.500 130546.500 -11.047
388418.500 130547.500 -11.095
388418.500 130548.500 -11.182
388418.500 130549.500 -11.253
388418.500 130550.500 -11.255
388418.500 130551.500 -11.232
388418.500 130552.500 -11.255
388418.500 130553.500 -11.298
388418.500 130554.500 -11.290
388418.500 130555.500 -11.268
388418.500 130556.500 -11.250
388418.500 130557.500 -11.217
388418.500 130558.500 -11.235
388418.500 130559.500 -11.272
388418.500 130560.500 -11.300
388418.500 130561.500 -11.320
388418.500 130562.500 -11.320
388418.500 130563.500 -11.327
388418.500 130564.500 -11.357
388418.500 130565.500 -11.362
388418.500 130566.500 -11.350
388418.500 130567.500 -11.373
388418.500 130568.500 -11.412
388418.500 130569.500 -11.443
388418.500 130570.500 -11.447
388418.500 130571.500 -11.457
388418.500 130572.500 -11.435
388418.500 130573.500 -11.425
388418.500 130574.500 -11.428
388418.500 130575.500 -11.452
388418.500 130576.500 -11.472
388418.500 130577.500 -11.470
388418.500 130578.500 -11.480
388418.500 130579.500 -11.513
388418.500 130580.500 -11.540
388418.500 130581.500 -11.565
388418.500 130582.500 -11.570
388418.500 130583.500 -11.577
388418.500 130584.500 -11.588
388418.500 130585.500 -11.588
388418.500 130586.500 -11.585
388418.500 130587.500 -11.585
388418.500 130588.500 -11.588
388418.500 130589.500 -11.607
388418.500 130590.500 -11.612
388418.500 130591.500 -11.632
388419.500 130468.500 -10.867
388419.500 130469.500 -10.780
388419.500 130470.500 -10.725
388419.500 130471.500 -10.662
388419.500 130472.500 -10.615
388419.500 130473.500 -10.555
388419.500 130474.500 -10.532
388419.500 130475.500 -10.505
388419.500 130476.500 -10.477
388419.500 130477.500 -10.467
388419.500 130478.500 -10.437
388419.500 130479.500 -10.408
388419.500 130480.500 -10.397
388419.500 130481.500 -10.382
388419.500 130482.500 -10.367
388419.500 130483.500 -10.365
388419.500 130484.500 -10.350
388419.500 130485.500 -10.342
388419.500 130486.500 -10.348
388419.500 130487.500 -10.333
388419.500 130488.500 -10.322
388419.500 130489.500 -10.340
388419.500 130490.500 -10.355
388419.500 130491.500 -10.327
388419.500 130492.500 -10.280
388419.500 130493.500 -10.242
388419.500 130494.500 -10.220
388419.500 130495.500 -10.173
388419.500 130496.500 -10.135
388419.500 130497.500 -10.162
388419.500 130498.500 -10.172
388419.500 130499.500 -10.192
388419.500 130500.500 -10.182
388419.500 130501.500 -10.158
388419.500 130502.500 -10.140
388419.500 130503.500 -10.162
388419.500 130504.500 -10.158
388419.500 130505.500 -10.155
388419.500 130506.500 -10.168
388419.500 130507.500 -10.182
388419.500 130508.500 -10.188
388419.500 130509.500 -10.197
388419.500 130510.500 -10.210
388419.500 130511.500 -10.232
388419.500 130512.500 -10.240
388419.500 130513.500 -10.272
388419.500 130514.500 -10.297
388419.500 130515.500 -10.318
388419.500 130516.500 -10.338
388419.500 130517.500 -10.348
388419.500 130518.500 -10.375
388419.500 130519.500 -10.382
388419.500 130520.500 -10.400
388419.500 130521.500 -10.402
388419.500 130522.500 -10.405
388419.500 130523.500 -10.415
388419.500 130524.500 -10.478
388419.500 130525.500 -10.510
388419.500 130526.500 -10.518
388419.500 130527.500 -10.560
388419.500 130528.500 -10.570
388419.500 130529.500 -10.590
388419.500 130530.500 -10.640
388419.500 130531.500 -10.680
388419.500 130532.500 -10.685
388419.500 130533.500 -10.682
388419.500 130534.500 -10.700
388419.500 130535.500 -10.705
388419.500 130536.500 -10.720
388419.500 130537.500 -10.795
388419.500 130538.500 -10.862
388419.500 130539.500 -10.905
388419.500 130540.500 -10.932
388419.500 130541.500 -10.980
388419.500 130542.500 -11.015
388419.500 130543.500 -11.055
388419.500 130544.500 -11.078
388419.500 130545.500 -11.082
388419.500 130546.500 -11.078
388419.500 130547.500 -11.088
388419.500 130548.500 -11.152
388419.500 130549.500 -11.232
388419.500 130550.500 -11.250
388419.500 130551.500 -11.190
388419.500 130552.500 -11.210
388419.500 130553.500 -11.255
388419.500 130554.500 -11.260
388419.500 130555.500 -11.227
388419.500 130556.500 -11.242
388419.500 130557.500 -11.230
388419.500 130558.500 -11.212
388419.500 130559.500 -11.250
388419.500 130560.500 -11.292
388419.500 130561.500 -11.303
388419.500 130562.500 -11.305
388419.500 130563.500 -11.320
388419.500 130564.500 -11.325
388419.500 130565.500 -11.335
388419.500 130566.500 -11.338
388419.500 130567.500 -11.337
388419.500 130568.500 -11.395
388419.500 130569.500 -11.418
388419.500 130570.500 -11.425
388419.500 130571.500 -11.452
388419.500 130572.500 -11.445
388419.500 130573.500 -11.435
388419.500 130574.500 -11.432
388419.500 130575.500 -11.422
388419.500 130576.500 -11.460
388419.500 130577.500 -11.490
388419.500 130578.500 -11.518
388419.500 130579.500 -11.548
388419.500 130580.500 -11.557
388419.500 130581.500 -11.560
388419.500 130582.500 -11.575
388419.500 130583.500 -11.580
388419.500 130584.500 -11.588
388419.500 130585.500 -11.580
388419.500 130586.500 -11.572
388419.500 130587.500 -11.580
388419.500 130588.500 -11.590
388419.500 130589.500 -11.588
388419.500 130590.500 -11.607
388419.500 130591.500 -11.622
388420.500 130468.500 -10.938
388420.500 130469.500 -10.853
388420.500 130470.500 -10.782
388420.500 130471.500 -10.730
388420.500 130472.500 -10.650
388420.500 130473.500 -10.583
388420.500 130474.500 -10.547
388420.500 130475.500 -10.540
388420.500 130476.500 -10.523
388420.500 130477.500 -10.505
388420.500 130478.500 -10.473
388420.500 130479.500 -10.432
388420.500 130480.500 -10.425
388420.500 130481.500 -10.415
388420.500 130482.500 -10.395
388420.500 130483.500 -10.373
388420.500 130484.500 -10.348
388420.500 130485.500 -10.352
388420.500 130486.500 -10.355
388420.500 130487.500 -10.352
388420.500 130488.500 -10.340
388420.500 130489.500 -10.330
388420.500 130490.500 -10.328
388420.500 130491.500 -10.315
388420.500 130492.500 -10.282
388420.500 130493.500 -10.242
388420.500 130494.500 -10.233
388420.500 130495.500 -10.187
388420.500 130496.500 -10.172
388420.500 130497.500 -10.170
388420.500 130498.500 -10.178
388420.500 130499.500 -10.185
388420.500 130500.500 -10.182
388420.500 130501.500 -10.152
388420.500 130502.500 -10.132
388420.500 130503.500 -10.150
388420.500 130504.500 -10.158
388420.500 130505.500 -10.155
388420.500 130506.500 -10.172
388420.500 130507.500 -10.185
388420.500 130508.500 -10.185
388420.500 130509.500 -10.188
388420.500 130510.500 -10.193
388420.500 130511.500 -10.210
388420.500 130512.500 -10.225
388420.500 130513.500 -10.260
388420.500 130514.500 -10.277
388420.500 130515.500 -10.297
388420.500 130516.500 -10.315
388420.500 130517.500 -10.318
388420.500 130518.500 -10.350
388420.500 130519.500 -10.372
388420.500 130520.500 -10.372
388420.500 130521.500 -10.370
388420.500 130522.500 -10.410
388420.500 130523.500 -10.438
388420.500 130524.500 -10.462
388420.500 130525.500 -10.467
388420.500 130526.500 -10.468
388420.500 130527.500 -10.515
388420.500 130528.500 -10.540
388420.500 130529.500 -10.570
388420.500 130530.500 -10.623
388420.500 130531.500 -10.668
388420.500 130532.500 -10.680
388420.500 130533.500 -10.685
388420.500 130534.500 -10.695
388420.500 130535.500 -10.720
388420.500 130536.500 -10.730
388420.500 130537.500 -10.777
388420.500 130538.500 -10.842
388420.500 130539.500 -10.897
388420.500 130540.500 -10.915
388420.500 130541.500 -10.952
388420.500 130542.500 -10.992
388420.500 130543.500 -11.020
388420.500 130544.500 -11.050
388420.500 130545.500 -11.065
388420.500 130546.500 -11.043
388420.500 130547.500 -11.050
388420.500 130548.500 -11.102
388420.500 130549.500 -11.172
388420.500 130550.500 -11.203
388420.500 130551.500 -11.125
388420.500 130552.500 -11.147
388420.500 130553.500 -11.187
388420.500 130554.500 -11.202
388420.500 130555.500 -11.215
388420.500 130556.500 -11.228
388420.500 130557.500 -11.217
388420.500 130558.500 -11.210
388420.500 130559.500 -11.240
388420.500 130560.500 -11.265
388420.500 130561.500 -11.275
388420.500 130562.500 -11.277
388420.500 130563.500 -11.290
388420.500 130564.500 -11.328
388420.500 130565.500 -11.335
388420.500 130566.500 -11.327
388420.500 130567.500 -11.342
388420.500 130568.500 -11.385
388420.500 130569.500 -11.395
388420.500 130570.500 -11.400
388420.500 130571.500 -11.427
388420.500 130572.500 -11.422
388420.500 130573.500 -11.432
388420.500 130574.500 -11.443
388420.500 130575.500 -11.422
388420.500 130576.500 -11.460
388420.500 130577.500 -11.515
388420.500 130578.500 -11.535
388420.500 130579.500 -11.565
388420.500 130580.500 -11.562
388420.500 130581.500 -11.565
388420.500 130582.500 -11.568
388420.500 130583.500 -11.583
388420.500 130584.500 -11.575
388420.500 130585.500 -11.570
388420.500 130586.500 -11.567
388420.500 130587.500 -11.572
388420.500 130588.500 -11.575
388420.500 130589.500 -11.580
388420.500 130590.500 -11.592
388420.500 130591.500 -11.617
388421.500 130467.500 -11.077
388421.500 130468.500 -11.018
388421.500 130469.500 -10.938
388421.500 130470.500 -10.865
388421.500 130471.500 -10.785
388421.500 130472.500 -10.710
388421.500 130473.500 -10.638
388421.500 130474.500 -10.597
388421.500 130475.500 -10.568
388421.500 130476.500 -10.530
388421.500 130477.500 -10.527
388421.500 130478.500 -10.490
388421.500 130479.500 -10.470
388421.500 130480.500 -10.447
388421.500 130481.500 -10.437
388421.500 130482.500 -10.425
388421.500 130483.500 -10.382
388421.500 130484.500 -10.357
388421.500 130485.500 -10.372
388421.500 130486.500 -10.377
388421.500 130487.500 -10.370
388421.500 130488.500 -10.357
388421.500 130489.500 -10.332
388421.500 130490.500 -10.320
388421.500 130491.500 -10.322
388421.500 130492.500 -10.300
388421.500 130493.500 -10.277
388421.500 130494.500 -10.242
388421.500 130495.500 -10.215
388421.500 130496.500 -10.190
388421.500 130497.500 -10.195
388421.500 130498.500 -10.190
388421.500 130499.500 -10.182
388421.500 130500.500 -10.180
388421.500 130501.500 -10.143
388421.500 130502.500 -10.133
388421.500 130503.500 -10.137
388421.500 130504.500 -10.155
388421.500 130505.500 -10.147
388421.500 130506.500 -10.152
388421.500 130507.500 -10.160
388421.500 130508.500 -10.165
388421.500 130509.500 -10.175
388421.500 130510.500 -10.185
388421.500 130511.500 -10.200
388421.500 130512.500 -10.223
388421.500 130513.500 -10.238
388421.500 130514.500 -10.270
388421.500 130515.500 -10.285
388421.500 130516.500 -10.290
388421.500 130517.500 -10.290
388421.500 130518.500 -10.312
388421.500 130519.500 -10.340
388421.500 130520.500 -10.322
388421.500 130521.500 -10.355
388421.500 130522.500 -10.387
388421.500 130523.500 -10.430
388421.500 130524.500 -10.460
388421.500 130525.500 -10.470
388421.500 130526.500 -10.472
388421.500 130527.500 -10.492
388421.500 130528.500 -10.527
388421.500 130529.500 -10.575
388421.500 130530.500 -10.595
388421.500 130531.500 -10.632
388421.500 130532.500 -10.665
388421.500 130533.500 -10.672
388421.500 130534.500 -10.673
388421.500 130535.500 -10.712
388421.500 130536.500 -10.727
388421.500 130537.500 -10.760
388421.500 130538.500 -10.800
388421.500 130539.500 -10.850
388421.500 130540.500 -10.880
388421.500 130541.500 -10.940
388421.500 130542.500 -10.957
388421.500 130543.500 -10.985
388421.500 130544.500 -11.037
388421.500 130545.500 -11.042
388421.500 130546.500 -11.025
388421.500 130547.500 -11.035
388421.500 130548.500 -11.107
388421.500 130549.500 -11.160
388421.500 130550.500 -11.143
388421.500 130551.500 -11.112
388421.500 130552.500 -11.110
388421.500 130553.500 -11.140
388421.500 130554.500 -11.140
388421.500 130555.500 -11.178
388421.500 130556.500 -11.210
388421.500 130557.500 -11.220
388421.500 130558.500 -11.230
388421.500 130559.500 -11.242
388421.500 130560.500 -11.263
388421.500 130561.500 -11.265
388421.500 130562.500 -11.252
388421.500 130563.500 -11.260
388421.500 130564.500 -11.295
388421.500 130565.500 -11.307
388421.500 130566.500 -11.302
388421.500 130567.500 -11.312
388421.500 130568.500 -11.340
388421.500 130569.500 -11.367
388421.500 130570.500 -11.390
388421.500 130571.500 -11.405
388421.500 130572.500 -11.420
388421.500 130573.500 -11.430
388421.500 130574.500 -11.418
388421.500 130575.500 -11.422
388421.500 130576.500 -11.457
388421.500 130577.500 -11.482
388421.500 130578.500 -11.547
388421.500 130579.500 -11.572
388421.500 130580.500 -11.580
388421.500 130581.500 -11.560
388421.500 130582.500 -11.565
388421.500 130583.500 -11.578
388421.500 130584.500 -11.580
388421.500 130585.500 -11.552
388421.500 130586.500 -11.560
388421.500 130587.500 -11.572
388421.500 130588.500 -11.572
388421.500 130589.500 -11.575
388421.500 130590.500 -11.598
388421.500 130591.500 -11.607
388422.500 130466.500 -11.268
388422.500 130467.500 -11.170
388422.500 130468.500 -11.090
388422.500 130469.500 -11.012
388422.500 130470.500 -10.958
388422.500 130471.500 -10.865
388422.500 130472.500 -10.780
388422.500 130473.500 -10.715
388422.500 130474.500 -10.660
388422.500 130475.500 -10.607
388422.500 130476.500 -10.557
388422.500 130477.500 -10.518
388422.500 130478.500 -10.495
388422.500 130479.500 -10.485
388422.500 130480.500 -10.465
388422.500 130481.500 -10.440
388422.500 130482.500 -10.418
388422.500 130483.500 -10.400
388422.500 130484.500 -10.400
388422.500 130485.500 -10.400
388422.500 130486.500 -10.380
388422.500 130487.500 -10.362
388422.500 130488.500 -10.345
388422.500 130489.500 -10.345
388422.500 130490.500 -10.320
388422.500 130491.500 -10.335
388422.500 130492.500 -10.318
388422.500 130493.500 -10.305
388422.500 130494.500 -10.277
388422.500 130495.500 -10.260
388422.500 130496.500 -10.225
388422.500 130497.500 -10.210
388422.500 130498.500 -10.200
388422.500 130499.500 -10.185
388422.500 130500.500 -10.158
388422.500 130501.500 -10.140
388422.500 130502.500 -10.137
388422.500 130503.500 -10.127
388422.500 130504.500 -10.145
388422.500 130505.500 -10.147
388422.500 130506.500 -10.120
388422.500 130507.500 -10.130
388422.500 130508.500 -10.143
388422.500 130509.500 -10.150
388422.500 130510.500 -10.160
388422.500 130511.500 -10.190
388422.500 130512.500 -10.200
388422.500 130513.500 -10.210
388422.500 130514.500 -10.238
388422.500 130515.500 -10.248
388422.500 130516.500 -10.258
388422.500 130517.500 -10.280
388422.500 130518.500 -10.297
388422.500 130519.500 -10.303
388422.500 130520.500 -10.325
388422.500 130521.500 -10.357
388422.500 130522.500 -10.360
388422.500 130523.500 -10.410
388422.500 130524.500 -10.450
388422.500 130525.500 -10.450
388422.500 130526.500 -10.465
388422.500 130527.500 -10.495
388422.500 130528.500 -10.522
388422.500 130529.500 -10.562
388422.500 130530.500 -10.580
388422.500 130531.500 -10.600
388422.500 130532.500 -10.642
388422.500 130533.500 -10.643
388422.500 130534.500 -10.647
388422.500 130535.500 -10.702
388422.500 130536.500 -10.720
388422.500 130537.500 -10.717
388422.500 130538.500 -10.752
388422.500 130539.500 -10.813
388422.500 130540.500 -10.862
388422.500 130541.500 -10.917
388422.500 130542.500 -10.940
388422.500 130543.500 -10.977
388422.500 130544.500 -11.012
388422.500 130545.500 -10.998
388422.500 130546.500 -10.997
388422.500 130547.500 -11.042
388422.500 130548.500 -11.120
388422.500 130549.500 -11.130
388422.500 130550.500 -11.143
388422.500 130551.500 -11.110
388422.500 130552.500 -11.085
388422.500 130553.500 -11.060
388422.500 130554.500 -11.063
388422.500 130555.500 -11.120
388422.500 130556.500 -11.193
388422.500 130557.500 -11.223
388422.500 130558.500 -11.268
388422.500 130559.500 -11.265
388422.500 130560.500 -11.255
388422.500 130561.500 -11.235
388422.500 130562.500 -11.223
388422.500 130563.500 -11.212
388422.500 130564.500 -11.242
388422.500 130565.500 -11.242
388422.500 130566.500 -11.252
388422.500 130567.500 -11.298
388422.500 130568.500 -11.322
388422.500 130569.500 -11.355
388422.500 130570.500 -11.357
388422.500 130571.500 -11.375
388422.500 130572.500 -11.400
388422.500 130573.500 -11.420
388422.500 130574.500 -11.418
388422.500 130575.500 -11.428
388422.500 130576.500 -11.435
388422.500 130577.500 -11.425
388422.500 130578.500 -11.462
388422.500 130579.500 -11.530
388422.500 130580.500 -11.547
388422.500 130581.500 -11.543
388422.500 130582.500 -11.557
388422.500 130583.500 -11.585
388422.500 130584.500 -11.562
388422.500 130585.500 -11.570
388422.500 130586.500 -11.585
388422.500 130587.500 -11.588
388422.500 130588.500 -11.592
388422.500 130589.500 -11.588
388422.500 130590.500 -11.590
388422.500 130591.500 -11.600
388423.500 130466.500 -11.338
388423.500 130467.500 -11.247
388423.500 130468.500 -11.155
388423.500 130469.500 -11.075
388423.500 130470.500 -11.002
388423.500 130471.500 -10.962
388423.500 130472.500 -10.877
388423.500 130473.500 -10.800
388423.500 130474.500 -10.725
388423.500 130475.500 -10.665
388423.500 130476.500 -10.600
388423.500 130477.500 -10.545
388423.500 130478.500 -10.518
388423.500 130479.500 -10.502
388423.500 130480.500 -10.490
388423.500 130481.500 -10.452
388423.500 130482.500 -10.420
388423.500 130483.500 -10.413
388423.500 130484.500 -10.400
388423.500 130485.500 -10.393
388423.500 130486.500 -10.373
388423.500 130487.500 -10.362
388423.500 130488.500 -10.360
388423.500 130489.500 -10.355
388423.500 130490.500 -10.332
388423.500 130491.500 -10.332
388423.500 130492.500 -10.320
388423.500 130493.500 -10.303
388423.500 130494.500 -10.280
388423.500 130495.500 -10.297
388423.500 130496.500 -10.263
388423.500 130497.500 -10.242
388423.500 130498.500 -10.220
388423.500 130499.500 -10.213
388423.500 130500.500 -10.175
388423.500 130501.500 -10.147
388423.500 130502.500 -10.135
388423.500 130503.500 -10.127
388423.500 130504.500 -10.145
388423.500 130505.500 -10.143
388423.500 130506.500 -10.127
388423.500 130507.500 -10.150
388423.500 130508.500 -10.150
388423.500 130509.500 -10.140
388423.500 130510.500 -10.160
388423.500 130511.500 -10.192
388423.500 130512.500 -10.202
388423.500 130513.500 -10.200
388423.500 130514.500 -10.212
388423.500 130515.500 -10.210
388423.500 130516.500 -10.212
388423.500 130517.500 -10.252
388423.500 130518.500 -10.282
388423.500 130519.500 -10.272
388423.500 130520.500 -10.338
388423.500 130521.500 -10.333
388423.500 130522.500 -10.355
388423.500 130523.500 -10.417
388423.500 130524.500 -10.428
388423.500 130525.500 -10.410
388423.500 130526.500 -10.455
388423.500 130527.500 -10.490
388423.500 130528.500 -10.545
388423.500 130529.500 -10.578
388423.500 130530.500 -10.583
388423.500 130531.500 -10.602
388423.500 130532.500 -10.627
388423.500 130533.500 -10.615
388423.500 130534.500 -10.657
388423.500 130535.500 -10.700
388423.500 130536.500 -10.682
388423.500 130537.500 -10.697
388423.500 130538.500 -10.750
388423.500 130539.500 -10.765
388423.500 130540.500 -10.835
388423.500 130541.500 -10.905
388423.500 130542.500 -10.915
388423.500 130543.500 -10.950
388423.500 130544.500 -10.990
388423.500 130545.500 -10.970
388423.500 130546.500 -10.962
388423.500 130547.500 -11.020
388423.500 130548.500 -11.062
388423.500 130549.500 -11.115
388423.500 130550.500 -11.120
388423.500 130551.500 -11.090
388423.500 130552.500 -11.065
388423.500 130553.500 -11.040
388423.500 130554.500 -11.022
388423.500 130555.500 -11.057
388423.500 130556.500 -11.133
388423.500 130557.500 -11.207
388423.500 130558.500 -11.238
388423.500 130559.500 -11.257
388423.500 130560.500 -11.242
388423.500 130561.500 -11.210
388423.500 130562.500 -11.200
388423.500 130563.500 -11.207
388423.500 130564.500 -11.212
388423.500 130565.500 -11.215
388423.500 130566.500 -11.238
388423.500 130567.500 -11.273
388423.500 130568.500 -11.305
388423.500 130569.500 -11.318
388423.500 130570.500 -11.338
388423.500 130571.500 -11.350
388423.500 130572.500 -11.375
388423.500 130573.500 -11.393
388423.500 130574.500 -11.398
388423.500 130575.500 -11.395
388423.500 130576.500 -11.415
388423.500 130577.500 -11.420
388423.500 130578.500 -11.445
388423.500 130579.500 -11.508
388423.500 130580.500 -11.532
388423.500 130581.500 -11.530
388423.500 130582.500 -11.527
388423.500 130583.500 -11.550
388423.500 130584.500 -11.557
388423.500 130585.500 -11.575
388423.500 130586.500 -11.588
388423.500 130587.500 -11.590
388423.500 130588.500 -11.598
388423.500 130589.500 -11.605
388423.500 130590.500 -11.588
388423.500 130591.500 -11.602
388424.500 130465.500 -11.490
388424.500 130466.500 -11.430
388424.500 130467.500 -11.350
388424.500 130468.500 -11.232
388424.500 130469.500 -11.158
388424.500 130470.500 -11.082
388424.500 130471.500 -11.000
388424.500 130472.500 -10.960
388424.500 130473.500 -10.867
388424.500 130474.500 -10.772
388424.500 130475.500 -10.720
388424.500 130476.500 -10.652
388424.500 130477.500 -10.583
388424.500 130478.500 -10.560
388424.500 130479.500 -10.532
388424.500 130480.500 -10.507
388424.500 130481.500 -10.480
388424.500 130482.500 -10.445
388424.500 130483.500 -10.422
388424.500 130484.500 -10.422
388424.500 130485.500 -10.418
388424.500 130486.500 -10.395
388424.500 130487.500 -10.393
388424.500 130488.500 -10.383
388424.500 130489.500 -10.360
388424.500 130490.500 -10.350
388424.500 130491.500 -10.350
388424.500 130492.500 -10.335
388424.500 130493.500 -10.322
388424.500 130494.500 -10.303
388424.500 130495.500 -10.307
388424.500 130496.500 -10.290
388424.500 130497.500 -10.245
388424.500 130498.500 -10.212
388424.500 130499.500 -10.202
388424.500 130500.500 -10.192
388424.500 130501.500 -10.150
388424.500 130502.500 -10.122
388424.500 130503.500 -10.117
388424.500 130504.500 -10.137
388424.500 130505.500 -10.132
388424.500 130506.500 -10.123
388424.500 130507.500 -10.115
388424.500 130508.500 -10.122
388424.500 130509.500 -10.127
388424.500 130510.500 -10.155
388424.500 130511.500 -10.192
388424.500 130512.500 -10.213
388424.500 130513.500 -10.215
388424.500 130514.500 -10.223
388424.500 130515.500 -10.197
388424.500 130516.500 -10.193
388424.500 130517.500 -10.237
388424.500 130518.500 -10.272
388424.500 130519.500 -10.292
388424.500 130520.500 -10.333
388424.500 130521.500 -10.320
388424.500 130522.500 -10.373
388424.500 130523.500 -10.393
388424.500 130524.500 -10.400
388424.500 130525.500 -10.382
388424.500 130526.500 -10.420
388424.500 130527.500 -10.470
388424.500 130528.500 -10.515
388424.500 130529.500 -10.560
388424.500 130530.500 -10.588
388424.500 130531.500 -10.605
388424.500 130532.500 -10.605
388424.500 130533.500 -10.632
388424.500 130534.500 -10.662
388424.500 130535.500 -10.667
388424.500 130536.500 -10.688
388424.500 130537.500 -10.707
388424.500 130538.500 -10.717
388424.500 130539.500 -10.745
388424.500 130540.500 -10.780
388424.500 130541.500 -10.857
388424.500 130542.500 -10.877
388424.500 130543.500 -10.922
388424.500 130544.500 -10.965
388424.500 130545.500 -10.955
388424.500 130546.500 -10.953
388424.500 130547.500 -10.990
388424.500 130548.500 -10.992
388424.500 130549.500 -11.045
388424.500 130550.500 -11.068
388424.500 130551.500 -11.053
388424.500 130552.500 -10.992
388424.500 130553.500 -11.002
388424.500 130554.500 -11.013
388424.500 130555.500 -11.035
388424.500 130556.500 -11.090
388424.500 130557.500 -11.130
388424.500 130558.500 -11.175
388424.500 130559.500 -11.215
388424.500 130560.500 -11.222
388424.500 130561.500 -11.200
388424.500 130562.500 -11.173
388424.500 130563.500 -11.157
388424.500 130564.500 -11.187
388424.500 130565.500 -11.220
388424.500 130566.500 -11.227
388424.500 130567.500 -11.268
388424.500 130568.500 -11.290
388424.500 130569.500 -11.300
388424.500 130570.500 -11.312
388424.500 130571.500 -11.335
388424.500 130572.500 -11.340
388424.500 130573.500 -11.350
388424.500 130574.500 -11.373
388424.500 130575.500 -11.380
388424.500 130576.500 -11.390
388424.500 130577.500 -11.405
388424.500 130578.500 -11.420
388424.500 130579.500 -11.482
388424.500 130580.500 -11.513
388424.500 130581.500 -11.527
388424.500 130582.500 -11.537
388424.500 130583.500 -11.537
388424.500 130584.500 -11.540
388424.500 130585.500 -11.542
388424.500 130586.500 -11.553
388424.500 130587.500 -11.565
388424.500 130588.500 -11.585
388424.500 130589.500 -11.593
388424.500 130590.500 -11.598
388424.500 130591.500 -11.605
388425.500 130465.500 -11.533
388425.500 130466.500 -11.477
388425.500 130467.500 -11.407
388425.500 130468.500 -11.317
388425.500 130469.500 -11.232
388425.500 130470.500 -11.120
388425.500 130471.500 -11.070
388425.500 130472.500 -11.002
388425.500 130473.500 -10.910
388425.500 130474.500 -10.825
388425.500 130475.500 -10.760
388425.500 130476.500 -10.705
388425.500 130477.500 -10.638
388425.500 130478.500 -10.605
388425.500 130479.500 -10.560
388425.500 130480.500 -10.525
388425.500 130481.500 -10.490
388425.500 130482.500 -10.475
388425.500 130483.500 -10.450
388425.500 130484.500 -10.438
388425.500 130485.500 -10.420
388425.500 130486.500 -10.400
388425.500 130487.500 -10.395
388425.500 130488.500 -10.380
388425.500 130489.500 -10.377
388425.500 130490.500 -10.372
388425.500 130491.500 -10.375
388425.500 130492.500 -10.365
388425.500 130493.500 -10.338
388425.500 130494.500 -10.307
388425.500 130495.500 -10.305
388425.500 130496.500 -10.300
388425.500 130497.500 -10.252
388425.500 130498.500 -10.207
388425.500 130499.500 -10.195
388425.500 130500.500 -10.182
388425.500 130501.500 -10.152
388425.500 130502.500 -10.132
388425.500 130503.500 -10.133
388425.500 130504.500 -10.135
388425.500 130505.500 -10.122
388425.500 130506.500 -10.095
388425.500 130507.500 -10.092
388425.500 130508.500 -10.095
388425.500 130509.500 -10.135
388425.500 130510.500 -10.153
388425.500 130511.500 -10.168
388425.500 130512.500 -10.173
388425.500 130513.500 -10.197
388425.500 130514.500 -10.217
388425.500 130515.500 -10.205
388425.500 130516.500 -10.195
388425.500 130517.500 -10.232
388425.500 130518.500 -10.263
388425.500 130519.500 -10.277
388425.500 130520.500 -10.292
388425.500 130521.500 -10.290
388425.500 130522.500 -10.360
388425.500 130523.500 -10.367
388425.500 130524.500 -10.385
388425.500 130525.500 -10.402
388425.500 130526.500 -10.420
388425.500 130527.500 -10.475
388425.500 130528.500 -10.485
388425.500 130529.500 -10.518
388425.500 130530.500 -10.562
388425.500 130531.500 -10.578
388425.500 130532.500 -10.605
388425.500 130533.500 -10.642
388425.500 130534.500 -10.650
388425.500 130535.500 -10.660
388425.500 130536.500 -10.695
388425.500 130537.500 -10.715
388425.500 130538.500 -10.717
388425.500 130539.500 -10.720
388425.500 130540.500 -10.738
388425.500 130541.500 -10.815
388425.500 130542.500 -10.857
388425.500 130543.500 -10.900
388425.500 130544.500 -10.928
388425.500 130545.500 -10.932
388425.500 130546.500 -10.932
388425.500 130547.500 -10.947
388425.500 130548.500 -10.970
388425.500 130549.500 -10.973
388425.500 130550.500 -11.007
388425.500 130551.500 -10.970
388425.500 130552.500 -10.952
388425.500 130553.500 -10.952
388425.500 130554.500 -10.987
388425.500 130555.500 -11.015
388425.500 130556.500 -11.042
388425.500 130557.500 -11.065
388425.500 130558.500 -11.105
388425.500 130559.500 -11.145
388425.500 130560.500 -11.150
388425.500 130561.500 -11.117
388425.500 130562.500 -11.072
388425.500 130563.500 -11.092
388425.500 130564.500 -11.160
388425.500 130565.500 -11.192
388425.500 130566.500 -11.195
388425.500 130567.500 -11.223
388425.500 130568.500 -11.270
388425.500 130569.500 -11.287
388425.500 130570.500 -11.295
388425.500 130571.500 -11.297
388425.500 130572.500 -11.312
388425.500 130573.500 -11.333
388425.500 130574.500 -11.360
388425.500 130575.500 -11.357
388425.500 130576.500 -11.362
388425.500 130577.500 -11.387
388425.500 130578.500 -11.397
388425.500 130579.500 -11.460
388425.500 130580.500 -11.495
388425.500 130581.500 -11.512
388425.500 130582.500 -11.535
388425.500 130583.500 -11.530
388425.500 130584.500 -11.527
388425.500 130585.500 -11.502
388425.500 130586.500 -11.510
388425.500 130587.500 -11.525
388425.500 130588.500 -11.550
388425.500 130589.500 -11.567
388425.500 130590.500 -11.580
388425.500 130591.500 -11.588
388426.500 130467.500 -11.445
388426.500 130468.500 -11.387
388426.500 130469.500 -11.320
388426.500 130470.500 -11.203
388426.500 130471.500 -11.140
388426.500 130472.500 -11.067
388426.500 130473.500 -10.975
388426.500 130474.500 -10.867
388426.500 130475.500 -10.815
388426.500 130476.500 -10.752
388426.500 130477.500 -10.687
388426.500 130478.500 -10.630
388426.500 130479.500 -10.575
388426.500 130480.500 -10.547
388426.500 130481.500 -10.518
388426.500 130482.500 -10.482
388426.500 130483.500 -10.445
388426.500 130484.500 -10.422
388426.500 130485.500 -10.402
388426.500 130486.500 -10.402
388426.500 130487.500 -10.410
388426.500 130488.500 -10.395
388426.500 130489.500 -10.382
388426.500 130490.500 -10.402
388426.500 130491.500 -10.395
388426.500 130492.500 -10.370
388426.500 130493.500 -10.352
388426.500 130494.500 -10.330
388426.500 130495.500 -10.312
388426.500 130496.500 -10.292
388426.500 130497.500 -10.258
388426.500 130498.500 -10.225
388426.500 130499.500 -10.220
388426.500 130500.500 -10.195
388426.500 130501.500 -10.172
388426.500 130502.500 -10.140
388426.500 130503.500 -10.123
388426.500 130504.500 -10.120
388426.500 130505.500 -10.100
388426.500 130506.500 -10.078
388426.500 130507.500 -10.080
388426.500 130508.500 -10.095
388426.500 130509.500 -10.140
388426.500 130510.500 -10.140
388426.500 130511.500 -10.145
388426.500 130512.500 -10.150
388426.500 130513.500 -10.185
388426.500 130514.500 -10.182
388426.500 130515.500 -10.187
388426.500 130516.500 -10.212
388426.500 130517.500 -10.240
388426.500 130518.500 -10.265
388426.500 130519.500 -10.275
388426.500 130520.500 -10.290
388426.500 130521.500 -10.292
388426.500 130522.500 -10.347
388426.500 130523.500 -10.367
388426.500 130524.500 -10.370
388426.500 130525.500 -10.395
388426.500 130526.500 -10.422
388426.500 130527.500 -10.443
388426.500 130528.500 -10.470
388426.500 130529.500 -10.477
388426.500 130530.500 -10.532
388426.500 130531.500 -10.565
388426.500 130532.500 -10.585
388426.500 130533.500 -10.597
388426.500 130534.500 -10.630
388426.500 130535.500 -10.660
388426.500 130536.500 -10.680
388426.500 130537.500 -10.710
388426.500 130538.500 -10.725
388426.500 130539.500 -10.707
388426.500 130540.500 -10.732
388426.500 130541.500 -10.807
388426.500 130542.500 -10.860
388426.500 130543.500 -10.867
388426.500 130544.500 -10.912
388426.500 130545.500 -10.920
388426.500 130546.500 -10.905
388426.500 130547.500 -10.908
388426.500 130548.500 -10.905
388426.500 130549.500 -10.873
388426.500 130550.500 -10.930
388426.500 130551.500 -10.895
388426.500 130552.500 -10.923
388426.500 130553.500 -10.952
388426.500 130554.500 -10.967
388426.500 130555.500 -10.990
388426.500 130556.500 -11.042
388426.500 130557.500 -11.037
388426.500 130558.500 -11.045
388426.500 130559.500 -11.095
388426.500 130560.500 -11.085
388426.500 130561.500 -11.042
388426.500 130562.500 -11.040
388426.500 130563.500 -11.072
388426.500 130564.500 -11.147
388426.500 130565.500 -11.153
388426.500 130566.500 -11.177
388426.500 130567.500 -11.195
388426.500 130568.500 -11.248
388426.500 130569.500 -11.260
388426.500 130570.500 -11.255
388426.500 130571.500 -11.280
388426.500 130572.500 -11.300
388426.500 130573.500 -11.307
388426.500 130574.500 -11.320
388426.500 130575.500 -11.330
388426.500 130576.500 -11.350
388426.500 130577.500 -11.362
388426.500 130578.500 -11.365
388426.500 130579.500 -11.418
388426.500 130580.500 -11.475
388426.500 130581.500 -11.483
388426.500 130582.500 -11.482
388426.500 130583.500 -11.510
388426.500 130584.500 -11.500
388426.500 130585.500 -11.482
388426.500 130586.500 -11.492
388426.500 130587.500 -11.500
388426.500 130588.500 -11.500
388426.500 130589.500 -11.522
388426.500 130590.500 -11.545
388426.500 130591.500 -11.557
388427.500 130468.500 -11.518
388427.500 130469.500 -11.430
388427.500 130470.500 -11.313
388427.500 130471.500 -11.210
388427.500 130472.500 -11.120
388427.500 130473.500 -11.027
388427.500 130474.500 -10.925
388427.500 130475.500 -10.867
388427.500 130476.500 -10.795
388427.500 130477.500 -10.727
388427.500 130478.500 -10.652
388427.500 130479.500 -10.607
388427.500 130480.500 -10.585
388427.500 130481.500 -10.543
388427.500 130482.500 -10.477
388427.500 130483.500 -10.432
388427.500 130484.500 -10.428
388427.500 130485.500 -10.430
388427.500 130486.500 -10.418
388427.500 130487.500 -10.408
388427.500 130488.500 -10.393
388427.500 130489.500 -10.393
388427.500 130490.500 -10.412
388427.500 130491.500 -10.400
388427.500 130492.500 -10.387
388427.500 130493.500 -10.370
388427.500 130494.500 -10.340
388427.500 130495.500 -10.312
388427.500 130496.500 -10.282
388427.500 130497.500 -10.275
388427.500 130498.500 -10.255
388427.500 130499.500 -10.230
388427.500 130500.500 -10.178
388427.500 130501.500 -10.180
388427.500 130502.500 -10.147
388427.500 130503.500 -10.135
388427.500 130504.500 -10.127
388427.500 130505.500 -10.095
388427.500 130506.500 -10.078
388427.500 130507.500 -10.092
388427.500 130508.500 -10.120
388427.500 130509.500 -10.140
388427.500 130510.500 -10.127
388427.500 130511.500 -10.123
388427.500 130512.500 -10.137
388427.500 130513.500 -10.158
388427.500 130514.500 -10.158
388427.500 130515.500 -10.162
388427.500 130516.500 -10.190
388427.500 130517.500 -10.248
388427.500 130518.500 -10.265
388427.500 130519.500 -10.297
388427.500 130520.500 -10.282
388427.500 130521.500 -10.287
388427.500 130522.500 -10.315
388427.500 130523.500 -10.340
388427.500 130524.500 -10.370
388427.500 130525.500 -10.387
388427.500 130526.500 -10.418
388427.500 130527.500 -10.442
388427.500 130528.500 -10.452
388427.500 130529.500 -10.452
388427.500 130530.500 -10.488
388427.500 130531.500 -10.542
388427.500 130532.500 -10.567
388427.500 130533.500 -10.585
388427.500 130534.500 -10.627
388427.500 130535.500 -10.665
388427.500 130536.500 -10.690
388427.500 130537.500 -10.697
388427.500 130538.500 -10.710
388427.500 130539.500 -10.715
388427.500 130540.500 -10.738
388427.500 130541.500 -10.785
388427.500 130542.500 -10.822
388427.500 130543.500 -10.845
388427.500 130544.500 -10.873
388427.500 130545.500 -10.890
388427.500 130546.500 -10.857
388427.500 130547.500 -10.865
388427.500 130548.500 -10.842
388427.500 130549.500 -10.825
388427.500 130550.500 -10.857
388427.500 130551.500 -10.845
388427.500 130552.500 -10.885
388427.500 130553.500 -10.925
388427.500 130554.500 -10.915
388427.500 130555.500 -10.945
388427.500 130556.500 -11.010
388427.500 130557.500 -11.040
388427.500 130558.500 -11.050
388427.500 130559.500 -11.045
388427.500 130560.500 -11.033
388427.500 130561.500 -11.005
388427.500 130562.500 -11.022
388427.500 130563.500 -11.062
388427.500 130564.500 -11.120
388427.500 130565.500 -11.132
388427.500 130566.500 -11.160
388427.500 130567.500 -11.182
388427.500 130568.500 -11.207
388427.500 130569.500 -11.213
388427.500 130570.500 -11.230
388427.500 130571.500 -11.238
388427.500 130572.500 -11.270
388427.500 130573.500 -11.275
388427.500 130574.500 -11.287
388427.500 130575.500 -11.312
388427.500 130576.500 -11.320
388427.500 130577.500 -11.325
388427.500 130578.500 -11.317
388427.500 130579.500 -11.367
388427.500 130580.500 -11.440
388427.500 130581.500 -11.477
388427.500 130582.500 -11.465
388427.500 130583.500 -11.480
388427.500 130584.500 -11.470
388427.500 130585.500 -11.457
388427.500 130586.500 -11.463
388427.500 130587.500 -11.470
388427.500 130588.500 -11.478
388427.500 130589.500 -11.500
388427.500 130590.500 -11.530
388427.500 130591.500 -11.537
388428.500 130470.500 -11.397
388428.500 130471.500 -11.297
388428.500 130472.500 -11.192
388428.500 130473.500 -11.090
388428.500 130474.500 -10.985
388428.500 130475.500 -10.910
388428.500 130476.500 -10.838
388428.500 130477.500 -10.770
388428.500 130478.500 -10.695
388428.500 130479.500 -10.643
388428.500 130480.500 -10.592
388428.500 130481.500 -10.540
388428.500 130482.500 -10.490
388428.500 130483.500 -10.470
388428.500 130484.500 -10.473
388428.500 130485.500 -10.443
388428.500 130486.500 -10.435
388428.500 130487.500 -10.425
388428.500 130488.500 -10.408
388428.500 130489.500 -10.395
388428.500 130490.500 -10.410
388428.500 130491.500 -10.405
388428.500 130492.500 -10.385
388428.500 130493.500 -10.355
388428.500 130494.500 -10.343
388428.500 130495.500 -10.330
388428.500 130496.500 -10.305
388428.500 130497.500 -10.295
388428.500 130498.500 -10.260
388428.500 130499.500 -10.245
388428.500 130500.500 -10.205
388428.500 130501.500 -10.175
388428.500 130502.500 -10.155
388428.500 130503.500 -10.158
388428.500 130504.500 -10.125
388428.500 130505.500 -10.110
388428.500 130506.500 -10.100
388428.500 130507.500 -10.102
388428.500 130508.500 -10.115
388428.500 130509.500 -10.127
388428.500 130510.500 -10.112
388428.500 130511.500 -10.130
388428.500 130512.500 -10.150
388428.500 130513.500 -10.137
388428.500 130514.500 -10.135
388428.500 130515.500 -10.145
388428.500 130516.500 -10.168
388428.500 130517.500 -10.212
388428.500 130518.500 -10.243
388428.500 130519.500 -10.285
388428.500 130520.500 -10.260
388428.500 130521.500 -10.252
388428.500 130522.500 -10.280
388428.500 130523.500 -10.303
388428.500 130524.500 -10.352
388428.500 130525.500 -10.393
388428.500 130526.500 -10.443
388428.500 130527.500 -10.452
388428.500 130528.500 -10.437
388428.500 130529.500 -10.452
388428.500 130530.500 -10.470
388428.500 130531.500 -10.508
388428.500 130532.500 -10.518
388428.500 130533.500 -10.545
388428.500 130534.500 -10.607
388428.500 130535.500 -10.650
388428.500 130536.500 -10.685
388428.500 130537.500 -10.703
388428.500 130538.500 -10.693
388428.500 130539.500 -10.687
388428.500 130540.500 -10.705
388428.500 130541.500 -10.748
388428.500 130542.500 -10.790
388428.500 130543.500 -10.807
388428.500 130544.500 -10.855
388428.500 130545.500 -10.857
388428.500 130546.500 -10.847
388428.500 130547.500 -10.828
388428.500 130548.500 -10.792
388428.500 130549.500 -10.817
388428.500 130550.500 -10.817
388428.500 130551.500 -10.838
388428.500 130552.500 -10.865
388428.500 130553.500 -10.895
388428.500 130554.500 -10.855
388428.500 130555.500 -10.880
388428.500 130556.500 -10.935
388428.500 130557.500 -10.978
388428.500 130558.500 -11.010
388428.500 130559.500 -11.042
388428.500 130560.500 -11.020
388428.500 130561.500 -10.985
388428.500 130562.500 -10.980
388428.500 130563.500 -11.007
388428.500 130564.500 -11.082
388428.500 130565.500 -11.107
388428.500 130566.500 -11.137
388428.500 130567.500 -11.175
388428.500 130568.500 -11.193
388428.500 130569.500 -11.187
388428.500 130570.500 -11.207
388428.500 130571.500 -11.232
388428.500 130572.500 -11.240
388428.500 130573.500 -11.252
388428.500 130574.500 -11.263
388428.500 130575.500 -11.293
388428.500 130576.500 -11.303
388428.500 130577.500 -11.297
388428.500 130578.500 -11.302
388428.500 130579.500 -11.373
388428.500 130580.500 -11.460
388428.500 130581.500 -11.460
388428.500 130582.500 -11.465
388428.500 130583.500 -11.470
388428.500 130584.500 -11.447
388428.500 130585.500 -11.440
388428.500 130586.500 -11.437
388428.500 130587.500 -11.432
388428.500 130588.500 -11.452
388428.500 130589.500 -11.493
388428.500 130590.500 -11.515
388428.500 130591.500 -11.530
388429.500 130471.500 -11.362
388429.500 130472.500 -11.232
388429.500 130473.500 -11.130
388429.500 130474.500 -11.035
388429.500 130475.500 -10.967
388429.500 130476.500 -10.895
388429.500 130477.500 -10.815
388429.500 130478.500 -10.727
388429.500 130479.500 -10.668
388429.500 130480.500 -10.602
388429.500 130481.500 -10.557
388429.500 130482.500 -10.520
388429.500 130483.500 -10.500
388429.500 130484.500 -10.482
388429.500 130485.500 -10.452
388429.500 130486.500 -10.450
388429.500 130487.500 -10.435
388429.500 130488.500 -10.422
388429.500 130489.500 -10.420
388429.500 130490.500 -10.415
388429.500 130491.500 -10.395
388429.500 130492.500 -10.382
388429.500 130493.500 -10.362
388429.500 130494.500 -10.352
388429.500 130495.500 -10.342
388429.500 130496.500 -10.338
388429.500 130497.500 -10.325
388429.500 130498.500 -10.305
388429.500 130499.500 -10.260
388429.500 130500.500 -10.220
388429.500 130501.500 -10.187
388429.500 130502.500 -10.170
388429.500 130503.500 -10.147
388429.500 130504.500 -10.125
388429.500 130505.500 -10.120
388429.500 130506.500 -10.107
388429.500 130507.500 -10.092
388429.500 130508.500 -10.090
388429.500 130509.500 -10.105
388429.500 130510.500 -10.095
388429.500 130511.500 -10.125
388429.500 130512.500 -10.137
388429.500 130513.500 -10.127
388429.500 130514.500 -10.127
388429.500 130515.500 -10.133
388429.500 130516.500 -10.158
388429.500 130517.500 -10.182
388429.500 130518.500 -10.210
388429.500 130519.500 -10.237
388429.500 130520.500 -10.255
388429.500 130521.500 -10.222
388429.500 130522.500 -10.237
388429.500 130523.500 -10.285
388429.500 130524.500 -10.318
388429.500 130525.500 -10.355
388429.500 130526.500 -10.410
388429.500 130527.500 -10.445
388429.500 130528.500 -10.450
388429.500 130529.500 -10.473
388429.500 130530.500 -10.467
388429.500 130531.500 -10.480
388429.500 130532.500 -10.495
388429.500 130533.500 -10.532
388429.500 130534.500 -10.553
388429.500 130535.500 -10.577
388429.500 130536.500 -10.652
388429.500 130537.500 -10.693
388429.500 130538.500 -10.705
388429.500 130539.500 -10.693
388429.500 130540.500 -10.713
388429.500 130541.500 -10.727
388429.500 130542.500 -10.755
388429.500 130543.500 -10.765
388429.500 130544.500 -10.807
388429.500 130545.500 -10.832
388429.500 130546.500 -10.818
388429.500 130547.500 -10.800
388429.500 130548.500 -10.780
388429.500 130549.500 -10.800
388429.500 130550.500 -10.790
388429.500 130551.500 -10.828
388429.500 130552.500 -10.887
388429.500 130553.500 -10.893
388429.500 130554.500 -10.890
388429.500 130555.500 -10.865
388429.500 130556.500 -10.880
388429.500 130557.500 -10.920
388429.500 130558.500 -10.947
388429.500 130559.500 -11.007
388429.500 130560.500 -11.012
388429.500 130561.500 -10.988
388429.500 130562.500 -10.950
388429.500 130563.500 -10.987
388429.500 130564.500 -11.050
388429.500 130565.500 -11.085
388429.500 130566.500 -11.120
388429.500 130567.500 -11.150
388429.500 130568.500 -11.150
388429.500 130569.500 -11.155
388429.500 130570.500 -11.175
388429.500 130571.500 -11.213
388429.500 130572.500 -11.210
388429.500 130573.500 -11.220
388429.500 130574.500 -11.225
388429.500 130575.500 -11.240
388429.500 130576.500 -11.260
388429.500 130577.500 -11.255
388429.500 130578.500 -11.277
388429.500 130579.500 -11.355
388429.500 130580.500 -11.445
388429.500 130581.500 -11.430
388429.500 130582.500 -11.457
388429.500 130583.500 -11.460
388429.500 130584.500 -11.450
388429.500 130585.500 -11.447
388429.500 130586.500 -11.460
388429.500 130587.500 -11.468
388429.500 130588.500 -11.470
388429.500 130589.500 -11.475
388429.500 130590.500 -11.500
388429.500 130591.500 -11.525
388430.500 130473.500 -11.178
388430.500 130474.500 -11.102
388430.500 130475.500 -11.013
388430.500 130476.500 -10.940
388430.500 130477.500 -10.825
388430.500 130478.500 -10.770
388430.500 130479.500 -10.705
388430.500 130480.500 -10.635
388430.500 130481.500 -10.605
388430.500 130482.500 -10.550
388430.500 130483.500 -10.525
388430.500 130484.500 -10.510
388430.500 130485.500 -10.487
388430.500 130486.500 -10.478
388430.500 130487.500 -10.460
388430.500 130488.500 -10.430
388430.500 130489.500 -10.425
388430.500 130490.500 -10.420
388430.500 130491.500 -10.408
388430.500 130492.500 -10.385
388430.500 130493.500 -10.365
388430.500 130494.500 -10.355
388430.500 130495.500 -10.362
388430.500 130496.500 -10.365
388430.500 130497.500 -10.365
388430.500 130498.500 -10.332
388430.500 130499.500 -10.275
388430.500 130500.500 -10.235
388430.500 130501.500 -10.215
388430.500 130502.500 -10.188
388430.500 130503.500 -10.152
388430.500 130504.500 -10.135
388430.500 130505.500 -10.125
388430.500 130506.500 -10.120
388430.500 130507.500 -10.100
388430.500 130508.500 -10.090
388430.500 130509.500 -10.105
388430.500 130510.500 -10.105
388430.500 130511.500 -10.112
388430.500 130512.500 -10.125
388430.500 130513.500 -10.130
388430.500 130514.500 -10.120
388430.500 130515.500 -10.112
388430.500 130516.500 -10.147
388430.500 130517.500 -10.175
388430.500 130518.500 -10.178
388430.500 130519.500 -10.202
388430.500 130520.500 -10.235
388430.500 130521.500 -10.250
388430.500 130522.500 -10.230
388430.500 130523.500 -10.232
388430.500 130524.500 -10.307
388430.500 130525.500 -10.348
388430.500 130526.500 -10.373
388430.500 130527.500 -10.420
388430.500 130528.500 -10.450
388430.500 130529.500 -10.455
388430.500 130530.500 -10.457
388430.500 130531.500 -10.447
388430.500 130532.500 -10.465
388430.500 130533.500 -10.520
388430.500 130534.500 -10.525
388430.500 130535.500 -10.543
388430.500 130536.500 -10.610
388430.500 130537.500 -10.652
388430.500 130538.500 -10.665
388430.500 130539.500 -10.685
388430.500 130540.500 -10.730
388430.500 130541.500 -10.732
388430.500 130542.500 -10.735
388430.500 130543.500 -10.775
388430.500 130544.500 -10.777
388430.500 130545.500 -10.795
388430.500 130546.500 -10.790
388430.500 130547.500 -10.785
388430.500 130548.500 -10.772
388430.500 130549.500 -10.768
388430.500 130550.500 -10.780
388430.500 130551.500 -10.835
388430.500 130552.500 -10.890
388430.500 130553.500 -10.857
388430.500 130554.500 -10.838
388430.500 130555.500 -10.830
388430.500 130556.500 -10.852
388430.500 130557.500 -10.885
388430.500 130558.500 -10.905
388430.500 130559.500 -10.950
388430.500 130560.500 -10.967
388430.500 130561.500 -10.977
388430.500 130562.500 -10.945
388430.500 130563.500 -10.965
388430.500 130564.500 -10.998
388430.500 130565.500 -11.025
388430.500 130566.500 -11.075
388430.500 130567.500 -11.110
388430.500 130568.500 -11.120
388430.500 130569.500 -11.110
388430.500 130570.500 -11.137
388430.500 130571.500 -11.162
388430.500 130572.500 -11.173
388430.500 130573.500 -11.160
388430.500 130574.500 -11.185
388430.500 130575.500 -11.207
388430.500 130576.500 -11.245
388430.500 130577.500 -11.230
388430.500 130578.500 -11.243
388430.500 130579.500 -11.318
388430.500 130580.500 -11.408
388430.500 130581.500 -11.412
388430.500 130582.500 -11.418
388430.500 130583.500 -11.445
388430.500 130584.500 -11.460
388430.500 130585.500 -11.470
388430.500 130586.500 -11.465
388430.500 130587.500 -11.465
388430.500 130588.500 -11.460
388430.500 130589.500 -11.455
388430.500 130590.500 -11.495
388430.500 130591.500 -11.527
388431.500 130475.500 -11.070
388431.500 130476.500 -10.980
388431.500 130477.500 -10.865
388431.500 130478.500 -10.797
388431.500 130479.500 -10.750
388431.500 130480.500 -10.690
388431.500 130481.500 -10.662
388431.500 130482.500 -10.600
388431.500 130483.500 -10.555
388431.500 130484.500 -10.548
388431.500 130485.500 -10.513
388431.500 130486.500 -10.500
388431.500 130487.500 -10.478
388431.500 130488.500 -10.437
388431.500 130489.500 -10.437
388431.500 130490.500 -10.425
388431.500 130491.500 -10.415
388431.500 130492.500 -10.405
388431.500 130493.500 -10.380
388431.500 130494.500 -10.375
388431.500 130495.500 -10.365
388431.500 130496.500 -10.372
388431.500 130497.500 -10.362
388431.500 130498.500 -10.333
388431.500 130499.500 -10.287
388431.500 130500.500 -10.260
388431.500 130501.500 -10.225
388431.500 130502.500 -10.197
388431.500 130503.500 -10.160
388431.500 130504.500 -10.123
388431.500 130505.500 -10.107
388431.500 130506.500 -10.125
388431.500 130507.500 -10.115
388431.500 130508.500 -10.100
388431.500 130509.500 -10.112
388431.500 130510.500 -10.112
388431.500 130511.500 -10.120
388431.500 130512.500 -10.137
388431.500 130513.500 -10.115
388431.500 130514.500 -10.120
388431.500 130515.500 -10.113
388431.500 130516.500 -10.140
388431.500 130517.500 -10.162
388431.500 130518.500 -10.182
388431.500 130519.500 -10.195
388431.500 130520.500 -10.195
388431.500 130521.500 -10.235
388431.500 130522.500 -10.242
388431.500 130523.500 -10.225
388431.500 130524.500 -10.285
388431.500 130525.500 -10.310
388431.500 130526.500 -10.333
388431.500 130527.500 -10.375
388431.500 130528.500 -10.418
388431.500 130529.500 -10.430
388431.500 130530.500 -10.427
388431.500 130531.500 -10.447
388431.500 130532.500 -10.465
388431.500 130533.500 -10.505
388431.500 130534.500 -10.502
388431.500 130535.500 -10.508
388431.500 130536.500 -10.550
388431.500 130537.500 -10.580
388431.500 130538.500 -10.565
388431.500 130539.500 -10.635
388431.500 130540.500 -10.705
388431.500 130541.500 -10.757
388431.500 130542.500 -10.763
388431.500 130543.500 -10.760
388431.500 130544.500 -10.770
388431.500 130545.500 -10.762
388431.500 130546.500 -10.758
388431.500 130547.500 -10.752
388431.500 130548.500 -10.743
388431.500 130549.500 -10.748
388431.500 130550.500 -10.775
388431.500 130551.500 -10.793
388431.500 130552.500 -10.827
388431.500 130553.500 -10.818
388431.500 130554.500 -10.828
388431.500 130555.500 -10.825
388431.500 130556.500 -10.850
388431.500 130557.500 -10.870
388431.500 130558.500 -10.875
388431.500 130559.500 -10.898
388431.500 130560.500 -10.905
388431.500 130561.500 -10.920
388431.500 130562.500 -10.895
388431.500 130563.500 -10.902
388431.500 130564.500 -10.945
388431.500 130565.500 -10.992
388431.500 130566.500 -11.030
388431.500 130567.500 -11.060
388431.500 130568.500 -11.080
388431.500 130569.500 -11.092
388431.500 130570.500 -11.107
388431.500 130571.500 -11.112
388431.500 130572.500 -11.140
388431.500 130573.500 -11.122
388431.500 130574.500 -11.143
388431.500 130575.500 -11.162
388431.500 130576.500 -11.193
388431.500 130577.500 -11.223
388431.500 130578.500 -11.255
388431.500 130579.500 -11.287
388431.500 130580.500 -11.348
388431.500 130581.500 -11.395
388431.500 130582.500 -11.400
388431.500 130583.500 -11.450
388431.500 130584.500 -11.467
388431.500 130585.500 -11.445
388431.500 130586.500 -11.437
388431.500 130587.500 -11.428
388431.500 130588.500 -11.430
388431.500 130589.500 -11.443
388431.500 130590.500 -11.470
388431.500 130591.500 -11.495
388432.500 130476.500 -11.030
388432.500 130477.500 -10.925
388432.500 130478.500 -10.855
388432.500 130479.500 -10.785
388432.500 130480.500 -10.735
388432.500 130481.500 -10.697
388432.500 130482.500 -10.643
388432.500 130483.500 -10.590
388432.500 130484.500 -10.602
388432.500 130485.500 -10.555
388432.500 130486.500 -10.532
388432.500 130487.500 -10.510
388432.500 130488.500 -10.477
388432.500 130489.500 -10.457
388432.500 130490.500 -10.450
388432.500 130491.500 -10.445
388432.500 130492.500 -10.430
388432.500 130493.500 -10.415
388432.500 130494.500 -10.395
388432.500 130495.500 -10.380
388432.500 130496.500 -10.365
388432.500 130497.500 -10.355
388432.500 130498.500 -10.352
388432.500 130499.500 -10.312
388432.500 130500.500 -10.270
388432.500 130501.500 -10.238
388432.500 130502.500 -10.220
388432.500 130503.500 -10.178
388432.500 130504.500 -10.123
388432.500 130505.500 -10.095
388432.500 130506.500 -10.110
388432.500 130507.500 -10.100
388432.500 130508.500 -10.095
388432.500 130509.500 -10.120
388432.500 130510.500 -10.125
388432.500 130511.500 -10.127
388432.500 130512.500 -10.140
388432.500 130513.500 -10.143
388432.500 130514.500 -10.132
388432.500 130515.500 -10.127
388432.500 130516.500 -10.132
388432.500 130517.500 -10.155
388432.500 130518.500 -10.178
388432.500 130519.500 -10.170
388432.500 130520.500 -10.175
388432.500 130521.500 -10.182
388432.500 130522.500 -10.250
388432.500 130523.500 -10.245
388432.500 130524.500 -10.240
388432.500 130525.500 -10.285
388432.500 130526.500 -10.322
388432.500 130527.500 -10.350
388432.500 130528.500 -10.375
388432.500 130529.500 -10.400
388432.500 130530.500 -10.425
388432.500 130531.500 -10.457
388432.500 130532.500 -10.470
388432.500 130533.500 -10.508
388432.500 130534.500 -10.498
388432.500 130535.500 -10.502
388432.500 130536.500 -10.535
388432.500 130537.500 -10.575
388432.500 130538.500 -10.560
388432.500 130539.500 -10.705
388432.500 130540.500 -10.668
388432.500 130541.500 -10.697
388432.500 130542.500 -10.742
388432.500 130543.500 -10.750
388432.500 130544.500 -10.740
388432.500 130545.500 -10.742
388432.500 130546.500 -10.730
388432.500 130547.500 -10.710
388432.500 130548.500 -10.702
388432.500 130549.500 -10.742
388432.500 130550.500 -10.755
388432.500 130551.500 -10.750
388432.500 130552.500 -10.755
388432.500 130553.500 -10.740
388432.500 130554.500 -10.787
388432.500 130555.500 -10.822
388432.500 130556.500 -10.812
388432.500 130557.500 -10.792
388432.500 130558.500 -10.803
388432.500 130559.500 -10.842
388432.500 130560.500 -10.883
388432.500 130561.500 -10.882
388432.500 130562.500 -10.850
388432.500 130563.500 -10.853
388432.500 130564.500 -10.902
388432.500 130565.500 -10.973
388432.500 130566.500 -11.005
388432.500 130567.500 -11.010
388432.500 130568.500 -11.037
388432.500 130569.500 -11.050
388432.500 130570.500 -11.077
388432.500 130571.500 -11.077
388432.500 130572.500 -11.082
388432.500 130573.500 -11.083
388432.500 130574.500 -11.105
388432.500 130575.500 -11.115
388432.500 130576.500 -11.132
388432.500 130577.500 -11.175
388432.500 130578.500 -11.207
388432.500 130579.500 -11.242
388432.500 130580.500 -11.287
388432.500 130581.500 -11.342
388432.500 130582.500 -11.360
388432.500 130583.500 -11.385
388432.500 130584.500 -11.430
388432.500 130585.500 -11.412
388432.500 130586.500 -11.415
388432.500 130587.500 -11.415
388432.500 130588.500 -11.422
388432.500 130589.500 -11.432
388432.500 130590.500 -11.447
388432.500 130591.500 -11.455
388433.500 130478.500 -10.900
388433.500 130479.500 -10.820
388433.500 130480.500 -10.775
388433.500 130481.500 -10.735
388433.500 130482.500 -10.688
388433.500 130483.500 -10.647
388433.500 130484.500 -10.627
388433.500 130485.500 -10.595
388433.500 130486.500 -10.560
388433.500 130487.500 -10.540
388433.500 130488.500 -10.507
388433.500 130489.500 -10.488
388433.500 130490.500 -10.473
388433.500 130491.500 -10.445
388433.500 130492.500 -10.440
388433.500 130493.500 -10.432
388433.500 130494.500 -10.420
388433.500 130495.500 -10.400
388433.500 130496.500 -10.370
388433.500 130497.500 -10.360
388433.500 130498.500 -10.352
388433.500 130499.500 -10.328
388433.500 130500.500 -10.285
388433.500 130501.500 -10.255
388433.500 130502.500 -10.223
388433.500 130503.500 -10.185
388433.500 130504.500 -10.147
388433.500 130505.500 -10.107
388433.500 130506.500 -10.122
388433.500 130507.500 -10.112
388433.500 130508.500 -10.107
388433.500 130509.500 -10.130
388433.500 130510.500 -10.123
388433.500 130511.500 -10.145
388433.500 130512.500 -10.165
388433.500 130513.500 -10.155
388433.500 130514.500 -10.152
388433.500 130515.500 -10.143
388433.500 130516.500 -10.127
388433.500 130517.500 -10.147
388433.500 130518.500 -10.160
388433.500 130519.500 -10.127
388433.500 130520.500 -10.143
388433.500 130521.500 -10.160
388433.500 130522.500 -10.223
388433.500 130523.500 -10.265
388433.500 130524.500 -10.220
388433.500 130525.500 -10.262
388433.500 130526.500 -10.318
388433.500 130527.500 -10.348
388433.500 130528.500 -10.345
388433.500 130529.500 -10.360
388433.500 130530.500 -10.412
388433.500 130531.500 -10.490
388433.500 130532.500 -10.518
388433.500 130533.500 -10.530
388433.500 130534.500 -10.522
388433.500 130535.500 -10.510
388433.500 130536.500 -10.530
388433.500 130537.500 -10.557
388433.500 130538.500 -10.532
388433.500 130539.500 -10.642
388433.500 130540.500 -10.670
388433.500 130541.500 -10.680
388433.500 130542.500 -10.717
388433.500 130543.500 -10.728
388433.500 130544.500 -10.735
388433.500 130545.500 -10.727
388433.500 130546.500 -10.720
388433.500 130547.500 -10.680
388433.500 130548.500 -10.678
388433.500 130549.500 -10.725
388433.500 130550.500 -10.738
388433.500 130551.500 -10.740
388433.500 130552.500 -10.730
388433.500 130553.500 -10.737
388433.500 130554.500 -10.775
388433.500 130555.500 -10.790
388433.500 130556.500 -10.727
388433.500 130557.500 -10.695
388433.500 130558.500 -10.860
388433.500 130559.500 -10.770
388433.500 130560.500 -10.822
388433.500 130561.500 -10.830
388433.500 130562.500 -10.812
388433.500 130563.500 -10.808
388433.500 130564.500 -10.862
388433.500 130565.500 -10.910
388433.500 130566.500 -10.965
388433.500 130567.500 -10.975
388433.500 130568.500 -11.000
388433.500 130569.500 -11.025
388433.500 130570.500 -11.027
388433.500 130571.500 -11.020
388433.500 130572.500 -11.025
388433.500 130573.500 -11.040
388433.500 130574.500 -11.055
388433.500 130575.500 -11.055
388433.500 130576.500 -11.057
388433.500 130577.500 -11.095
388433.500 130578.500 -11.152
388433.500 130579.500 -11.220
388433.500 130580.500 -11.247
388433.500 130581.500 -11.290
388433.500 130582.500 -11.328
388433.500 130583.500 -11.335
388433.500 130584.500 -11.360
388433.500 130585.500 -11.355
388433.500 130586.500 -11.375
388433.500 130587.500 -11.400
388433.500 130588.500 -11.413
388433.500 130589.500 -11.415
388433.500 130590.500 -11.432
388433.500 130591.500 -11.440
388434.500 130479.500 -10.875
388434.500 130480.500 -10.805
388434.500 130481.500 -10.760
388434.500 130482.500 -10.720
388434.500 130483.500 -10.672
388434.500 130484.500 -10.645
388434.500 130485.500 -10.623
388434.500 130486.500 -10.592
388434.500 130487.500 -10.575
388434.500 130488.500 -10.553
388434.500 130489.500 -10.527
388434.500 130490.500 -10.488
388434.500 130491.500 -10.450
388434.500 130492.500 -10.455
388434.500 130493.500 -10.450
388434.500 130494.500 -10.440
388434.500 130495.500 -10.418
388434.500 130496.500 -10.390
388434.500 130497.500 -10.377
388434.500 130498.500 -10.360
388434.500 130499.500 -10.340
388434.500 130500.500 -10.322
388434.500 130501.500 -10.270
388434.500 130502.500 -10.227
388434.500 130503.500 -10.192
388434.500 130504.500 -10.178
388434.500 130505.500 -10.148
388434.500 130506.500 -10.145
388434.500 130507.500 -10.135
388434.500 130508.500 -10.127
388434.500 130509.500 -10.145
388434.500 130510.500 -10.135
388434.500 130511.500 -10.158
388434.500 130512.500 -10.168
388434.500 130513.500 -10.158
388434.500 130514.500 -10.155
388434.500 130515.500 -10.135
388434.500 130516.500 -10.117
388434.500 130517.500 -10.145
388434.500 130518.500 -10.140
388434.500 130519.500 -10.130
388434.500 130520.500 -10.125
388434.500 130521.500 -10.140
388434.500 130522.500 -10.172
388434.500 130523.500 -10.252
388434.500 130524.500 -10.260
388434.500 130525.500 -10.270
388434.500 130526.500 -10.305
388434.500 130527.500 -10.315
388434.500 130528.500 -10.303
388434.500 130529.500 -10.345
388434.500 130530.500 -10.395
388434.500 130531.500 -10.475
388434.500 130532.500 -10.518
388434.500 130533.500 -10.527
388434.500 130534.500 -10.520
388434.500 130535.500 -10.495
388434.500 130536.500 -10.507
388434.500 130537.500 -10.540
388434.500 130538.500 -10.545
388434.500 130539.500 -10.585
388434.500 130540.500 -10.640
388434.500 130541.500 -10.675
388434.500 130542.500 -10.690
388434.500 130543.500 -10.702
388434.500 130544.500 -10.725
388434.500 130545.500 -10.730
388434.500 130546.500 -10.735
388434.500 130547.500 -10.685
388434.500 130548.500 -10.688
388434.500 130549.500 -10.703
388434.500 130550.500 -10.708
388434.500 130551.500 -10.700
388434.500 130552.500 -10.717
388434.500 130553.500 -10.742
388434.500 130554.500 -10.758
388434.500 130555.500 -10.775
388434.500 130556.500 -10.745
388434.500 130557.500 -10.682
388434.500 130558.500 -10.810
388434.500 130559.500 -10.795
388434.500 130560.500 -10.812
388434.500 130561.500 -10.797
388434.500 130562.500 -10.780
388434.500 130563.500 -10.800
388434.500 130564.500 -10.848
388434.500 130565.500 -10.880
388434.500 130566.500 -10.908
388434.500 130567.500 -10.953
388434.500 130568.500 -10.977
388434.500 130569.500 -10.973
388434.500 130570.500 -10.970
388434.500 130571.500 -10.992
388434.500 130572.500 -11.020
388434.500 130573.500 -11.018
388434.500 130574.500 -10.992
388434.500 130575.500 -10.965
388434.500 130576.500 -10.972
388434.500 130577.500 -11.035
388434.500 130578.500 -11.115
388434.500 130579.500 -11.170
388434.500 130580.500 -11.210
388434.500 130581.500 -11.257
388434.500 130582.500 -11.300
388434.500 130583.500 -11.328
388434.500 130584.500 -11.318
388434.500 130585.500 -11.318
388434.500 130586.500 -11.342
388434.500 130587.500 -11.373
388434.500 130588.500 -11.380
388434.500 130589.500 -11.382
388434.500 130590.500 -11.405
388434.500 130591.500 -11.408
388435.500 130481.500 -10.800
388435.500 130482.500 -10.757
388435.500 130483.500 -10.717
388435.500 130484.500 -10.682
388435.500 130485.500 -10.650
388435.500 130486.500 -10.627
388435.500 130487.500 -10.602
388435.500 130488.500 -10.595
388435.500 130489.500 -10.568
388435.500 130490.500 -10.520
388435.500 130491.500 -10.482
388435.500 130492.500 -10.482
388435.500 130493.500 -10.475
388435.500 130494.500 -10.460
388435.500 130495.500 -10.428
388435.500 130496.500 -10.415
388435.500 130497.500 -10.408
388435.500 130498.500 -10.367
388435.500 130499.500 -10.345
388435.500 130500.500 -10.345
388435.500 130501.500 -10.305
388435.500 130502.500 -10.252
388435.500 130503.500 -10.225
388435.500 130504.500 -10.207
388435.500 130505.500 -10.182
388435.500 130506.500 -10.168
388435.500 130507.500 -10.158
388435.500 130508.500 -10.135
388435.500 130509.500 -10.147
388435.500 130510.500 -10.150
388435.500 130511.500 -10.162
388435.500 130512.500 -10.168
388435.500 130513.500 -10.160
388435.500 130514.500 -10.147
388435.500 130515.500 -10.145
388435.500 130516.500 -10.140
388435.500 130517.500 -10.143
388435.500 130518.500 -10.140
388435.500 130519.500 -10.107
388435.500 130520.500 -10.140
388435.500 130521.500 -10.162
388435.500 130522.500 -10.165
388435.500 130523.500 -10.215
388435.500 130524.500 -10.287
388435.500 130525.500 -10.275
388435.500 130526.500 -10.272
388435.500 130527.500 -10.282
388435.500 130528.500 -10.310
388435.500 130529.500 -10.355
388435.500 130530.500 -10.412
388435.500 130531.500 -10.417
388435.500 130532.500 -10.463
388435.500 130533.500 -10.520
388435.500 130534.500 -10.515
388435.500 130535.500 -10.520
388435.500 130536.500 -10.542
388435.500 130537.500 -10.530
388435.500 130538.500 -10.555
388435.500 130539.500 -10.580
388435.500 130540.500 -10.640
388435.500 130541.500 -10.652
388435.500 130542.500 -10.692
388435.500 130543.500 -10.697
388435.500 130544.500 -10.710
388435.500 130545.500 -10.730
388435.500 130546.500 -10.750
388435.500 130547.500 -10.700
388435.500 130548.500 -10.685
388435.500 130549.500 -10.690
388435.500 130550.500 -10.688
388435.500 130551.500 -10.673
388435.500 130552.500 -10.680
388435.500 130553.500 -10.707
388435.500 130554.500 -10.740
388435.500 130555.500 -10.745
388435.500 130556.500 -10.728
388435.500 130557.500 -10.717
388435.500 130558.500 -10.757
388435.500 130559.500 -10.775
388435.500 130560.500 -10.777
388435.500 130561.500 -10.787
388435.500 130562.500 -10.780
388435.500 130563.500 -10.775
388435.500 130564.500 -10.797
388435.500 130565.500 -10.847
388435.500 130566.500 -10.877
388435.500 130567.500 -10.920
388435.500 130568.500 -10.935
388435.500 130569.500 -10.930
388435.500 130570.500 -10.945
388435.500 130571.500 -10.998
388435.500 130572.500 -11.015
388435.500 130573.500 -10.990
388435.500 130574.500 -10.975
388435.500 130575.500 -10.960
388435.500 130576.500 -10.962
388435.500 130577.500 -11.010
388435.500 130578.500 -11.095
388435.500 130579.500 -11.125
388435.500 130580.500 -11.160
388435.500 130581.500 -11.195
388435.500 130582.500 -11.247
388435.500 130583.500 -11.315
388435.500 130584.500 -11.318
388435.500 130585.500 -11.285
388435.500 130586.500 -11.295
388435.500 130587.500 -11.315
388435.500 130588.500 -11.330
388435.500 130589.500 -11.350
388435.500 130590.500 -11.350
388435.500 130591.500 -11.365
388436.500 130483.500 -10.763
388436.500 130484.500 -10.713
388436.500 130485.500 -10.688
388436.500 130486.500 -10.668
388436.500 130487.500 -10.632
388436.500 130488.500 -10.617
388436.500 130489.500 -10.590
388436.500 130490.500 -10.555
388436.500 130491.500 -10.537
388436.500 130492.500 -10.515
388436.500 130493.500 -10.492
388436.500 130494.500 -10.475
388436.500 130495.500 -10.440
388436.500 130496.500 -10.408
388436.500 130497.500 -10.397
388436.500 130498.500 -10.387
388436.500 130499.500 -10.357
388436.500 130500.500 -10.355
388436.500 130501.500 -10.330
388436.500 130502.500 -10.280
388436.500 130503.500 -10.250
388436.500 130504.500 -10.220
388436.500 130505.500 -10.195
388436.500 130506.500 -10.185
388436.500 130507.500 -10.182
388436.500 130508.500 -10.175
388436.500 130509.500 -10.150
388436.500 130510.500 -10.170
388436.500 130511.500 -10.182
388436.500 130512.500 -10.180
388436.500 130513.500 -10.180
388436.500 130514.500 -10.180
388436.500 130515.500 -10.163
388436.500 130516.500 -10.162
388436.500 130517.500 -10.150
388436.500 130518.500 -10.168
388436.500 130519.500 -10.137
388436.500 130520.500 -10.190
388436.500 130521.500 -10.213
388436.500 130522.500 -10.195
388436.500 130523.500 -10.217
388436.500 130524.500 -10.302
388436.500 130525.500 -10.295
388436.500 130526.500 -10.282
388436.500 130527.500 -10.310
388436.500 130528.500 -10.335
388436.500 130529.500 -10.348
388436.500 130530.500 -10.405
388436.500 130531.500 -10.430
388436.500 130532.500 -10.428
388436.500 130533.500 -10.450
388436.500 130534.500 -10.502
388436.500 130535.500 -10.530
388436.500 130536.500 -10.532
388436.500 130537.500 -10.550
388436.500 130538.500 -10.572
388436.500 130539.500 -10.570
388436.500 130540.500 -10.625
388436.500 130541.500 -10.645
388436.500 130542.500 -10.678
388436.500 130543.500 -10.685
388436.500 130544.500 -10.697
388436.500 130545.500 -10.707
388436.500 130546.500 -10.715
388436.500 130547.500 -10.687
388436.500 130548.500 -10.650
388436.500 130549.500 -10.660
388436.500 130550.500 -10.670
388436.500 130551.500 -10.665
388436.500 130552.500 -10.677
388436.500 130553.500 -10.712
388436.500 130554.500 -10.727
388436.500 130555.500 -10.675
388436.500 130556.500 -10.658
388436.500 130557.500 -10.670
388436.500 130558.500 -10.720
388436.500 130559.500 -10.748
388436.500 130560.500 -10.752
388436.500 130561.500 -10.755
388436.500 130562.500 -10.767
388436.500 130563.500 -10.752
388436.500 130564.500 -10.775
388436.500 130565.500 -10.807
388436.500 130566.500 -10.838
388436.500 130567.500 -10.872
388436.500 130568.500 -10.885
388436.500 130569.500 -10.877
388436.500 130570.500 -10.912
388436.500 130571.500 -10.963
388436.500 130572.500 -10.957
388436.500 130573.500 -10.955
388436.500 130574.500 -10.978
388436.500 130575.500 -10.968
388436.500 130576.500 -10.955
388436.500 130577.500 -11.012
388436.500 130578.500 -11.068
388436.500 130579.500 -11.080
388436.500 130580.500 -11.100
388436.500 130581.500 -11.150
388436.500 130582.500 -11.215
388436.500 130583.500 -11.280
388436.500 130584.500 -11.297
388436.500 130585.500 -11.263
388436.500 130586.500 -11.245
388436.500 130587.500 -11.272
388436.500 130588.500 -11.297
388436.500 130589.500 -11.300
388436.500 130590.500 -11.300
388436.500 130591.500 -11.333
388437.500 130484.500 -10.740
388437.500 130485.500 -10.723
388437.500 130486.500 -10.700
388437.500 130487.500 -10.665
388437.500 130488.500 -10.652
388437.500 130489.500 -10.623
388437.500 130490.500 -10.617
388437.500 130491.500 -10.583
388437.500 130492.500 -10.550
388437.500 130493.500 -10.512
388437.500 130494.500 -10.490
388437.500 130495.500 -10.463
388437.500 130496.500 -10.425
388437.500 130497.500 -10.408
388437.500 130498.500 -10.397
388437.500 130499.500 -10.365
388437.500 130500.500 -10.357
388437.500 130501.500 -10.345
388437.500 130502.500 -10.307
388437.500 130503.500 -10.292
388437.500 130504.500 -10.257
388437.500 130505.500 -10.222
388437.500 130506.500 -10.192
388437.500 130507.500 -10.190
388437.500 130508.500 -10.178
388437.500 130509.500 -10.182
388437.500 130510.500 -10.225
388437.500 130511.500 -10.230
388437.500 130512.500 -10.210
388437.500 130513.500 -10.190
388437.500 130514.500 -10.185
388437.500 130515.500 -10.180
388437.500 130516.500 -10.162
388437.500 130517.500 -10.165
388437.500 130518.500 -10.172
388437.500 130519.500 -10.200
388437.500 130520.500 -10.232
388437.500 130521.500 -10.235
388437.500 130522.500 -10.240
388437.500 130523.500 -10.245
388437.500 130524.500 -10.287
388437.500 130525.500 -10.292
388437.500 130526.500 -10.258
388437.500 130527.500 -10.305
388437.500 130528.500 -10.330
388437.500 130529.500 -10.342
388437.500 130530.500 -10.372
388437.500 130531.500 -10.388
388437.500 130532.500 -10.425
388437.500 130533.500 -10.420
388437.500 130534.500 -10.440
388437.500 130535.500 -10.497
388437.500 130536.500 -10.540
388437.500 130537.500 -10.577
388437.500 130538.500 -10.590
388437.500 130539.500 -10.610
388437.500 130540.500 -10.627
388437.500 130541.500 -10.643
388437.500 130542.500 -10.655
388437.500 130543.500 -10.677
388437.500 130544.500 -10.695
388437.500 130545.500 -10.693
388437.500 130546.500 -10.697
388437.500 130547.500 -10.670
388437.500 130548.500 -10.632
388437.500 130549.500 -10.675
388437.500 130550.500 -10.682
388437.500 130551.500 -10.668
388437.500 130552.500 -10.638
388437.500 130553.500 -10.645
388437.500 130554.500 -10.667
388437.500 130555.500 -10.610
388437.500 130556.500 -10.635
388437.500 130557.500 -10.670
388437.500 130558.500 -10.685
388437.500 130559.500 -10.702
388437.500 130560.500 -10.725
388437.500 130561.500 -10.707
388437.500 130562.500 -10.690
388437.500 130563.500 -10.727
388437.500 130564.500 -10.745
388437.500 130565.500 -10.770
388437.500 130566.500 -10.775
388437.500 130567.500 -10.793
388437.500 130568.500 -10.803
388437.500 130569.500 -10.852
388437.500 130570.500 -10.873
388437.500 130571.500 -10.895
388437.500 130572.500 -10.895
388437.500 130573.500 -10.902
388437.500 130574.500 -10.950
388437.500 130575.500 -10.967
388437.500 130576.500 -10.970
388437.500 130577.500 -10.990
388437.500 130578.500 -11.015
388437.500 130579.500 -11.045
388437.500 130580.500 -11.095
388437.500 130581.500 -11.150
388437.500 130582.500 -11.223
388437.500 130583.500 -11.265
388437.500 130584.500 -11.270
388437.500 130585.500 -11.242
388437.500 130586.500 -11.200
388437.500 130587.500 -11.192
388437.500 130588.500 -11.235
388437.500 130589.500 -11.260
388437.500 130590.500 -11.245
388437.500 130591.500 -11.263
388438.500 130486.500 -10.735
388438.500 130487.500 -10.697
388438.500 130488.500 -10.678
388438.500 130489.500 -10.652
388438.500 130490.500 -10.655
388438.500 130491.500 -10.623
388438.500 130492.500 -10.592
388438.500 130493.500 -10.542
388438.500 130494.500 -10.522
388438.500 130495.500 -10.485
388438.500 130496.500 -10.460
388438.500 130497.500 -10.420
388438.500 130498.500 -10.385
388438.500 130499.500 -10.365
388438.500 130500.500 -10.355
388438.500 130501.500 -10.338
388438.500 130502.500 -10.350
388438.500 130503.500 -10.342
388438.500 130504.500 -10.305
388438.500 130505.500 -10.260
388438.500 130506.500 -10.222
388438.500 130507.500 -10.202
388438.500 130508.500 -10.180
388438.500 130509.500 -10.215
388438.500 130510.500 -10.277
388438.500 130511.500 -10.257
388438.500 130512.500 -10.225
388438.500 130513.500 -10.205
388438.500 130514.500 -10.180
388438.500 130515.500 -10.182
388438.500 130516.500 -10.178
388438.500 130517.500 -10.178
388438.500 130518.500 -10.188
388438.500 130519.500 -10.220
388438.500 130520.500 -10.230
388438.500 130521.500 -10.245
388438.500 130522.500 -10.265
388438.500 130523.500 -10.260
388438.500 130524.500 -10.268
388438.500 130525.500 -10.277
388438.500 130526.500 -10.243
388438.500 130527.500 -10.270
388438.500 130528.500 -10.332
388438.500 130529.500 -10.350
388438.500 130530.500 -10.360
388438.500 130531.500 -10.367
388438.500 130532.500 -10.412
388438.500 130533.500 -10.408
388438.500 130534.500 -10.428
388438.500 130535.500 -10.480
388438.500 130536.500 -10.532
388438.500 130537.500 -10.560
388438.500 130538.500 -10.505
388438.500 130539.500 -10.605
388438.500 130540.500 -10.625
388438.500 130541.500 -10.625
388438.500 130542.500 -10.650
388438.500 130543.500 -10.660
388438.500 130544.500 -10.680
388438.500 130545.500 -10.685
388438.500 130546.500 -10.695
388438.500 130547.500 -10.690
388438.500 130548.500 -10.647
388438.500 130549.500 -10.662
388438.500 130550.500 -10.678
388438.500 130551.500 -10.672
388438.500 130552.500 -10.655
388438.500 130553.500 -10.643
388438.500 130554.500 -10.662
388438.500 130555.500 -10.652
388438.500 130556.500 -10.655
388438.500 130557.500 -10.680
388438.500 130558.500 -10.680
388438.500 130559.500 -10.693
388438.500 130560.500 -10.692
388438.500 130561.500 -10.650
388438.500 130562.500 -10.617
388438.500 130563.500 -10.682
388438.500 130564.500 -10.705
388438.500 130565.500 -10.723
388438.500 130566.500 -10.740
388438.500 130567.500 -10.732
388438.500 130568.500 -10.753
388438.500 130569.500 -10.817
388438.500 130570.500 -10.837
388438.500 130571.500 -10.835
388438.500 130572.500 -10.848
388438.500 130573.500 -10.867
388438.500 130574.500 -10.910
388438.500 130575.500 -10.922
388438.500 130576.500 -10.910
388438.500 130577.500 -10.930
388438.500 130578.500 -10.947
388438.500 130579.500 -11.005
388438.500 130580.500 -11.075
388438.500 130581.500 -11.138
388438.500 130582.500 -11.205
388438.500 130583.500 -11.280
388438.500 130584.500 -11.280
388438.500 130585.500 -11.247
388438.500 130586.500 -11.213
388438.500 130587.500 -11.172
388438.500 130588.500 -11.190
388438.500 130589.500 -11.210
388438.500 130590.500 -11.192
388438.500 130591.500 -11.235
388439.500 130487.500 -10.715
388439.500 130488.500 -10.693
388439.500 130489.500 -10.680
388439.500 130490.500 -10.670
388439.500 130491.500 -10.630
388439.500 130492.500 -10.595
388439.500 130493.500 -10.560
388439.500 130494.500 -10.548
388439.500 130495.500 -10.523
388439.500 130496.500 -10.495
388439.500 130497.500 -10.438
388439.500 130498.500 -10.395
388439.500 130499.500 -10.393
388439.500 130500.500 -10.365
388439.500 130501.500 -10.365
388439.500 130502.500 -10.377
388439.500 130503.500 -10.377
388439.500 130504.500 -10.345
388439.500 130505.500 -10.312
388439.500 130506.500 -10.270
388439.500 130507.500 -10.225
388439.500 130508.500 -10.212
388439.500 130509.500 -10.220
388439.500 130510.500 -10.272
388439.500 130511.500 -10.280
388439.500 130512.500 -10.235
388439.500 130513.500 -10.215
388439.500 130514.500 -10.200
388439.500 130515.500 -10.220
388439.500 130516.500 -10.190
388439.500 130517.500 -10.185
388439.500 130518.500 -10.193
388439.500 130519.500 -10.202
388439.500 130520.500 -10.238
388439.500 130521.500 -10.252
388439.500 130522.500 -10.275
388439.500 130523.500 -10.275
388439.500 130524.500 -10.237
388439.500 130525.500 -10.265
388439.500 130526.500 -10.263
388439.500 130527.500 -10.277
388439.500 130528.500 -10.320
388439.500 130529.500 -10.352
388439.500 130530.500 -10.367
388439.500 130531.500 -10.375
388439.500 130532.500 -10.377
388439.500 130533.500 -10.408
388439.500 130534.500 -10.425
388439.500 130535.500 -10.463
388439.500 130536.500 -10.503
388439.500 130537.500 -10.450
388439.500 130538.500 -10.483
388439.500 130539.500 -10.593
388439.500 130540.500 -10.623
388439.500 130541.500 -10.625
388439.500 130542.500 -10.645
388439.500 130543.500 -10.658
388439.500 130544.500 -10.668
388439.500 130545.500 -10.670
388439.500 130546.500 -10.665
388439.500 130547.500 -10.745
388439.500 130548.500 -10.707
388439.500 130549.500 -10.672
388439.500 130550.500 -10.677
388439.500 130551.500 -10.693
388439.500 130552.500 -10.685
388439.500 130553.500 -10.685
388439.500 130554.500 -10.675
388439.500 130555.500 -10.695
388439.500 130556.500 -10.690
388439.500 130557.500 -10.672
388439.500 130558.500 -10.625
388439.500 130559.500 -10.650
388439.500 130560.500 -10.650
388439.500 130561.500 -10.597
388439.500 130562.500 -10.558
388439.500 130563.500 -10.630
388439.500 130564.500 -10.695
388439.500 130565.500 -10.715
388439.500 130566.500 -10.748
388439.500 130567.500 -10.740
388439.500 130568.500 -10.748
388439.500 130569.500 -10.762
388439.500 130570.500 -10.772
388439.500 130571.500 -10.790
388439.500 130572.500 -10.815
388439.500 130573.500 -10.835
388439.500 130574.500 -10.857
388439.500 130575.500 -10.867
388439.500 130576.500 -10.873
388439.500 130577.500 -10.910
388439.500 130578.500 -10.938
388439.500 130579.500 -11.000
388439.500 130580.500 -11.060
388439.500 130581.500 -11.105
388439.500 130582.500 -11.158
388439.500 130583.500 -11.255
388439.500 130584.500 -11.310
388439.500 130585.500 -11.298
388439.500 130586.500 -11.252
388439.500 130587.500 -11.245
388439.500 130588.500 -11.250
388439.500 130589.500 -11.222
388439.500 130590.500 -11.207
388439.500 130591.500 -11.230
388440.500 130489.500 -10.710
388440.500 130490.500 -10.695
388440.500 130491.500 -10.668
388440.500 130492.500 -10.630
388440.500 130493.500 -10.615
388440.500 130494.500 -10.585
388440.500 130495.500 -10.552
388440.500 130496.500 -10.515
388440.500 130497.500 -10.477
388440.500 130498.500 -10.435
388440.500 130499.500 -10.417
388440.500 130500.500 -10.395
388440.500 130501.500 -10.380
388440.500 130502.500 -10.377
388440.500 130503.500 -10.387
388440.500 130504.500 -10.370
388440.500 130505.500 -10.335
388440.500 130506.500 -10.303
388440.500 130507.500 -10.270
388440.500 130508.500 -10.252
388440.500 130509.500 -10.240
388440.500 130510.500 -10.248
388440.500 130511.500 -10.268
388440.500 130512.500 -10.277
388440.500 130513.500 -10.277
388440.500 130514.500 -10.250
388440.500 130515.500 -10.215
388440.500 130516.500 -10.182
388440.500 130517.500 -10.185
388440.500 130518.500 -10.172
388440.500 130519.500 -10.188
388440.500 130520.500 -10.223
388440.500 130521.500 -10.235
388440.500 130522.500 -10.255
388440.500 130523.500 -10.277
388440.500 130524.500 -10.265
388440.500 130525.500 -10.270
388440.500 130526.500 -10.268
388440.500 130527.500 -10.292
388440.500 130528.500 -10.310
388440.500 130529.500 -10.352
388440.500 130530.500 -10.355
388440.500 130531.500 -10.373
388440.500 130532.500 -10.373
388440.500 130533.500 -10.408
388440.500 130534.500 -10.435
388440.500 130535.500 -10.457
388440.500 130536.500 -10.490
388440.500 130537.500 -10.415
388440.500 130538.500 -10.442
388440.500 130539.500 -10.583
388440.500 130540.500 -10.620
388440.500 130541.500 -10.627
388440.500 130542.500 -10.640
388440.500 130543.500 -10.645
388440.500 130544.500 -10.652
388440.500 130545.500 -10.630
388440.500 130546.500 -10.633
388440.500 130547.500 -10.688
388440.500 130548.500 -10.675
388440.500 130549.500 -10.670
388440.500 130550.500 -10.677
388440.500 130551.500 -10.680
388440.500 130552.500 -10.647
388440.500 130553.500 -10.672
388440.500 130554.500 -10.667
388440.500 130555.500 -10.678
388440.500 130556.500 -10.715
388440.500 130557.500 -10.667
388440.500 130558.500 -10.605
388440.500 130559.500 -10.605
388440.500 130560.500 -10.600
388440.500 130561.500 -10.567
388440.500 130562.500 -10.537
388440.500 130563.500 -10.592
388440.500 130564.500 -10.662
388440.500 130565.500 -10.685
388440.500 130566.500 -10.725
388440.500 130567.500 -10.737
388440.500 130568.500 -10.695
388440.500 130569.500 -10.695
388440.500 130570.500 -10.745
388440.500 130571.500 -10.765
388440.500 130572.500 -10.782
388440.500 130573.500 -10.787
388440.500 130574.500 -10.795
388440.500 130575.500 -10.860
388440.500 130576.500 -10.890
388440.500 130577.500 -10.922
388440.500 130578.500 -10.945
388440.500 130579.500 -10.980
388440.500 130580.500 -11.018
388440.500 130581.500 -11.047
388440.500 130582.500 -11.090
388440.500 130583.500 -11.170
388440.500 130584.500 -11.250
388440.500 130585.500 -11.277
388440.500 130586.500 -11.272
388440.500 130587.500 -11.298
388440.500 130588.500 -11.300
388440.500 130589.500 -11.255
388440.500 130590.500 -11.205
388440.500 130591.500 -11.185
388441.500 130491.500 -10.705
388441.500 130492.500 -10.658
388441.500 130493.500 -10.637
388441.500 130494.500 -10.617
388441.500 130495.500 -10.588
388441.500 130496.500 -10.545
388441.500 130497.500 -10.508
388441.500 130498.500 -10.465
388441.500 130499.500 -10.450
388441.500 130500.500 -10.420
388441.500 130501.500 -10.395
388441.500 130502.500 -10.382
388441.500 130503.500 -10.377
388441.500 130504.500 -10.367
388441.500 130505.500 -10.340
388441.500 130506.500 -10.327
388441.500 130507.500 -10.295
388441.500 130508.500 -10.285
388441.500 130509.500 -10.255
388441.500 130510.500 -10.242
388441.500 130511.500 -10.260
388441.500 130512.500 -10.275
388441.500 130513.500 -10.290
388441.500 130514.500 -10.260
388441.500 130515.500 -10.215
388441.500 130516.500 -10.180
388441.500 130517.500 -10.162
388441.500 130518.500 -10.148
388441.500 130519.500 -10.195
388441.500 130520.500 -10.233
388441.500 130521.500 -10.228
388441.500 130522.500 -10.225
388441.500 130523.500 -10.258
388441.500 130524.500 -10.275
388441.500 130525.500 -10.282
388441.500 130526.500 -10.297
388441.500 130527.500 -10.295
388441.500 130528.500 -10.315
388441.500 130529.500 -10.355
388441.500 130530.500 -10.372
388441.500 130531.500 -10.390
388441.500 130532.500 -10.400
388441.500 130533.500 -10.410
388441.500 130534.500 -10.432
388441.500 130535.500 -10.450
388441.500 130536.500 -10.393
388441.500 130537.500 -10.402
388441.500 130538.500 -10.425
388441.500 130539.500 -10.582
388441.500 130540.500 -10.622
388441.500 130541.500 -10.625
388441.500 130542.500 -10.643
388441.500 130543.500 -10.658
388441.500 130544.500 -10.655
388441.500 130545.500 -10.627
388441.500 130546.500 -10.580
388441.500 130547.500 -10.643
388441.500 130548.500 -10.645
388441.500 130549.500 -10.640
388441.500 130550.500 -10.655
388441.500 130551.500 -10.663
388441.500 130552.500 -10.627
388441.500 130553.500 -10.627
388441.500 130554.500 -10.598
388441.500 130555.500 -10.600
388441.500 130556.500 -10.665
388441.500 130557.500 -10.632
388441.500 130558.500 -10.603
388441.500 130559.500 -10.555
388441.500 130560.500 -10.562
388441.500 130561.500 -10.527
388441.500 130562.500 -10.530
388441.500 130563.500 -10.573
388441.500 130564.500 -10.630
388441.500 130565.500 -10.670
388441.500 130566.500 -10.690
388441.500 130567.500 -10.700
388441.500 130568.500 -10.680
388441.500 130569.500 -10.655
388441.500 130570.500 -10.693
388441.500 130571.500 -10.700
388441.500 130572.500 -10.720
388441.500 130573.500 -10.755
388441.500 130574.500 -10.785
388441.500 130575.500 -10.870
388441.500 130576.500 -10.895
388441.500 130577.500 -10.915
388441.500 130578.500 -10.907
388441.500 130579.500 -10.923
388441.500 130580.500 -10.960
388441.500 130581.500 -11.010
388441.500 130582.500 -11.040
388441.500 130583.500 -11.090
388441.500 130584.500 -11.153
388441.500 130585.500 -11.223
388441.500 130586.500 -11.235
388441.500 130587.500 -11.242
388441.500 130588.500 -11.265
388441.500 130589.500 -11.255
388441.500 130590.500 -11.202
388441.500 130591.500 -11.160
388442.500 130492.500 -10.715
388442.500 130493.500 -10.690
388442.500 130494.500 -10.643
388442.500 130495.500 -10.612
388442.500 130496.500 -10.570
388442.500 130497.500 -10.535
388442.500 130498.500 -10.505
388442.500 130499.500 -10.490
388442.500 130500.500 -10.455
388442.500 130501.500 -10.425
388442.500 130502.500 -10.395
388442.500 130503.500 -10.375
388442.500 130504.500 -10.377
388442.500 130505.500 -10.380
388442.500 130506.500 -10.365
388442.500 130507.500 -10.340
388442.500 130508.500 -10.310
388442.500 130509.500 -10.287
388442.500 130510.500 -10.262
388442.500 130511.500 -10.265
388442.500 130512.500 -10.268
388442.500 130513.500 -10.257
388442.500 130514.500 -10.247
388442.500 130515.500 -10.252
388442.500 130516.500 -10.215
388442.500 130517.500 -10.170
388442.500 130518.500 -10.168
388442.500 130519.500 -10.197
388442.500 130520.500 -10.227
388442.500 130521.500 -10.268
388442.500 130522.500 -10.272
388442.500 130523.500 -10.260
388442.500 130524.500 -10.277
388442.500 130525.500 -10.287
388442.500 130526.500 -10.268
388442.500 130527.500 -10.310
388442.500 130528.500 -10.360
388442.500 130529.500 -10.367
388442.500 130530.500 -10.367
388442.500 130531.500 -10.410
388442.500 130532.500 -10.425
388442.500 130533.500 -10.430
388442.500 130534.500 -10.435
388442.500 130535.500 -10.362
388442.500 130536.500 -10.385
388442.500 130537.500 -10.400
388442.500 130538.500 -10.570
388442.500 130539.500 -10.595
388442.500 130540.500 -10.627
388442.500 130541.500 -10.632
388442.500 130542.500 -10.650
388442.500 130543.500 -10.662
388442.500 130544.500 -10.688
388442.500 130545.500 -10.692
388442.500 130546.500 -10.540
388442.500 130547.500 -10.555
388442.500 130548.500 -10.615
388442.500 130549.500 -10.607
388442.500 130550.500 -10.653
388442.500 130551.500 -10.652
388442.500 130552.500 -10.615
388442.500 130553.500 -10.615
388442.500 130554.500 -10.588
388442.500 130555.500 -10.542
388442.500 130556.500 -10.540
388442.500 130557.500 -10.520
388442.500 130558.500 -10.527
388442.500 130559.500 -10.510
388442.500 130560.500 -10.510
388442.500 130561.500 -10.510
388442.500 130562.500 -10.490
388442.500 130563.500 -10.530
388442.500 130564.500 -10.585
388442.500 130565.500 -10.622
388442.500 130566.500 -10.632
388442.500 130567.500 -10.613
388442.500 130568.500 -10.588
388442.500 130569.500 -10.577
388442.500 130570.500 -10.590
388442.500 130571.500 -10.665
388442.500 130572.500 -10.725
388442.500 130573.500 -10.752
388442.500 130574.500 -10.797
388442.500 130575.500 -10.853
388442.500 130576.500 -10.847
388442.500 130577.500 -10.845
388442.500 130578.500 -10.865
388442.500 130579.500 -10.893
388442.500 130580.500 -10.940
388442.500 130581.500 -10.980
388442.500 130582.500 -11.013
388442.500 130583.500 -11.057
388442.500 130584.500 -11.088
388442.500 130585.500 -11.147
388442.500 130586.500 -11.170
388442.500 130587.500 -11.173
388442.500 130588.500 -11.197
388442.500 130589.500 -11.205
388442.500 130590.500 -11.205
388442.500 130591.500 -11.190
388443.500 130494.500 -10.668
388443.500 130495.500 -10.632
388443.500 130496.500 -10.613
388443.500 130497.500 -10.597
388443.500 130498.500 -10.555
388443.500 130499.500 -10.533
388443.500 130500.500 -10.490
388443.500 130501.500 -10.455
388443.500 130502.500 -10.430
388443.500 130503.500 -10.390
388443.500 130504.500 -10.380
388443.500 130505.500 -10.377
388443.500 130506.500 -10.388
388443.500 130507.500 -10.390
388443.500 130508.500 -10.355
388443.500 130509.500 -10.312
388443.500 130510.500 -10.282
388443.500 130511.500 -10.287
388443.500 130512.500 -10.273
388443.500 130513.500 -10.248
388443.500 130514.500 -10.245
388443.500 130515.500 -10.255
388443.500 130516.500 -10.232
388443.500 130517.500 -10.220
388443.500 130518.500 -10.205
388443.500 130519.500 -10.215
388443.500 130520.500 -10.242
388443.500 130521.500 -10.282
388443.500 130522.500 -10.297
388443.500 130523.500 -10.297
388443.500 130524.500 -10.277
388443.500 130525.500 -10.282
388443.500 130526.500 -10.270
388443.500 130527.500 -10.303
388443.500 130528.500 -10.432
388443.500 130529.500 -10.405
388443.500 130530.500 -10.393
388443.500 130531.500 -10.410
388443.500 130532.500 -10.430
388443.500 130533.500 -10.443
388443.500 130534.500 -10.460
388443.500 130535.500 -10.355
388443.500 130536.500 -10.377
388443.500 130537.500 -10.410
388443.500 130538.500 -10.580
388443.500 130539.500 -10.595
388443.500 130540.500 -10.620
388443.500 130541.500 -10.623
388443.500 130542.500 -10.643
388443.500 130543.500 -10.662
388443.500 130544.500 -10.700
388443.500 130545.500 -10.720
388443.500 130546.500 -10.498
388443.500 130547.500 -10.515
388443.500 130548.500 -10.640
388443.500 130549.500 -10.620
388443.500 130550.500 -10.663
388443.500 130551.500 -10.640
388443.500 130552.500 -10.610
388443.500 130553.500 -10.605
388443.500 130554.500 -10.595
388443.500 130555.500 -10.540
388443.500 130556.500 -10.520
388443.500 130557.500 -10.500
388443.500 130558.500 -10.502
388443.500 130559.500 -10.480
388443.500 130560.500 -10.490
388443.500 130561.500 -10.490
388443.500 130562.500 -10.422
388443.500 130563.500 -10.457
388443.500 130564.500 -10.537
388443.500 130565.500 -10.575
388443.500 130566.500 -10.592
388443.500 130567.500 -10.570
388443.500 130568.500 -10.518
388443.500 130569.500 -10.505
388443.500 130570.500 -10.553
388443.500 130571.500 -10.643
388443.500 130572.500 -10.715
388443.500 130573.500 -10.737
388443.500 130574.500 -10.750
388443.500 130575.500 -10.765
388443.500 130576.500 -10.775
388443.500 130577.500 -10.790
388443.500 130578.500 -10.838
388443.500 130579.500 -10.875
388443.500 130580.500 -10.905
388443.500 130581.500 -10.925
388443.500 130582.500 -10.963
388443.500 130583.500 -11.013
388443.500 130584.500 -11.050
388443.500 130585.500 -11.115
388443.500 130586.500 -11.127
388443.500 130587.500 -11.140
388443.500 130588.500 -11.153
388443.500 130589.500 -11.165
388443.500 130590.500 -11.175
388443.500 130591.500 -11.188
388444.500 130495.500 -10.655
388444.500 130496.500 -10.645
388444.500 130497.500 -10.625
388444.500 130498.500 -10.600
388444.500 130499.500 -10.563
388444.500 130500.500 -10.507
388444.500 130501.500 -10.498
388444.500 130502.500 -10.470
388444.500 130503.500 -10.440
388444.500 130504.500 -10.405
388444.500 130505.500 -10.380
388444.500 130506.500 -10.415
388444.500 130507.500 -10.420
388444.500 130508.500 -10.393
388444.500 130509.500 -10.345
388444.500 130510.500 -10.318
388444.500 130511.500 -10.305
388444.500 130512.500 -10.285
388444.500 130513.500 -10.268
388444.500 130514.500 -10.255
388444.500 130515.500 -10.260
388444.500 130516.500 -10.242
388444.500 130517.500 -10.257
388444.500 130518.500 -10.248
388444.500 130519.500 -10.225
388444.500 130520.500 -10.275
388444.500 130521.500 -10.307
388444.500 130522.500 -10.297
388444.500 130523.500 -10.320
388444.500 130524.500 -10.325
388444.500 130525.500 -10.297
388444.500 130526.500 -10.287
388444.500 130527.500 -10.265
388444.500 130528.500 -10.492
388444.500 130529.500 -10.447
388444.500 130530.500 -10.432
388444.500 130531.500 -10.435
388444.500 130532.500 -10.447
388444.500 130533.500 -10.457
388444.500 130534.500 -10.320
388444.500 130535.500 -10.350
388444.500 130536.500 -10.367
388444.500 130537.500 -10.560
388444.500 130538.500 -10.575
388444.500 130539.500 -10.595
388444.500 130540.500 -10.627
388444.500 130541.500 -10.622
388444.500 130542.500 -10.640
388444.500 130543.500 -10.665
388444.500 130544.500 -10.627
388444.500 130545.500 -10.600
388444.500 130546.500 -10.460
388444.500 130547.500 -10.557
388444.500 130548.500 -10.665
388444.500 130549.500 -10.692
388444.500 130550.500 -10.692
388444.500 130551.500 -10.668
388444.500 130552.500 -10.625
388444.500 130553.500 -10.605
388444.500 130554.500 -10.595
388444.500 130555.500 -10.582
388444.500 130556.500 -10.557
388444.500 130557.500 -10.520
388444.500 130558.500 -10.522
388444.500 130559.500 -10.487
388444.500 130560.500 -10.462
388444.500 130561.500 -10.435
388444.500 130562.500 -10.390
388444.500 130563.500 -10.425
388444.500 130564.500 -10.505
388444.500 130565.500 -10.537
388444.500 130566.500 -10.562
388444.500 130567.500 -10.543
388444.500 130568.500 -10.492
388444.500 130569.500 -10.495
388444.500 130570.500 -10.510
388444.500 130571.500 -10.572
388444.500 130572.500 -10.625
388444.500 130573.500 -10.658
388444.500 130574.500 -10.715
388444.500 130575.500 -10.732
388444.500 130576.500 -10.727
388444.500 130577.500 -10.755
388444.500 130578.500 -10.812
388444.500 130579.500 -10.845
388444.500 130580.500 -10.870
388444.500 130581.500 -10.887
388444.500 130582.500 -10.905
388444.500 130583.500 -10.955
388444.500 130584.500 -11.007
388444.500 130585.500 -11.055
388444.500 130586.500 -11.103
388444.500 130587.500 -11.117
388444.500 130588.500 -11.127
388444.500 130589.500 -11.147
388444.500 130590.500 -11.145
388444.500 130591.500 -11.155
388445.500 130497.500 -10.627
388445.500 130498.500 -10.622
388445.500 130499.500 -10.580
388445.500 130500.500 -10.540
388445.500 130501.500 -10.522
388445.500 130502.500 -10.510
388445.500 130503.500 -10.470
388445.500 130504.500 -10.422
388445.500 130505.500 -10.418
388445.500 130506.500 -10.440
388445.500 130507.500 -10.453
388445.500 130508.500 -10.395
388445.500 130509.500 -10.362
388445.500 130510.500 -10.360
388445.500 130511.500 -10.330
388445.500 130512.500 -10.305
388445.500 130513.500 -10.282
388445.500 130514.500 -10.257
388445.500 130515.500 -10.255
388445.500 130516.500 -10.235
388445.500 130517.500 -10.248
388445.500 130518.500 -10.225
388445.500 130519.500 -10.252
388445.500 130520.500 -10.312
388445.500 130521.500 -10.312
388445.500 130522.500 -10.318
388445.500 130523.500 -10.367
388445.500 130524.500 -10.330
388445.500 130525.500 -10.340
388445.500 130526.500 -10.338
388445.500 130527.500 -10.242
388445.500 130528.500 -10.290
388445.500 130529.500 -10.365
388445.500 130530.500 -10.287
388445.500 130531.500 -10.440
388445.500 130532.500 -10.437
388445.500 130533.500 -10.312
388445.500 130534.500 -10.327
388445.500 130535.500 -10.345
388445.500 130536.500 -10.540
388445.500 130537.500 -10.540
388445.500 130538.500 -10.568
388445.500 130539.500 -10.578
388445.500 130540.500 -10.613
388445.500 130541.500 -10.630
388445.500 130542.500 -10.520
388445.500 130543.500 -10.657
388445.500 130544.500 -10.588
388445.500 130545.500 -10.530
388445.500 130546.500 -10.508
388445.500 130547.500 -10.655
388445.500 130548.500 -10.715
388445.500 130549.500 -10.742
388445.500 130550.500 -10.668
388445.500 130551.500 -10.635
388445.500 130552.500 -10.612
388445.500 130553.500 -10.615
388445.500 130554.500 -10.623
388445.500 130555.500 -10.612
388445.500 130556.500 -10.570
388445.500 130557.500 -10.527
388445.500 130558.500 -10.500
388445.500 130559.500 -10.472
388445.500 130560.500 -10.452
388445.500 130561.500 -10.430
388445.500 130562.500 -10.400
388445.500 130563.500 -10.432
388445.500 130564.500 -10.488
388445.500 130565.500 -10.505
388445.500 130566.500 -10.545
388445.500 130567.500 -10.527
388445.500 130568.500 -10.518
388445.500 130569.500 -10.505
388445.500 130570.500 -10.508
388445.500 130571.500 -10.560
388445.500 130572.500 -10.590
388445.500 130573.500 -10.630
388445.500 130574.500 -10.670
388445.500 130575.500 -10.688
388445.500 130576.500 -10.695
388445.500 130577.500 -10.705
388445.500 130578.500 -10.768
388445.500 130579.500 -10.797
388445.500 130580.500 -10.825
388445.500 130581.500 -10.832
388445.500 130582.500 -10.843
388445.500 130583.500 -10.907
388445.500 130584.500 -10.960
388445.500 130585.500 -11.000
388445.500 130586.500 -11.055
388445.500 130587.500 -11.083
388445.500 130588.500 -11.092
388445.500 130589.500 -11.115
388445.500 130590.500 -11.130
388445.500 130591.500 -11.130
388446.500 130499.500 -10.617
388446.500 130500.500 -10.593
388446.500 130501.500 -10.557
388446.500 130502.500 -10.540
388446.500 130503.500 -10.502
388446.500 130504.500 -10.463
388446.500 130505.500 -10.440
388446.500 130506.500 -10.457
388446.500 130507.500 -10.470
388446.500 130508.500 -10.415
388446.500 130509.500 -10.382
388446.500 130510.500 -10.367
388446.500 130511.500 -10.362
388446.500 130512.500 -10.342
388446.500 130513.500 -10.303
388446.500 130514.500 -10.277
388446.500 130515.500 -10.262
388446.500 130516.500 -10.250
388446.500 130517.500 -10.275
388446.500 130518.500 -10.227
388446.500 130519.500 -10.255
388446.500 130520.500 -10.338
388446.500 130521.500 -10.360
388446.500 130522.500 -10.375
388446.500 130523.500 -10.390
388446.500 130524.500 -10.367
388446.500 130525.500 -10.367
388446.500 130526.500 -10.340
388446.500 130527.500 -10.287
388446.500 130528.500 -10.280
388446.500 130529.500 -10.260
388446.500 130530.500 -10.415
388446.500 130531.500 -10.423
388446.500 130532.500 -10.300
388446.500 130533.500 -10.307
388446.500 130534.500 -10.342
388446.500 130535.500 -10.355
388446.500 130536.500 -10.553
388446.500 130537.500 -10.568
388446.500 130538.500 -10.562
388446.500 130539.500 -10.578
388446.500 130540.500 -10.590
388446.500 130541.500 -10.492
388446.500 130542.500 -10.665
388446.500 130543.500 -10.640
388446.500 130544.500 -10.588
388446.500 130545.500 -10.540
388446.500 130546.500 -10.545
388446.500 130547.500 -10.623
388446.500 130548.500 -10.725
388446.500 130549.500 -10.775
388446.500 130550.500 -10.607
388446.500 130551.500 -10.570
388446.500 130552.500 -10.555
388446.500 130553.500 -10.570
388446.500 130554.500 -10.570
388446.500 130555.500 -10.600
388446.500 130556.500 -10.585
388446.500 130557.500 -10.535
388446.500 130558.500 -10.482
388446.500 130559.500 -10.450
388446.500 130560.500 -10.430
388446.500 130561.500 -10.435
388446.500 130562.500 -10.425
388446.500 130563.500 -10.440
388446.500 130564.500 -10.467
388446.500 130565.500 -10.477
388446.500 130566.500 -10.488
388446.500 130567.500 -10.515
388446.500 130568.500 -10.535
388446.500 130569.500 -10.540
388446.500 130570.500 -10.555
388446.500 130571.500 -10.583
388446.500 130572.500 -10.603
388446.500 130573.500 -10.625
388446.500 130574.500 -10.630
388446.500 130575.500 -10.645
388446.500 130576.500 -10.637
388446.500 130577.500 -10.640
388446.500 130578.500 -10.688
388446.500 130579.500 -10.725
388446.500 130580.500 -10.775
388446.500 130581.500 -10.810
388446.500 130582.500 -10.810
388446.500 130583.500 -10.873
388446.500 130584.500 -10.930
388446.500 130585.500 -10.965
388446.500 130586.500 -11.010
388446.500 130587.500 -11.040
388446.500 130588.500 -11.057
388446.500 130589.500 -11.075
388446.500 130590.500 -11.110
388446.500 130591.500 -11.110
388447.500 130500.500 -10.610
388447.500 130501.500 -10.597
388447.500 130502.500 -10.567
388447.500 130503.500 -10.518
388447.500 130504.500 -10.500
388447.500 130505.500 -10.470
388447.500 130506.500 -10.480
388447.500 130507.500 -10.490
388447.500 130508.500 -10.460
388447.500 130509.500 -10.402
388447.500 130510.500 -10.377
388447.500 130511.500 -10.370
388447.500 130512.500 -10.352
388447.500 130513.500 -10.325
388447.500 130514.500 -10.303
388447.500 130515.500 -10.277
388447.500 130516.500 -10.272
388447.500 130517.500 -10.272
388447.500 130518.500 -10.272
388447.500 130519.500 -10.292
388447.500 130520.500 -10.342
388447.500 130521.500 -10.377
388447.500 130522.500 -10.393
388447.500 130523.500 -10.418
388447.500 130524.500 -10.402
388447.500 130525.500 -10.400
388447.500 130526.500 -10.382
388447.500 130527.500 -10.370
388447.500 130528.500 -10.365
388447.500 130529.500 -10.277
388447.500 130530.500 -10.445
388447.500 130531.500 -10.450
388447.500 130532.500 -10.318
388447.500 130533.500 -10.307
388447.500 130534.500 -10.355
388447.500 130535.500 -10.540
388447.500 130536.500 -10.568
388447.500 130537.500 -10.577
388447.500 130538.500 -10.590
388447.500 130539.500 -10.575
388447.500 130540.500 -10.590
388447.500 130541.500 -10.477
388447.500 130542.500 -10.640
388447.500 130543.500 -10.630
388447.500 130544.500 -10.620
388447.500 130545.500 -10.588
388447.500 130546.500 -10.550
388447.500 130547.500 -10.553
388447.500 130548.500 -10.662
388447.500 130549.500 -10.680
388447.500 130550.500 -10.610
388447.500 130551.500 -10.547
388447.500 130552.500 -10.557
388447.500 130553.500 -10.545
388447.500 130554.500 -10.537
388447.500 130555.500 -10.552
388447.500 130556.500 -10.537
388447.500 130557.500 -10.542
388447.500 130558.500 -10.500
388447.500 130559.500 -10.457
388447.500 130560.500 -10.442
388447.500 130561.500 -10.457
388447.500 130562.500 -10.443
388447.500 130563.500 -10.418
388447.500 130564.500 -10.440
388447.500 130565.500 -10.460
388447.500 130566.500 -10.465
388447.500 130567.500 -10.482
388447.500 130568.500 -10.537
388447.500 130569.500 -10.545
388447.500 130570.500 -10.537
388447.500 130571.500 -10.535
388447.500 130572.500 -10.570
388447.500 130573.500 -10.607
388447.500 130574.500 -10.643
388447.500 130575.500 -10.647
388447.500 130576.500 -10.627
388447.500 130577.500 -10.607
388447.500 130578.500 -10.630
388447.500 130579.500 -10.670
388447.500 130580.500 -10.733
388447.500 130581.500 -10.770
388447.500 130582.500 -10.777
388447.500 130583.500 -10.820
388447.500 130584.500 -10.850
388447.500 130585.500 -10.922
388447.500 130586.500 -10.985
388447.500 130587.500 -11.015
388447.500 130588.500 -11.035
388447.500 130589.500 -11.037
388447.500 130590.500 -11.080
388447.500 130591.500 -11.068
388448.500 130502.500 -10.595
388448.500 130503.500 -10.557
388448.500 130504.500 -10.522
388448.500 130505.500 -10.495
388448.500 130506.500 -10.492
388448.500 130507.500 -10.495
388448.500 130508.500 -10.475
388448.500 130509.500 -10.412
388448.500 130510.500 -10.397
388448.500 130511.500 -10.405
388448.500 130512.500 -10.387
388448.500 130513.500 -10.387
388448.500 130514.500 -10.360
388448.500 130515.500 -10.318
388448.500 130516.500 -10.277
388448.500 130517.500 -10.265
388448.500 130518.500 -10.297
388448.500 130519.500 -10.322
388448.500 130520.500 -10.350
388448.500 130521.500 -10.375
388448.500 130522.500 -10.412
388448.500 130523.500 -10.395
388448.500 130524.500 -10.425
388448.500 130525.500 -10.447
388448.500 130526.500 -10.435
388448.500 130527.500 -10.422
388448.500 130528.500 -10.345
388448.500 130529.500 -10.322
388448.500 130530.500 -10.435
388448.500 130531.500 -10.450
388448.500 130532.500 -10.325
388448.500 130533.500 -10.333
388448.500 130534.500 -10.370
388448.500 130535.500 -10.558
388448.500 130536.500 -10.572
388448.500 130537.500 -10.582
388448.500 130538.500 -10.600
388448.500 130539.500 -10.595
388448.500 130540.500 -10.493
388448.500 130541.500 -10.510
388448.500 130542.500 -10.587
388448.500 130543.500 -10.650
388448.500 130544.500 -10.672
388448.500 130545.500 -10.652
388448.500 130546.500 -10.613
388448.500 130547.500 -10.570
388448.500 130548.500 -10.605
388448.500 130549.500 -10.665
388448.500 130550.500 -10.647
388448.500 130551.500 -10.617
388448.500 130552.500 -10.612
388448.500 130553.500 -10.575
388448.500 130554.500 -10.553
388448.500 130555.500 -10.533
388448.500 130556.500 -10.508
388448.500 130557.500 -10.515
388448.500 130558.500 -10.482
388448.500 130559.500 -10.473
388448.500 130560.500 -10.450
388448.500 130561.500 -10.465
388448.500 130562.500 -10.465
388448.500 130563.500 -10.440
388448.500 130564.500 -10.442
388448.500 130565.500 -10.452
388448.500 130566.500 -10.467
388448.500 130567.500 -10.460
388448.500 130568.500 -10.485
388448.500 130569.500 -10.512
388448.500 130570.500 -10.513
388448.500 130571.500 -10.525
388448.500 130572.500 -10.542
388448.500 130573.500 -10.570
388448.500 130574.500 -10.612
388448.500 130575.500 -10.637
388448.500 130576.500 -10.637
388448.500 130577.500 -10.617
388448.500 130578.500 -10.615
388448.500 130579.500 -10.640
388448.500 130580.500 -10.672
388448.500 130581.500 -10.705
388448.500 130582.500 -10.747
388448.500 130583.500 -10.790
388448.500 130584.500 -10.812
388448.500 130585.500 -10.862
388448.500 130586.500 -10.945
388448.500 130587.500 -10.980
388448.500 130588.500 -10.982
388448.500 130589.500 -10.995
388448.500 130590.500 -11.025
388448.500 130591.500 -11.022
388449.500 130503.500 -10.580
388449.500 130504.500 -10.552
388449.500 130505.500 -10.510
388449.500 130506.500 -10.483
388449.500 130507.500 -10.498
388449.500 130508.500 -10.482
388449.500 130509.500 -10.432
388449.500 130510.500 -10.410
388449.500 130511.500 -10.412
388449.500 130512.500 -10.383
388449.500 130513.500 -10.412
388449.500 130514.500 -10.400
388449.500 130515.500 -10.355
388449.500 130516.500 -10.292
388449.500 130517.500 -10.295
388449.500 130518.500 -10.315
388449.500 130519.500 -10.342
388449.500 130520.500 -10.372
388449.500 130521.500 -10.385
388449.500 130522.500 -10.400
388449.500 130523.500 -10.367
388449.500 130524.500 -10.405
388449.500 130525.500 -10.425
388449.500 130526.500 -10.487
388449.500 130527.500 -10.520
388449.500 130528.500 -10.393
388449.500 130529.500 -10.387
388449.500 130530.500 -10.357
388449.500 130531.500 -10.322
388449.500 130532.500 -10.330
388449.500 130533.500 -10.357
388449.500 130534.500 -10.585
388449.500 130535.500 -10.582
388449.500 130536.500 -10.583
388449.500 130537.500 -10.588
388449.500 130538.500 -10.602
388449.500 130539.500 -10.590
388449.500 130540.500 -10.527
388449.500 130541.500 -10.577
388449.500 130542.500 -10.560
388449.500 130543.500 -10.647
388449.500 130544.500 -10.718
388449.500 130545.500 -10.750
388449.500 130546.500 -10.715
388449.500 130547.500 -10.640
388449.500 130548.500 -10.615
388449.500 130549.500 -10.610
388449.500 130550.500 -10.620
388449.500 130551.500 -10.635
388449.500 130552.500 -10.670
388449.500 130553.500 -10.633
388449.500 130554.500 -10.598
388449.500 130555.500 -10.560
388449.500 130556.500 -10.512
388449.500 130557.500 -10.508
388449.500 130558.500 -10.475
388449.500 130559.500 -10.455
388449.500 130560.500 -10.445
388449.500 130561.500 -10.490
388449.500 130562.500 -10.488
388449.500 130563.500 -10.457
388449.500 130564.500 -10.440
388449.500 130565.500 -10.460
388449.500 130566.500 -10.477
388449.500 130567.500 -10.445
388449.500 130568.500 -10.457
388449.500 130569.500 -10.470
388449.500 130570.500 -10.500
388449.500 130571.500 -10.525
388449.500 130572.500 -10.525
388449.500 130573.500 -10.525
388449.500 130574.500 -10.547
388449.500 130575.500 -10.577
388449.500 130576.500 -10.600
388449.500 130577.500 -10.630
388449.500 130578.500 -10.640
388449.500 130579.500 -10.647
388449.500 130580.500 -10.662
388449.500 130581.500 -10.687
388449.500 130582.500 -10.705
388449.500 130583.500 -10.738
388449.500 130584.500 -10.775
388449.500 130585.500 -10.800
388449.500 130586.500 -10.873
388449.500 130587.500 -10.917
388449.500 130588.500 -10.925
388449.500 130589.500 -10.940
388449.500 130590.500 -10.952
388449.500 130591.500 -10.980
388450.500 130505.500 -10.553
388450.500 130506.500 -10.532
388450.500 130507.500 -10.515
388450.500 130508.500 -10.505
388450.500 130509.500 -10.478
388450.500 130510.500 -10.445
388450.500 130511.500 -10.397
388450.500 130512.500 -10.373
388450.500 130513.500 -10.425
388450.500 130514.500 -10.415
388450.500 130515.500 -10.377
388450.500 130516.500 -10.355
388450.500 130517.500 -10.352
388450.500 130518.500 -10.355
388450.500 130519.500 -10.360
388450.500 130520.500 -10.365
388450.500 130521.500 -10.372
388450.500 130522.500 -10.402
388450.500 130523.500 -10.405
388450.500 130524.500 -10.400
388450.500 130525.500 -10.405
388450.500 130526.500 -10.520
388450.500 130527.500 -10.372
388450.500 130528.500 -10.505
388450.500 130529.500 -10.515
388450.500 130530.500 -10.408
388450.500 130531.500 -10.372
388450.500 130532.500 -10.385
388450.500 130533.500 -10.580
388450.500 130534.500 -10.613
388450.500 130535.500 -10.623
388450.500 130536.500 -10.630
388450.500 130537.500 -10.627
388450.500 130538.500 -10.660
388450.500 130539.500 -10.502
388450.500 130540.500 -10.670
388450.500 130541.500 -10.585
388450.500 130542.500 -10.627
388450.500 130543.500 -10.650
388450.500 130544.500 -10.693
388450.500 130545.500 -10.687
388450.500 130546.500 -10.707
388450.500 130547.500 -10.688
388450.500 130548.500 -10.650
388450.500 130549.500 -10.610
388450.500 130550.500 -10.595
388450.500 130551.500 -10.605
388450.500 130552.500 -10.640
388450.500 130553.500 -10.662
388450.500 130554.500 -10.652
388450.500 130555.500 -10.612
388450.500 130556.500 -10.548
388450.500 130557.500 -10.515
388450.500 130558.500 -10.475
388450.500 130559.500 -10.450
388450.500 130560.500 -10.450
388450.500 130561.500 -10.480
388450.500 130562.500 -10.470
388450.500 130563.500 -10.445
388450.500 130564.500 -10.450
388450.500 130565.500 -10.478
388450.500 130566.500 -10.498
388450.500 130567.500 -10.485
388450.500 130568.500 -10.483
388450.500 130569.500 -10.470
388450.500 130570.500 -10.508
388450.500 130571.500 -10.520
388450.500 130572.500 -10.508
388450.500 130573.500 -10.498
388450.500 130574.500 -10.505
388450.500 130575.500 -10.527
388450.500 130576.500 -10.565
388450.500 130577.500 -10.595
388450.500 130578.500 -10.627
388450.500 130579.500 -10.645
388450.500 130580.500 -10.632
388450.500 130581.500 -10.652
388450.500 130582.500 -10.710
388450.500 130583.500 -10.728
388450.500 130584.500 -10.735
388450.500 130585.500 -10.750
388450.500 130586.500 -10.810
388450.500 130587.500 -10.848
388450.500 130588.500 -10.862
388450.500 130589.500 -10.877
388450.500 130590.500 -10.910
388450.500 130591.500 -10.945
388451.500 130507.500 -10.540
388451.500 130508.500 -10.540
388451.500 130509.500 -10.510
388451.500 130510.500 -10.445
388451.500 130511.500 -10.410
388451.500 130512.500 -10.405
388451.500 130513.500 -10.430
388451.500 130514.500 -10.435
388451.500 130515.500 -10.425
388451.500 130516.500 -10.415
388451.500 130517.500 -10.408
388451.500 130518.500 -10.418
388451.500 130519.500 -10.405
388451.500 130520.500 -10.395
388451.500 130521.500 -10.422
388451.500 130522.500 -10.427
388451.500 130523.500 -10.432
388451.500 130524.500 -10.430
388451.500 130525.500 -10.515
388451.500 130526.500 -10.393
388451.500 130527.500 -10.393
388451.500 130528.500 -10.550
388451.500 130529.500 -10.565
388451.500 130530.500 -10.445
388451.500 130531.500 -10.432
388451.500 130532.500 -10.620
388451.500 130533.500 -10.592
388451.500 130534.500 -10.617
388451.500 130535.500 -10.650
388451.500 130536.500 -10.645
388451.500 130537.500 -10.633
388451.500 130538.500 -10.510
388451.500 130539.500 -10.513
388451.500 130540.500 -10.640
388451.500 130541.500 -10.610
388451.500 130542.500 -10.620
388451.500 130543.500 -10.670
388451.500 130544.500 -10.658
388451.500 130545.500 -10.615
388451.500 130546.500 -10.565
388451.500 130547.500 -10.623
388451.500 130548.500 -10.668
388451.500 130549.500 -10.625
388451.500 130550.500 -10.582
388451.500 130551.500 -10.580
388451.500 130552.500 -10.590
388451.500 130553.500 -10.610
388451.500 130554.500 -10.627
388451.500 130555.500 -10.645
388451.500 130556.500 -10.615
388451.500 130557.500 -10.560
388451.500 130558.500 -10.522
388451.500 130559.500 -10.475
388451.500 130560.500 -10.457
388451.500 130561.500 -10.450
388451.500 130562.500 -10.447
388451.500 130563.500 -10.425
388451.500 130564.500 -10.455
388451.500 130565.500 -10.490
388451.500 130566.500 -10.492
388451.500 130567.500 -10.490
388451.500 130568.500 -10.480
388451.500 130569.500 -10.480
388451.500 130570.500 -10.505
388451.500 130571.500 -10.500
388451.500 130572.500 -10.488
388451.500 130573.500 -10.470
388451.500 130574.500 -10.485
388451.500 130575.500 -10.492
388451.500 130576.500 -10.520
388451.500 130577.500 -10.522
388451.500 130578.500 -10.562
388451.500 130579.500 -10.615
388451.500 130580.500 -10.620
388451.500 130581.500 -10.627
388451.500 130582.500 -10.668
388451.500 130583.500 -10.697
388451.500 130584.500 -10.740
388451.500 130585.500 -10.748
388451.500 130586.500 -10.775
388451.500 130587.500 -10.797
388451.500 130588.500 -10.807
388451.500 130589.500 -10.830
388451.500 130590.500 -10.862
388451.500 130591.500 -10.888
388452.500 130508.500 -10.565
388452.500 130509.500 -10.520
388452.500 130510.500 -10.485
388452.500 130511.500 -10.465
388452.500 130512.500 -10.452
388452.500 130513.500 -10.452
388452.500 130514.500 -10.455
388452.500 130515.500 -10.447
388452.500 130516.500 -10.457
388452.500 130517.500 -10.442
388452.500 130518.500 -10.445
388452.500 130519.500 -10.428
388452.500 130520.500 -10.465
388452.500 130521.500 -10.460
388452.500 130522.500 -10.463
388452.500 130523.500 -10.482
388452.500 130524.500 -10.490
388452.500 130525.500 -10.495
388452.500 130526.500 -10.415
388452.500 130527.500 -10.435
388452.500 130528.500 -10.547
388452.500 130529.500 -10.540
388452.500 130530.500 -10.520
388452.500 130531.500 -10.650
388452.500 130532.500 -10.622
388452.500 130533.500 -10.612
388452.500 130534.500 -10.610
388452.500 130535.500 -10.655
388452.500 130536.500 -10.652
388452.500 130537.500 -10.640
388452.500 130538.500 -10.535
388452.500 130539.500 -10.537
388452.500 130540.500 -10.630
388452.500 130541.500 -10.647
388452.500 130542.500 -10.630
388452.500 130543.500 -10.660
388452.500 130544.500 -10.640
388452.500 130545.500 -10.652
388452.500 130546.500 -10.435
388452.500 130547.500 -10.532
388452.500 130548.500 -10.605
388452.500 130549.500 -10.625
388452.500 130550.500 -10.580
388452.500 130551.500 -10.555
388452.500 130552.500 -10.565
388452.500 130553.500 -10.568
388452.500 130554.500 -10.588
388452.500 130555.500 -10.602
388452.500 130556.500 -10.635
388452.500 130557.500 -10.627
388452.500 130558.500 -10.565
388452.500 130559.500 -10.500
388452.500 130560.500 -10.472
388452.500 130561.500 -10.470
388452.500 130562.500 -10.445
388452.500 130563.500 -10.420
388452.500 130564.500 -10.430
388452.500 130565.500 -10.460
388452.500 130566.500 -10.470
388452.500 130567.500 -10.472
388452.500 130568.500 -10.453
388452.500 130569.500 -10.470
388452.500 130570.500 -10.480
388452.500 130571.500 -10.475
388452.500 130572.500 -10.478
388452.500 130573.500 -10.482
388452.500 130574.500 -10.485
388452.500 130575.500 -10.462
388452.500 130576.500 -10.460
388452.500 130577.500 -10.472
388452.500 130578.500 -10.508
388452.500 130579.500 -10.545
388452.500 130580.500 -10.572
388452.500 130581.500 -10.625
388452.500 130582.500 -10.660
388452.500 130583.500 -10.662
388452.500 130584.500 -10.687
388452.500 130585.500 -10.712
388452.500 130586.500 -10.772
388452.500 130587.500 -10.782
388452.500 130588.500 -10.798
388452.500 130589.500 -10.808
388452.500 130590.500 -10.800
388452.500 130591.500 -10.818
388453.500 130510.500 -10.535
388453.500 130511.500 -10.520
388453.500 130512.500 -10.495
388453.500 130513.500 -10.490
388453.500 130514.500 -10.490
388453.500 130515.500 -10.485
388453.500 130516.500 -10.492
388453.500 130517.500 -10.498
388453.500 130518.500 -10.480
388453.500 130519.500 -10.460
388453.500 130520.500 -10.492
388453.500 130521.500 -10.528
388453.500 130522.500 -10.533
388453.500 130523.500 -10.537
388453.500 130524.500 -10.530
388453.500 130525.500 -10.450
388453.500 130526.500 -10.450
388453.500 130527.500 -10.620
388453.500 130528.500 -10.577
388453.500 130529.500 -10.595
388453.500 130530.500 -10.562
388453.500 130531.500 -10.690
388453.500 130532.500 -10.667
388453.500 130533.500 -10.650
388453.500 130534.500 -10.537
388453.500 130535.500 -10.663
388453.500 130536.500 -10.670
388453.500 130537.500 -10.547
388453.500 130538.500 -10.557
388453.500 130539.500 -10.640
388453.500 130540.500 -10.645
388453.500 130541.500 -10.660
388453.500 130542.500 -10.650
388453.500 130543.500 -10.687
388453.500 130544.500 -10.655
388453.500 130545.500 -10.622
388453.500 130546.500 -10.545
388453.500 130547.500 -10.590
388453.500 130548.500 -10.615
388453.500 130549.500 -10.635
388453.500 130550.500 -10.617
388453.500 130551.500 -10.568
388453.500 130552.500 -10.558
388453.500 130553.500 -10.567
388453.500 130554.500 -10.575
388453.500 130555.500 -10.568
388453.500 130556.500 -10.585
388453.500 130557.500 -10.605
388453.500 130558.500 -10.588
388453.500 130559.500 -10.548
388453.500 130560.500 -10.512
388453.500 130561.500 -10.515
388453.500 130562.500 -10.487
388453.500 130563.500 -10.455
388453.500 130564.500 -10.435
388453.500 130565.500 -10.452
388453.500 130566.500 -10.440
388453.500 130567.500 -10.440
388453.500 130568.500 -10.420
388453.500 130569.500 -10.443
388453.500 130570.500 -10.447
388453.500 130571.500 -10.452
388453.500 130572.500 -10.470
388453.500 130573.500 -10.473
388453.500 130574.500 -10.467
388453.500 130575.500 -10.457
388453.500 130576.500 -10.442
388453.500 130577.500 -10.450
388453.500 130578.500 -10.473
388453.500 130579.500 -10.513
388453.500 130580.500 -10.542
388453.500 130581.500 -10.580
388453.500 130582.500 -10.625
388453.500 130583.500 -10.668
388453.500 130584.500 -10.670
388453.500 130585.500 -10.678
388453.500 130586.500 -10.725
388453.500 130587.500 -10.755
388453.500 130588.500 -10.782
388453.500 130589.500 -10.780
388453.500 130590.500 -10.780
388453.500 130591.500 -10.805
388454.500 130511.500 -10.545
388454.500 130512.500 -10.532
388454.500 130513.500 -10.520
388454.500 130514.500 -10.525
388454.500 130515.500 -10.518
388454.500 130516.500 -10.530
388454.500 130517.500 -10.505
388454.500 130518.500 -10.510
388454.500 130519.500 -10.510
388454.500 130520.500 -10.550
388454.500 130521.500 -10.557
388454.500 130522.500 -10.565
388454.500 130523.500 -10.567
388454.500 130524.500 -10.520
388454.500 130525.500 -10.508
388454.500 130526.500 -10.502
388454.500 130527.500 -10.627
388454.500 130528.500 -10.630
388454.500 130529.500 -10.575
388454.500 130530.500 -10.588
388454.500 130531.500 -10.727
388454.500 130532.500 -10.730
388454.500 130533.500 -10.568
388454.500 130534.500 -10.713
388454.500 130535.500 -10.697
388454.500 130536.500 -10.555
388454.500 130537.500 -10.575
388454.500 130538.500 -10.607
388454.500 130539.500 -10.700
388454.500 130540.500 -10.675
388454.500 130541.500 -10.675
388454.500 130542.500 -10.688
388454.500 130543.500 -10.693
388454.500 130544.500 -10.670
388454.500 130545.500 -10.645
388454.500 130546.500 -10.650
388454.500 130547.500 -10.647
388454.500 130548.500 -10.665
388454.500 130549.500 -10.697
388454.500 130550.500 -10.665
388454.500 130551.500 -10.590
388454.500 130552.500 -10.568
388454.500 130553.500 -10.588
388454.500 130554.500 -10.588
388454.500 130555.500 -10.555
388454.500 130556.500 -10.565
388454.500 130557.500 -10.582
388454.500 130558.500 -10.588
388454.500 130559.500 -10.588
388454.500 130560.500 -10.570
388454.500 130561.500 -10.545
388454.500 130562.500 -10.530
388454.500 130563.500 -10.482
388454.500 130564.500 -10.470
388454.500 130565.500 -10.460
388454.500 130566.500 -10.462
388454.500 130567.500 -10.462
388454.500 130568.500 -10.455
388454.500 130569.500 -10.447
388454.500 130570.500 -10.443
388454.500 130571.500 -10.447
388454.500 130572.500 -10.460
388454.500 130573.500 -10.472
388454.500 130574.500 -10.457
388454.500 130575.500 -10.455
388454.500 130576.500 -10.432
388454.500 130577.500 -10.425
388454.500 130578.500 -10.463
388454.500 130579.500 -10.510
388454.500 130580.500 -10.525
388454.500 130581.500 -10.553
388454.500 130582.500 -10.577
388454.500 130583.500 -10.622
388454.500 130584.500 -10.658
388454.500 130585.500 -10.688
388454.500 130586.500 -10.685
388454.500 130587.500 -10.707
388454.500 130588.500 -10.730
388454.500 130589.500 -10.720
388454.500 130590.500 -10.745
388454.500 130591.500 -10.787
388455.500 130513.500 -10.550
388455.500 130514.500 -10.565
388455.500 130515.500 -10.572
388455.500 130516.500 -10.560
388455.500 130517.500 -10.545
388455.500 130518.500 -10.550
388455.500 130519.500 -10.570
388455.500 130520.500 -10.590
388455.500 130521.500 -10.632
388455.500 130522.500 -10.632
388455.500 130523.500 -10.610
388455.500 130524.500 -10.572
388455.500 130525.500 -10.565
388455.500 130526.500 -10.670
388455.500 130527.500 -10.677
388455.500 130528.500 -10.523
388455.500 130529.500 -10.542
388455.500 130530.500 -10.577
388455.500 130531.500 -10.720
388455.500 130532.500 -10.552
388455.500 130533.500 -10.600
388455.500 130534.500 -10.750
388455.500 130535.500 -10.730
388455.500 130536.500 -10.575
388455.500 130537.500 -10.605
388455.500 130538.500 -10.737
388455.500 130539.500 -10.712
388455.500 130540.500 -10.700
388455.500 130541.500 -10.717
388455.500 130542.500 -10.712
388455.500 130543.500 -10.720
388455.500 130544.500 -10.692
388455.500 130545.500 -10.675
388455.500 130546.500 -10.705
388455.500 130547.500 -10.703
388455.500 130548.500 -10.732
388455.500 130549.500 -10.762
388455.500 130550.500 -10.745
388455.500 130551.500 -10.682
388455.500 130552.500 -10.620
388455.500 130553.500 -10.620
388455.500 130554.500 -10.598
388455.500 130555.500 -10.565
388455.500 130556.500 -10.565
388455.500 130557.500 -10.523
388455.500 130558.500 -10.570
388455.500 130559.500 -10.565
388455.500 130560.500 -10.580
388455.500 130561.500 -10.562
388455.500 130562.500 -10.537
388455.500 130563.500 -10.505
388455.500 130564.500 -10.518
388455.500 130565.500 -10.487
388455.500 130566.500 -10.480
388455.500 130567.500 -10.487
388455.500 130568.500 -10.487
388455.500 130569.500 -10.480
388455.500 130570.500 -10.462
388455.500 130571.500 -10.447
388455.500 130572.500 -10.450
388455.500 130573.500 -10.460
388455.500 130574.500 -10.442
388455.500 130575.500 -10.435
388455.500 130576.500 -10.432
388455.500 130577.500 -10.443
388455.500 130578.500 -10.465
388455.500 130579.500 -10.492
388455.500 130580.500 -10.500
388455.500 130581.500 -10.522
388455.500 130582.500 -10.540
388455.500 130583.500 -10.555
388455.500 130584.500 -10.598
388455.500 130585.500 -10.630
388455.500 130586.500 -10.645
388455.500 130587.500 -10.680
388455.500 130588.500 -10.680
388455.500 130589.500 -10.687
388455.500 130590.500 -10.732
388455.500 130591.500 -10.765
388456.500 130515.500 -10.602
388456.500 130516.500 -10.622
388456.500 130517.500 -10.613
388456.500 130518.500 -10.602
388456.500 130519.500 -10.605
388456.500 130520.500 -10.633
388456.500 130521.500 -10.677
388456.500 130522.500 -10.665
388456.500 130523.500 -10.605
388456.500 130524.500 -10.605
388456.500 130525.500 -10.710
388456.500 130526.500 -10.713
388456.500 130527.500 -10.590
388456.500 130528.500 -10.560
388456.500 130529.500 -10.557
388456.500 130530.500 -10.790
388456.500 130531.500 -10.555
388456.500 130532.500 -10.570
388456.500 130533.500 -10.598
388456.500 130534.500 -10.792
388456.500 130535.500 -10.605
388456.500 130536.500 -10.612
388456.500 130537.500 -10.730
388456.500 130538.500 -10.732
388456.500 130539.500 -10.755
388456.500 130540.500 -10.768
388456.500 130541.500 -10.745
388456.500 130542.500 -10.737
388456.500 130543.500 -10.740
388456.500 130544.500 -10.720
388456.500 130545.500 -10.725
388456.500 130546.500 -10.735
388456.500 130547.500 -10.770
388456.500 130548.500 -10.807
388456.500 130549.500 -10.830
388456.500 130550.500 -10.807
388456.500 130551.500 -10.762
388456.500 130552.500 -10.703
388456.500 130553.500 -10.655
388456.500 130554.500 -10.627
388456.500 130555.500 -10.572
388456.500 130556.500 -10.550
388456.500 130557.500 -10.525
388456.500 130558.500 -10.555
388456.500 130559.500 -10.543
388456.500 130560.500 -10.578
388456.500 130561.500 -10.572
388456.500 130562.500 -10.535
388456.500 130563.500 -10.540
388456.500 130564.500 -10.557
388456.500 130565.500 -10.540
388456.500 130566.500 -10.520
388456.500 130567.500 -10.530
388456.500 130568.500 -10.518
388456.500 130569.500 -10.490
388456.500 130570.500 -10.457
388456.500 130571.500 -10.443
388456.500 130572.500 -10.442
388456.500 130573.500 -10.453
388456.500 130574.500 -10.432
388456.500 130575.500 -10.430
388456.500 130576.500 -10.440
388456.500 130577.500 -10.442
388456.500 130578.500 -10.452
388456.500 130579.500 -10.455
388456.500 130580.500 -10.478
388456.500 130581.500 -10.500
388456.500 130582.500 -10.508
388456.500 130583.500 -10.525
388456.500 130584.500 -10.550
388456.500 130585.500 -10.578
388456.500 130586.500 -10.600
388456.500 130587.500 -10.650
388456.500 130588.500 -10.665
388456.500 130589.500 -10.668
388456.500 130590.500 -10.702
388456.500 130591.500 -10.727
388457.500 130516.500 -10.675
388457.500 130517.500 -10.668
388457.500 130518.500 -10.683
388457.500 130519.500 -10.672
388457.500 130520.500 -10.685
388457.500 130521.500 -10.685
388457.500 130522.500 -10.690
388457.500 130523.500 -10.637
388457.500 130524.500 -10.750
388457.500 130525.500 -10.755
388457.500 130526.500 -10.662
388457.500 130527.500 -10.650
388457.500 130528.500 -10.645
388457.500 130529.500 -10.612
388457.500 130530.500 -10.597
388457.500 130531.500 -10.605
388457.500 130532.500 -10.615
388457.500 130533.500 -10.830
388457.500 130534.500 -10.810
388457.500 130535.500 -10.658
388457.500 130536.500 -10.770
388457.500 130537.500 -10.733
388457.500 130538.500 -10.785
388457.500 130539.500 -10.818
388457.500 130540.500 -10.800
388457.500 130541.500 -10.765
388457.500 130542.500 -10.760
388457.500 130543.500 -10.730
388457.500 130544.500 -10.748
388457.500 130545.500 -10.732
388457.500 130546.500 -10.760
388457.500 130547.500 -10.827
388457.500 130548.500 -10.850
388457.500 130549.500 -10.872
388457.500 130550.500 -10.818
388457.500 130551.500 -10.782
388457.500 130552.500 -10.762
388457.500 130553.500 -10.720
388457.500 130554.500 -10.690
388457.500 130555.500 -10.635
388457.500 130556.500 -10.592
388457.500 130557.500 -10.578
388457.500 130558.500 -10.585
388457.500 130559.500 -10.603
388457.500 130560.500 -10.617
388457.500 130561.500 -10.603
388457.500 130562.500 -10.575
388457.500 130563.500 -10.583
388457.500 130564.500 -10.588
388457.500 130565.500 -10.592
388457.500 130566.500 -10.568
388457.500 130567.500 -10.553
388457.500 130568.500 -10.540
388457.500 130569.500 -10.510
388457.500 130570.500 -10.465
388457.500 130571.500 -10.445
388457.500 130572.500 -10.462
388457.500 130573.500 -10.462
388457.500 130574.500 -10.440
388457.500 130575.500 -10.443
388457.500 130576.500 -10.442
388457.500 130577.500 -10.440
388457.500 130578.500 -10.447
388457.500 130579.500 -10.447
388457.500 130580.500 -10.467
388457.500 130581.500 -10.488
388457.500 130582.500 -10.480
388457.500 130583.500 -10.498
388457.500 130584.500 -10.522
388457.500 130585.500 -10.557
388457.500 130586.500 -10.600
388457.500 130587.500 -10.632
388457.500 130588.500 -10.643
388457.500 130589.500 -10.658
388457.500 130590.500 -10.675
388457.500 130591.500 -10.700
388458.500 130518.500 -10.740
388458.500 130519.500 -10.737
388458.500 130520.500 -10.750
388458.500 130521.500 -10.720
388458.500 130522.500 -10.715
388458.500 130523.500 -10.695
388458.500 130524.500 -10.790
388458.500 130525.500 -10.720
388458.500 130526.500 -10.720
388458.500 130527.500 -10.700
388458.500 130528.500 -10.702
388458.500 130529.500 -10.685
388458.500 130530.500 -10.670
388458.500 130531.500 -10.662
388458.500 130532.500 -10.917
388458.500 130533.500 -10.870
388458.500 130534.500 -10.727
388458.500 130535.500 -10.745
388458.500 130536.500 -10.857
388458.500 130537.500 -10.860
388458.500 130538.500 -10.845
388458.500 130539.500 -10.857
388458.500 130540.500 -10.828
388458.500 130541.500 -10.765
388458.500 130542.500 -10.757
388458.500 130543.500 -10.775
388458.500 130544.500 -10.797
388458.500 130545.500 -10.777
388458.500 130546.500 -10.798
388458.500 130547.500 -10.850
388458.500 130548.500 -10.877
388458.500 130549.500 -10.872
388458.500 130550.500 -10.862
388458.500 130551.500 -10.860
388458.500 130552.500 -10.842
388458.500 130553.500 -10.800
388458.500 130554.500 -10.763
388458.500 130555.500 -10.715
388458.500 130556.500 -10.665
388458.500 130557.500 -10.637
388458.500 130558.500 -10.637
388458.500 130559.500 -10.652
388458.500 130560.500 -10.637
388458.500 130561.500 -10.627
388458.500 130562.500 -10.595
388458.500 130563.500 -10.590
388458.500 130564.500 -10.625
388458.500 130565.500 -10.600
388458.500 130566.500 -10.562
388458.500 130567.500 -10.565
388458.500 130568.500 -10.545
388458.500 130569.500 -10.523
388458.500 130570.500 -10.508
388458.500 130571.500 -10.492
388458.500 130572.500 -10.487
388458.500 130573.500 -10.465
388458.500 130574.500 -10.442
388458.500 130575.500 -10.435
388458.500 130576.500 -10.440
388458.500 130577.500 -10.437
388458.500 130578.500 -10.442
388458.500 130579.500 -10.455
388458.500 130580.500 -10.470
388458.500 130581.500 -10.470
388458.500 130582.500 -10.475
388458.500 130583.500 -10.475
388458.500 130584.500 -10.492
388458.500 130585.500 -10.547
388458.500 130586.500 -10.588
388458.500 130587.500 -10.607
388458.500 130588.500 -10.607
388458.500 130589.500 -10.617
388458.500 130590.500 -10.640
388458.500 130591.500 -10.670
388459.500 130519.500 -10.818
388459.500 130520.500 -10.830
388459.500 130521.500 -10.792
388459.500 130522.500 -10.808
388459.500 130523.500 -10.830
388459.500 130524.500 -10.810
388459.500 130525.500 -10.775
388459.500 130526.500 -10.778
388459.500 130527.500 -10.765
388459.500 130528.500 -10.748
388459.500 130529.500 -10.742
388459.500 130530.500 -10.730
388459.500 130531.500 -10.730
388459.500 130532.500 -10.945
388459.500 130533.500 -10.772
388459.500 130534.500 -10.795
388459.500 130535.500 -10.890
388459.500 130536.500 -10.925
388459.500 130537.500 -10.940
388459.500 130538.500 -10.925
388459.500 130539.500 -10.938
388459.500 130540.500 -10.853
388459.500 130541.500 -10.842
388459.500 130542.500 -10.882
388459.500 130543.500 -10.865
388459.500 130544.500 -10.873
388459.500 130545.500 -10.842
388459.500 130546.500 -10.877
388459.500 130547.500 -10.907
388459.500 130548.500 -10.915
388459.500 130549.500 -10.912
388459.500 130550.500 -10.925
388459.500 130551.500 -10.908
388459.500 130552.500 -10.897
388459.500 130553.500 -10.850
388459.500 130554.500 -10.820
388459.500 130555.500 -10.792
388459.500 130556.500 -10.725
388459.500 130557.500 -10.690
388459.500 130558.500 -10.692
388459.500 130559.500 -10.680
388459.500 130560.500 -10.655
388459.500 130561.500 -10.633
388459.500 130562.500 -10.610
388459.500 130563.500 -10.627
388459.500 130564.500 -10.643
388459.500 130565.500 -10.610
388459.500 130566.500 -10.562
388459.500 130567.500 -10.588
388459.500 130568.500 -10.570
388459.500 130569.500 -10.545
388459.500 130570.500 -10.537
388459.500 130571.500 -10.508
388459.500 130572.500 -10.502
388459.500 130573.500 -10.487
388459.500 130574.500 -10.457
388459.500 130575.500 -10.450
388459.500 130576.500 -10.440
388459.500 130577.500 -10.432
388459.500 130578.500 -10.438
388459.500 130579.500 -10.435
388459.500 130580.500 -10.435
388459.500 130581.500 -10.438
388459.500 130582.500 -10.450
388459.500 130583.500 -10.462
388459.500 130584.500 -10.498
388459.500 130585.500 -10.532
388459.500 130586.500 -10.557
388459.500 130587.500 -10.582
388459.500 130588.500 -10.595
388459.500 130589.500 -10.630
388459.500 130590.500 -10.650
388459.500 130591.500 -10.645
388460.500 130521.500 -10.865
388460.500 130522.500 -10.893
388460.500 130523.500 -10.860
388460.500 130524.500 -10.882
388460.500 130525.500 -10.855
388460.500 130526.500 -10.838
388460.500 130527.500 -10.830
388460.500 130528.500 -10.822
388460.500 130529.500 -10.805
388460.500 130530.500 -10.775
388460.500 130531.500 -11.020
388460.500 130532.500 -11.007
388460.500 130533.500 -10.830
388460.500 130534.500 -10.865
388460.500 130535.500 -10.973
388460.500 130536.500 -11.030
388460.500 130537.500 -10.993
388460.500 130538.500 -11.037
388460.500 130539.500 -11.050
388460.500 130540.500 -10.927
388460.500 130541.500 -10.907
388460.500 130542.500 -10.942
388460.500 130543.500 -10.967
388460.500 130544.500 -10.922
388460.500 130545.500 -10.897
388460.500 130546.500 -10.953
388460.500 130547.500 -10.957
388460.500 130548.500 -10.940
388460.500 130549.500 -10.943
388460.500 130550.500 -10.980
388460.500 130551.500 -10.965
388460.500 130552.500 -10.935
388460.500 130553.500 -10.893
388460.500 130554.500 -10.867
388460.500 130555.500 -10.832
388460.500 130556.500 -10.782
388460.500 130557.500 -10.758
388460.500 130558.500 -10.732
388460.500 130559.500 -10.723
388460.500 130560.500 -10.700
388460.500 130561.500 -10.697
388460.500 130562.500 -10.680
388460.500 130563.500 -10.672
388460.500 130564.500 -10.675
388460.500 130565.500 -10.645
388460.500 130566.500 -10.643
388460.500 130567.500 -10.625
388460.500 130568.500 -10.595
388460.500 130569.500 -10.570
388460.500 130570.500 -10.565
388460.500 130571.500 -10.527
388460.500 130572.500 -10.508
388460.500 130573.500 -10.482
388460.500 130574.500 -10.447
388460.500 130575.500 -10.455
388460.500 130576.500 -10.437
388460.500 130577.500 -10.425
388460.500 130578.500 -10.405
388460.500 130579.500 -10.408
388460.500 130580.500 -10.397
388460.500 130581.500 -10.400
388460.500 130582.500 -10.435
388460.500 130583.500 -10.450
388460.500 130584.500 -10.475
388460.500 130585.500 -10.505
388460.500 130586.500 -10.535
388460.500 130587.500 -10.568
388460.500 130588.500 -10.585
388460.500 130589.500 -10.607
388460.500 130590.500 -10.620
388460.500 130591.500 -10.632
388461.500 130523.500 -10.970
388461.500 130524.500 -10.967
388461.500 130525.500 -10.960
388461.500 130526.500 -10.925
388461.500 130527.500 -10.910
388461.500 130528.500 -10.900
388461.500 130529.500 -10.890
388461.500 130530.500 -10.883
388461.500 130531.500 -11.090
388461.500 130532.500 -11.070
388461.500 130533.500 -10.935
388461.500 130534.500 -11.030
388461.500 130535.500 -11.030
388461.500 130536.500 -11.043
388461.500 130537.500 -11.025
388461.500 130538.500 -11.105
388461.500 130539.500 -11.107
388461.500 130540.500 -11.058
388461.500 130541.500 -11.015
388461.500 130542.500 -11.048
388461.500 130543.500 -11.060
388461.500 130544.500 -11.010
388461.500 130545.500 -10.978
388461.500 130546.500 -11.033
388461.500 130547.500 -11.022
388461.500 130548.500 -10.987
388461.500 130549.500 -10.977
388461.500 130550.500 -11.025
388461.500 130551.500 -11.007
388461.500 130552.500 -10.965
388461.500 130553.500 -10.947
388461.500 130554.500 -10.925
388461.500 130555.500 -10.885
388461.500 130556.500 -10.847
388461.500 130557.500 -10.815
388461.500 130558.500 -10.777
388461.500 130559.500 -10.752
388461.500 130560.500 -10.735
388461.500 130561.500 -10.730
388461.500 130562.500 -10.695
388461.500 130563.500 -10.703
388461.500 130564.500 -10.705
388461.500 130565.500 -10.693
388461.500 130566.500 -10.675
388461.500 130567.500 -10.660
388461.500 130568.500 -10.600
388461.500 130569.500 -10.583
388461.500 130570.500 -10.563
388461.500 130571.500 -10.537
388461.500 130572.500 -10.515
388461.500 130573.500 -10.495
388461.500 130574.500 -10.467
388461.500 130575.500 -10.473
388461.500 130576.500 -10.457
388461.500 130577.500 -10.410
388461.500 130578.500 -10.380
388461.500 130579.500 -10.380
388461.500 130580.500 -10.385
388461.500 130581.500 -10.402
388461.500 130582.500 -10.432
388461.500 130583.500 -10.445
388461.500 130584.500 -10.457
388461.500 130585.500 -10.480
388461.500 130586.500 -10.530
388461.500 130587.500 -10.557
388461.500 130588.500 -10.583
388461.500 130589.500 -10.582
388461.500 130590.500 -10.602
388461.500 130591.500 -10.615
388462.500 130524.500 -11.047
388462.500 130525.500 -11.040
388462.500 130526.500 -11.030
388462.500 130527.500 -11.010
388462.500 130528.500 -10.977
388462.500 130529.500 -10.982
388462.500 130530.500 -10.980
388462.500 130531.500 -11.133
388462.500 130532.500 -11.030
388462.500 130533.500 -11.080
388462.500 130534.500 -11.085
388462.500 130535.500 -11.090
388462.500 130536.500 -11.062
388462.500 130537.500 -11.088
388462.500 130538.500 -11.150
388462.500 130539.500 -11.153
388462.500 130540.500 -11.135
388462.500 130541.500 -11.160
388462.500 130542.500 -11.168
388462.500 130543.500 -11.155
388462.500 130544.500 -11.135
388462.500 130545.500 -11.110
388462.500 130546.500 -11.120
388462.500 130547.500 -11.098
388462.500 130548.500 -11.047
388462.500 130549.500 -11.033
388462.500 130550.500 -11.065
388462.500 130551.500 -11.053
388462.500 130552.500 -11.025
388462.500 130553.500 -10.985
388462.500 130554.500 -10.982
388462.500 130555.500 -10.947
388462.500 130556.500 -10.912
388462.500 130557.500 -10.882
388462.500 130558.500 -10.840
388462.500 130559.500 -10.797
388462.500 130560.500 -10.780
388462.500 130561.500 -10.763
388462.500 130562.500 -10.730
388462.500 130563.500 -10.735
388462.500 130564.500 -10.740
388462.500 130565.500 -10.725
388462.500 130566.500 -10.707
388462.500 130567.500 -10.677
388462.500 130568.500 -10.627
388462.500 130569.500 -10.612
388462.500 130570.500 -10.570
388462.500 130571.500 -10.558
388462.500 130572.500 -10.533
388462.500 130573.500 -10.495
388462.500 130574.500 -10.467
388462.500 130575.500 -10.475
388462.500 130576.500 -10.457
388462.500 130577.500 -10.410
388462.500 130578.500 -10.375
388462.500 130579.500 -10.355
388462.500 130580.500 -10.375
388462.500 130581.500 -10.390
388462.500 130582.500 -10.425
388462.500 130583.500 -10.445
388462.500 130584.500 -10.453
388462.500 130585.500 -10.465
388462.500 130586.500 -10.505
388462.500 130587.500 -10.540
388462.500 130588.500 -10.555
388462.500 130589.500 -10.565
388462.500 130590.500 -10.585
388462.500 130591.500 -10.610
388463.500 130526.500 -11.110
388463.500 130527.500 -11.115
388463.500 130528.500 -11.092
388463.500 130529.500 -11.082
388463.500 130530.500 -11.220
388463.500 130531.500 -11.200
388463.500 130532.500 -11.220
388463.500 130533.500 -11.205
388463.500 130534.500 -11.185
388463.500 130535.500 -11.183
388463.500 130536.500 -11.180
388463.500 130537.500 -11.190
388463.500 130538.500 -11.250
388463.500 130539.500 -11.277
388463.500 130540.500 -11.303
388463.500 130541.500 -11.320
388463.500 130542.500 -11.295
388463.500 130543.500 -11.270
388463.500 130544.500 -11.258
388463.500 130545.500 -11.250
388463.500 130546.500 -11.235
388463.500 130547.500 -11.197
388463.500 130548.500 -11.150
388463.500 130549.500 -11.127
388463.500 130550.500 -11.157
388463.500 130551.500 -11.140
388463.500 130552.500 -11.095
388463.500 130553.500 -11.048
388463.500 130554.500 -11.015
388463.500 130555.500 -10.980
388463.500 130556.500 -10.942
388463.500 130557.500 -10.932
388463.500 130558.500 -10.877
388463.500 130559.500 -10.835
388463.500 130560.500 -10.812
388463.500 130561.500 -10.795
388463.500 130562.500 -10.777
388463.500 130563.500 -10.782
388463.500 130564.500 -10.775
388463.500 130565.500 -10.747
388463.500 130566.500 -10.727
388463.500 130567.500 -10.700
388463.500 130568.500 -10.668
388463.500 130569.500 -10.617
388463.500 130570.500 -10.572
388463.500 130571.500 -10.560
388463.500 130572.500 -10.535
388463.500 130573.500 -10.502
388463.500 130574.500 -10.500
388463.500 130575.500 -10.485
388463.500 130576.500 -10.452
388463.500 130577.500 -10.390
388463.500 130578.500 -10.377
388463.500 130579.500 -10.355
388463.500 130580.500 -10.357
388463.500 130581.500 -10.375
388463.500 130582.500 -10.395
388463.500 130583.500 -10.415
388463.500 130584.500 -10.455
388463.500 130585.500 -10.460
388463.500 130586.500 -10.492
388463.500 130587.500 -10.515
388463.500 130588.500 -10.545
388463.500 130589.500 -10.547
388463.500 130590.500 -10.557
388463.500 130591.500 -10.562
388464.500 130528.500 -11.195
388464.500 130529.500 -11.240
388464.500 130530.500 -11.273
388464.500 130531.500 -11.380
388464.500 130532.500 -11.338
388464.500 130533.500 -11.342
388464.500 130534.500 -11.305
388464.500 130535.500 -11.303
388464.500 130536.500 -11.312
388464.500 130537.500 -11.363
388464.500 130538.500 -11.420
388464.500 130539.500 -11.445
388464.500 130540.500 -11.480
388464.500 130541.500 -11.465
388464.500 130542.500 -11.423
388464.500 130543.500 -11.268
388464.500 130544.500 -11.373
388464.500 130545.500 -11.372
388464.500 130546.500 -11.365
388464.500 130547.500 -11.335
388464.500 130548.500 -11.272
388464.500 130549.500 -11.242
388464.500 130550.500 -11.242
388464.500 130551.500 -11.207
388464.500 130552.500 -11.172
388464.500 130553.500 -11.110
388464.500 130554.500 -11.057
388464.500 130555.500 -11.018
388464.500 130556.500 -11.000
388464.500 130557.500 -10.965
388464.500 130558.500 -10.923
388464.500 130559.500 -10.880
388464.500 130560.500 -10.862
388464.500 130561.500 -10.855
388464.500 130562.500 -10.845
388464.500 130563.500 -10.820
388464.500 130564.500 -10.790
388464.500 130565.500 -10.772
388464.500 130566.500 -10.750
388464.500 130567.500 -10.712
388464.500 130568.500 -10.695
388464.500 130569.500 -10.635
388464.500 130570.500 -10.593
388464.500 130571.500 -10.575
388464.500 130572.500 -10.555
388464.500 130573.500 -10.527
388464.500 130574.500 -10.500
388464.500 130575.500 -10.495
388464.500 130576.500 -10.457
388464.500 130577.500 -10.415
388464.500 130578.500 -10.390
388464.500 130579.500 -10.355
388464.500 130580.500 -10.345
388464.500 130581.500 -10.362
388464.500 130582.500 -10.377
388464.500 130583.500 -10.400
388464.500 130584.500 -10.440
388464.500 130585.500 -10.445
388464.500 130586.500 -10.480
388464.500 130587.500 -10.508
388464.500 130588.500 -10.525
388464.500 130589.500 -10.540
388464.500 130590.500 -10.547
388464.500 130591.500 -10.562
388465.500 130529.500 -11.297
388465.500 130530.500 -11.320
388465.500 130531.500 -11.375
388465.500 130532.500 -11.408
388465.500 130533.500 -11.412
388465.500 130534.500 -11.418
388465.500 130535.500 -11.405
388465.500 130536.500 -11.415
388465.500 130537.500 -11.515
388465.500 130538.500 -11.607
388465.500 130539.500 -11.643
388465.500 130540.500 -11.680
388465.500 130541.500 -11.617
388465.500 130542.500 -11.557
388465.500 130543.500 -11.412
388465.500 130544.500 -11.478
388465.500 130545.500 -11.477
388465.500 130546.500 -11.460
388465.500 130547.500 -11.430
388465.500 130548.500 -11.405
388465.500 130549.500 -11.372
388465.500 130550.500 -11.337
388465.500 130551.500 -11.293
388465.500 130552.500 -11.238
388465.500 130553.500 -11.177
388465.500 130554.500 -11.102
388465.500 130555.500 -11.045
388465.500 130556.500 -11.020
388465.500 130557.500 -10.998
388465.500 130558.500 -10.962
388465.500 130559.500 -10.922
388465.500 130560.500 -10.902
388465.500 130561.500 -10.887
388465.500 130562.500 -10.862
388465.500 130563.500 -10.845
388465.500 130564.500 -10.822
388465.500 130565.500 -10.790
388465.500 130566.500 -10.755
388465.500 130567.500 -10.730
388465.500 130568.500 -10.715
388465.500 130569.500 -10.650
388465.500 130570.500 -10.598
388465.500 130571.500 -10.570
388465.500 130572.500 -10.555
388465.500 130573.500 -10.520
388465.500 130574.500 -10.500
388465.500 130575.500 -10.492
388465.500 130576.500 -10.467
388465.500 130577.500 -10.418
388465.500 130578.500 -10.372
388465.500 130579.500 -10.350
388465.500 130580.500 -10.345
388465.500 130581.500 -10.365
388465.500 130582.500 -10.387
388465.500 130583.500 -10.418
388465.500 130584.500 -10.430
388465.500 130585.500 -10.445
388465.500 130586.500 -10.477
388465.500 130587.500 -10.500
388465.500 130588.500 -10.530
388465.500 130589.500 -10.537
388465.500 130590.500 -10.560
388465.500 130591.500 -10.580
388466.500 130531.500 -11.290
388466.500 130532.500 -11.428
388466.500 130533.500 -11.475
388466.500 130534.500 -11.508
388466.500 130535.500 -11.482
388466.500 130536.500 -11.530
388466.500 130537.500 -11.595
388466.500 130538.500 -11.643
388466.500 130539.500 -11.742
388466.500 130540.500 -11.807
388466.500 130541.500 -11.757
388466.500 130542.500 -11.635
388466.500 130543.500 -11.592
388466.500 130544.500 -11.582
388466.500 130545.500 -11.580
388466.500 130546.500 -11.553
388466.500 130547.500 -11.528
388466.500 130548.500 -11.492
388466.500 130549.500 -11.472
388466.500 130550.500 -11.455
388466.500 130551.500 -11.415
388466.500 130552.500 -11.333
388466.500 130553.500 -11.240
388466.500 130554.500 -11.162
388466.500 130555.500 -11.090
388466.500 130556.500 -11.072
388466.500 130557.500 -11.040
388466.500 130558.500 -10.992
388466.500 130559.500 -10.950
388466.500 130560.500 -10.920
388466.500 130561.500 -10.908
388466.500 130562.500 -10.885
388466.500 130563.500 -10.860
388466.500 130564.500 -10.830
388466.500 130565.500 -10.807
388466.500 130566.500 -10.770
388466.500 130567.500 -10.755
388466.500 130568.500 -10.720
388466.500 130569.500 -10.658
388466.500 130570.500 -10.602
388466.500 130571.500 -10.568
388466.500 130572.500 -10.570
388466.500 130573.500 -10.527
388466.500 130574.500 -10.490
388466.500 130575.500 -10.498
388466.500 130576.500 -10.480
388466.500 130577.500 -10.420
388466.500 130578.500 -10.380
388466.500 130579.500 -10.355
388466.500 130580.500 -10.350
388466.500 130581.500 -10.377
388466.500 130582.500 -10.390
388466.500 130583.500 -10.420
388466.500 130584.500 -10.455
388466.500 130585.500 -10.450
388466.500 130586.500 -10.478
388466.500 130587.500 -10.490
388466.500 130588.500 -10.515
388466.500 130589.500 -10.527
388466.500 130590.500 -10.550
388466.500 130591.500 -10.572
388467.500 130532.500 -11.447
388467.500 130533.500 -11.533
388467.500 130534.500 -11.568
388467.500 130535.500 -11.592
388467.500 130536.500 -11.645
388467.500 130537.500 -11.665
388467.500 130538.500 -11.650
388467.500 130539.500 -11.735
388467.500 130540.500 -11.803
388467.500 130541.500 -11.772
388467.500 130542.500 -11.705
388467.500 130543.500 -11.697
388467.500 130544.500 -11.675
388467.500 130545.500 -11.650
388467.500 130546.500 -11.632
388467.500 130547.500 -11.627
388467.500 130548.500 -11.595
388467.500 130549.500 -11.562
388467.500 130550.500 -11.540
388467.500 130551.500 -11.498
388467.500 130552.500 -11.390
388467.500 130553.500 -11.312
388467.500 130554.500 -11.238
388467.500 130555.500 -11.142
388467.500 130556.500 -11.097
388467.500 130557.500 -11.060
388467.500 130558.500 -11.015
388467.500 130559.500 -10.980
388467.500 130560.500 -10.940
388467.500 130561.500 -10.930
388467.500 130562.500 -10.920
388467.500 130563.500 -10.867
388467.500 130564.500 -10.852
388467.500 130565.500 -10.810
388467.500 130566.500 -10.783
388467.500 130567.500 -10.758
388467.500 130568.500 -10.725
388467.500 130569.500 -10.678
388467.500 130570.500 -10.615
388467.500 130571.500 -10.585
388467.500 130572.500 -10.583
388467.500 130573.500 -10.552
388467.500 130574.500 -10.520
388467.500 130575.500 -10.505
388467.500 130576.500 -10.477
388467.500 130577.500 -10.425
388467.500 130578.500 -10.400
388467.500 130579.500 -10.350
388467.500 130580.500 -10.350
388467.500 130581.500 -10.395
388467.500 130582.500 -10.412
388467.500 130583.500 -10.430
388467.500 130584.500 -10.440
388467.500 130585.500 -10.432
388467.500 130586.500 -10.455
388467.500 130587.500 -10.480
388467.500 130588.500 -10.500
388467.500 130589.500 -10.520
388467.500 130590.500 -10.525
388467.500 130591.500 -10.553
388468.500 130534.500 -11.617
388468.500 130535.500 -11.692
388468.500 130536.500 -11.707
388468.500 130537.500 -11.682
388468.500 130538.500 -11.690
388468.500 130539.500 -11.740
388468.500 130540.500 -11.755
388468.500 130541.500 -11.770
388468.500 130542.500 -11.772
388468.500 130543.500 -11.758
388468.500 130544.500 -11.742
388468.500 130545.500 -11.713
388468.500 130546.500 -11.680
388468.500 130547.500 -11.683
388468.500 130548.500 -11.668
388468.500 130549.500 -11.637
388468.500 130550.500 -11.598
388468.500 130551.500 -11.560
388468.500 130552.500 -11.478
388468.500 130553.500 -11.395
388468.500 130554.500 -11.300
388468.500 130555.500 -11.190
388468.500 130556.500 -11.133
388468.500 130557.500 -11.072
388468.500 130558.500 -11.012
388468.500 130559.500 -10.977
388468.500 130560.500 -10.965
388468.500 130561.500 -10.947
388468.500 130562.500 -10.947
388468.500 130563.500 -10.900
388468.500 130564.500 -10.857
388468.500 130565.500 -10.830
388468.500 130566.500 -10.825
388468.500 130567.500 -10.795
388468.500 130568.500 -10.740
388468.500 130569.500 -10.682
388468.500 130570.500 -10.625
388468.500 130571.500 -10.600
388468.500 130572.500 -10.582
388468.500 130573.500 -10.542
388468.500 130574.500 -10.520
388468.500 130575.500 -10.502
388468.500 130576.500 -10.500
388468.500 130577.500 -10.450
388468.500 130578.500 -10.402
388468.500 130579.500 -10.345
388468.500 130580.500 -10.338
388468.500 130581.500 -10.400
388468.500 130582.500 -10.422
388468.500 130583.500 -10.387
388468.500 130584.500 -10.397
388468.500 130585.500 -10.400
388468.500 130586.500 -10.423
388468.500 130587.500 -10.460
388468.500 130588.500 -10.495
388468.500 130589.500 -10.513
388468.500 130590.500 -10.510
388468.500 130591.500 -10.537
388469.500 130536.500 -11.707
388469.500 130537.500 -11.702
388469.500 130538.500 -11.720
388469.500 130539.500 -11.765
388469.500 130540.500 -11.773
388469.500 130541.500 -11.787
388469.500 130542.500 -11.792
388469.500 130543.500 -11.795
388469.500 130544.500 -11.777
388469.500 130545.500 -11.737
388469.500 130546.500 -11.715
388469.500 130547.500 -11.697
388469.500 130548.500 -11.703
388469.500 130549.500 -11.662
388469.500 130550.500 -11.622
388469.500 130551.500 -11.588
388469.500 130552.500 -11.543
388469.500 130553.500 -11.452
388469.500 130554.500 -11.360
388469.500 130555.500 -11.235
388469.500 130556.500 -11.155
388469.500 130557.500 -11.090
388469.500 130558.500 -11.032
388469.500 130559.500 -10.985
388469.500 130560.500 -10.982
388469.500 130561.500 -10.955
388469.500 130562.500 -10.960
388469.500 130563.500 -10.930
388469.500 130564.500 -10.870
388469.500 130565.500 -10.855
388469.500 130566.500 -10.850
388469.500 130567.500 -10.797
388469.500 130568.500 -10.760
388469.500 130569.500 -10.720
388469.500 130570.500 -10.658
388469.500 130571.500 -10.617
388469.500 130572.500 -10.585
388469.500 130573.500 -10.568
388469.500 130574.500 -10.527
388469.500 130575.500 -10.512
388469.500 130576.500 -10.515
388469.500 130577.500 -10.475
388469.500 130578.500 -10.418
388469.500 130579.500 -10.380
388469.500 130580.500 -10.360
388469.500 130581.500 -10.410
388469.500 130582.500 -10.407
388469.500 130583.500 -10.355
388469.500 130584.500 -10.353
388469.500 130585.500 -10.345
388469.500 130586.500 -10.370
388469.500 130587.500 -10.412
388469.500 130588.500 -10.465
388469.500 130589.500 -10.470
388469.500 130590.500 -10.490
388469.500 130591.500 -10.522
388470.500 130537.500 -11.675
388470.500 130538.500 -11.690
388470.500 130539.500 -11.742
388470.500 130540.500 -11.763
388470.500 130541.500 -11.782
388470.500 130542.500 -11.785
388470.500 130543.500 -11.790
388470.500 130544.500 -11.795
388470.500 130545.500 -11.762
388470.500 130546.500 -11.748
388470.500 130547.500 -11.725
388470.500 130548.500 -11.705
388470.500 130549.500 -11.672
388470.500 130550.500 -11.632
388470.500 130551.500 -11.607
388470.500 130552.500 -11.592
388470.500 130553.500 -11.507
388470.500 130554.500 -11.402
388470.500 130555.500 -11.270
388470.500 130556.500 -11.185
388470.500 130557.500 -11.112
388470.500 130558.500 -11.060
388470.500 130559.500 -10.992
388470.500 130560.500 -10.960
388470.500 130561.500 -10.967
388470.500 130562.500 -10.955
388470.500 130563.500 -10.930
388470.500 130564.500 -10.893
388470.500 130565.500 -10.883
388470.500 130566.500 -10.855
388470.500 130567.500 -10.812
388470.500 130568.500 -10.792
388470.500 130569.500 -10.742
388470.500 130570.500 -10.675
388470.500 130571.500 -10.625
388470.500 130572.500 -10.588
388470.500 130573.500 -10.572
388470.500 130574.500 -10.520
388470.500 130575.500 -10.505
388470.500 130576.500 -10.497
388470.500 130577.500 -10.482
388470.500 130578.500 -10.428
388470.500 130579.500 -10.415
388470.500 130580.500 -10.375
388470.500 130581.500 -10.403
388470.500 130582.500 -10.402
388470.500 130583.500 -10.367
388470.500 130584.500 -10.338
388470.500 130585.500 -10.305
388470.500 130586.500 -10.330
388470.500 130587.500 -10.377
388470.500 130588.500 -10.420
388470.500 130589.500 -10.443
388470.500 130590.500 -10.490
388470.500 130591.500 -10.518
388471.500 130539.500 -11.717
388471.500 130540.500 -11.713
388471.500 130541.500 -11.745
388471.500 130542.500 -11.768
388471.500 130543.500 -11.777
388471.500 130544.500 -11.795
388471.500 130545.500 -11.790
388471.500 130546.500 -11.785
388471.500 130547.500 -11.762
388471.500 130548.500 -11.728
388471.500 130549.500 -11.700
388471.500 130550.500 -11.650
388471.500 130551.500 -11.630
388471.500 130552.500 -11.635
388471.500 130553.500 -11.550
388471.500 130554.500 -11.442
388471.500 130555.500 -11.320
388471.500 130556.500 -11.235
388471.500 130557.500 -11.153
388471.500 130558.500 -11.102
388471.500 130559.500 -11.042
388471.500 130560.500 -10.960
388471.500 130561.500 -10.970
388471.500 130562.500 -10.940
388471.500 130563.500 -10.925
388471.500 130564.500 -10.905
388471.500 130565.500 -10.875
388471.500 130566.500 -10.852
388471.500 130567.500 -10.830
388471.500 130568.500 -10.795
388471.500 130569.500 -10.753
388471.500 130570.500 -10.702
388471.500 130571.500 -10.648
388471.500 130572.500 -10.610
388471.500 130573.500 -10.577
388471.500 130574.500 -10.527
388471.500 130575.500 -10.505
388471.500 130576.500 -10.488
388471.500 130577.500 -10.480
388471.500 130578.500 -10.455
388471.500 130579.500 -10.410
388471.500 130580.500 -10.400
388471.500 130581.500 -10.412
388471.500 130582.500 -10.393
388471.500 130583.500 -10.345
388471.500 130584.500 -10.335
388471.500 130585.500 -10.320
388471.500 130586.500 -10.315
388471.500 130587.500 -10.322
388471.500 130588.500 -10.375
388471.500 130589.500 -10.425
388471.500 130590.500 -10.462
388471.500 130591.500 -10.497
388472.500 130540.500 -11.690
388472.500 130541.500 -11.730
388472.500 130542.500 -11.763
388472.500 130543.500 -11.772
388472.500 130544.500 -11.780
388472.500 130545.500 -11.777
388472.500 130546.500 -11.782
388472.500 130547.500 -11.770
388472.500 130548.500 -11.725
388472.500 130549.500 -11.723
388472.500 130550.500 -11.680
388472.500 130551.500 -11.668
388472.500 130552.500 -11.647
388472.500 130553.500 -11.567
388472.500 130554.500 -11.472
388472.500 130555.500 -11.372
388472.500 130556.500 -11.272
388472.500 130557.500 -11.185
388472.500 130558.500 -11.143
388472.500 130559.500 -11.075
388472.500 130560.500 -10.990
388472.500 130561.500 -10.945
388472.500 130562.500 -10.938
388472.500 130563.500 -10.905
388472.500 130564.500 -10.895
388472.500 130565.500 -10.877
388472.500 130566.500 -10.867
388472.500 130567.500 -10.825
388472.500 130568.500 -10.805
388472.500 130569.500 -10.762
388472.500 130570.500 -10.727
388472.500 130571.500 -10.675
388472.500 130572.500 -10.632
388472.500 130573.500 -10.598
388472.500 130574.500 -10.550
388472.500 130575.500 -10.518
388472.500 130576.500 -10.500
388472.500 130577.500 -10.488
388472.500 130578.500 -10.475
388472.500 130579.500 -10.445
388472.500 130580.500 -10.417
388472.500 130581.500 -10.418
388472.500 130582.500 -10.390
388472.500 130583.500 -10.355
388472.500 130584.500 -10.340
388472.500 130585.500 -10.303
388472.500 130586.500 -10.282
388472.500 130587.500 -10.287
388472.500 130588.500 -10.337
388472.500 130589.500 -10.410
388472.500 130590.500 -10.440
388472.500 130591.500 -10.478
388473.500 130542.500 -11.745
388473.500 130543.500 -11.748
388473.500 130544.500 -11.757
388473.500 130545.500 -11.768
388473.500 130546.500 -11.765
388473.500 130547.500 -11.748
388473.500 130548.500 -11.732
388473.500 130549.500 -11.705
388473.500 130550.500 -11.672
388473.500 130551.500 -11.668
388473.500 130552.500 -11.658
388473.500 130553.500 -11.575
388473.500 130554.500 -11.460
388473.500 130555.500 -11.370
388473.500 130556.500 -11.285
388473.500 130557.500 -11.212
388473.500 130558.500 -11.162
388473.500 130559.500 -11.092
388473.500 130560.500 -11.025
388473.500 130561.500 -10.955
388473.500 130562.500 -10.935
388473.500 130563.500 -10.903
388473.500 130564.500 -10.890
388473.500 130565.500 -10.880
388473.500 130566.500 -10.885
388473.500 130567.500 -10.835
388473.500 130568.500 -10.815
388473.500 130569.500 -10.785
388473.500 130570.500 -10.752
388473.500 130571.500 -10.715
388473.500 130572.500 -10.670
388473.500 130573.500 -10.625
388473.500 130574.500 -10.577
388473.500 130575.500 -10.542
388473.500 130576.500 -10.510
388473.500 130577.500 -10.482
388473.500 130578.500 -10.472
388473.500 130579.500 -10.455
388473.500 130580.500 -10.430
388473.500 130581.500 -10.430
388473.500 130582.500 -10.402
388473.500 130583.500 -10.377
388473.500 130584.500 -10.345
388473.500 130585.500 -10.335
388473.500 130586.500 -10.300
388473.500 130587.500 -10.292
388473.500 130588.500 -10.338
388473.500 130589.500 -10.402
388473.500 130590.500 -10.435
388473.500 130591.500 -10.452
388474.500 130544.500 -11.732
388474.500 130545.500 -11.752
388474.500 130546.500 -11.735
388474.500 130547.500 -11.710
388474.500 130548.500 -11.713
388474.500 130549.500 -11.695
388474.500 130550.500 -11.670
388474.500 130551.500 -11.645
388474.500 130552.500 -11.610
388474.500 130553.500 -11.562
388474.500 130554.500 -11.478
388474.500 130555.500 -11.390
388474.500 130556.500 -11.305
388474.500 130557.500 -11.213
388474.500 130558.500 -11.160
388474.500 130559.500 -11.085
388474.500 130560.500 -11.052
388474.500 130561.500 -10.977
388474.500 130562.500 -10.932
388474.500 130563.500 -10.902
388474.500 130564.500 -10.882
388474.500 130565.500 -10.875
388474.500 130566.500 -10.897
388474.500 130567.500 -10.855
388474.500 130568.500 -10.822
388474.500 130569.500 -10.792
388474.500 130570.500 -10.768
388474.500 130571.500 -10.715
388474.500 130572.500 -10.685
388474.500 130573.500 -10.655
388474.500 130574.500 -10.607
388474.500 130575.500 -10.560
388474.500 130576.500 -10.520
388474.500 130577.500 -10.490
388474.500 130578.500 -10.485
388474.500 130579.500 -10.465
388474.500 130580.500 -10.440
388474.500 130581.500 -10.432
388474.500 130582.500 -10.400
388474.500 130583.500 -10.365
388474.500 130584.500 -10.355
388474.500 130585.500 -10.357
388474.500 130586.500 -10.345
388474.500 130587.500 -10.350
388474.500 130588.500 -10.390
388474.500 130589.500 -10.413
388474.500 130590.500 -10.418
388474.500 130591.500 -10.428
388475.500 130545.500 -11.718
388475.500 130546.500 -11.695
388475.500 130547.500 -11.697
388475.500 130548.500 -11.697
388475.500 130549.500 -11.700
388475.500 130550.500 -11.670
388475.500 130551.500 -11.632
388475.500 130552.500 -11.595
388475.500 130553.500 -11.565
388475.500 130554.500 -11.487
388475.500 130555.500 -11.415
388475.500 130556.500 -11.332
388475.500 130557.500 -11.227
388475.500 130558.500 -11.155
388475.500 130559.500 -11.090
388475.500 130560.500 -11.037
388475.500 130561.500 -10.995
388475.500 130562.500 -10.930
388475.500 130563.500 -10.890
388475.500 130564.500 -10.887
388475.500 130565.500 -10.895
388475.500 130566.500 -10.898
388475.500 130567.500 -10.865
388475.500 130568.500 -10.822
388475.500 130569.500 -10.810
388475.500 130570.500 -10.787
388475.500 130571.500 -10.752
388475.500 130572.500 -10.715
388475.500 130573.500 -10.675
388475.500 130574.500 -10.635
388475.500 130575.500 -10.578
388475.500 130576.500 -10.537
388475.500 130577.500 -10.527
388475.500 130578.500 -10.505
388475.500 130579.500 -10.473
388475.500 130580.500 -10.442
388475.500 130581.500 -10.420
388475.500 130582.500 -10.390
388475.500 130583.500 -10.338
388475.500 130584.500 -10.318
388475.500 130585.500 -10.330
388475.500 130586.500 -10.347
388475.500 130587.500 -10.380
388475.500 130588.500 -10.403
388475.500 130589.500 -10.393
388475.500 130590.500 -10.375
388475.500 130591.500 -10.382
388476.500 130547.500 -11.675
388476.500 130548.500 -11.688
388476.500 130549.500 -11.682
388476.500 130550.500 -11.658
388476.500 130551.500 -11.617
388476.500 130552.500 -11.575
388476.500 130553.500 -11.560
388476.500 130554.500 -11.520
388476.500 130555.500 -11.445
388476.500 130556.500 -11.373
388476.500 130557.500 -11.282
388476.500 130558.500 -11.193
388476.500 130559.500 -11.112
388476.500 130560.500 -11.055
388476.500 130561.500 -10.998
388476.500 130562.500 -10.915
388476.500 130563.500 -10.867
388476.500 130564.500 -10.862
388476.500 130565.500 -10.882
388476.500 130566.500 -10.893
388476.500 130567.500 -10.865
388476.500 130568.500 -10.833
388476.500 130569.500 -10.810
388476.500 130570.500 -10.797
388476.500 130571.500 -10.772
388476.500 130572.500 -10.723
388476.500 130573.500 -10.682
388476.500 130574.500 -10.632
388476.500 130575.500 -10.580
388476.500 130576.500 -10.557
388476.500 130577.500 -10.520
388476.500 130578.500 -10.480
388476.500 130579.500 -10.462
388476.500 130580.500 -10.435
388476.500 130581.500 -10.415
388476.500 130582.500 -10.390
388476.500 130583.500 -10.330
388476.500 130584.500 -10.292
388476.500 130585.500 -10.312
388476.500 130586.500 -10.342
388476.500 130587.500 -10.375
388476.500 130588.500 -10.372
388476.500 130589.500 -10.365
388476.500 130590.500 -10.352
388476.500 130591.500 -10.348
388477.500 130548.500 -11.690
388477.500 130549.500 -11.665
388477.500 130550.500 -11.647
388477.500 130551.500 -11.595
388477.500 130552.500 -11.565
388477.500 130553.500 -11.545
388477.500 130554.500 -11.517
388477.500 130555.500 -11.465
388477.500 130556.500 -11.393
388477.500 130557.500 -11.317
388477.500 130558.500 -11.213
388477.500 130559.500 -11.150
388477.500 130560.500 -11.075
388477.500 130561.500 -11.018
388477.500 130562.500 -10.940
388477.500 130563.500 -10.880
388477.500 130564.500 -10.848
388477.500 130565.500 -10.860
388477.500 130566.500 -10.873
388477.500 130567.500 -10.873
388477.500 130568.500 -10.843
388477.500 130569.500 -10.820
388477.500 130570.500 -10.805
388477.500 130571.500 -10.772
388477.500 130572.500 -10.735
388477.500 130573.500 -10.690
388477.500 130574.500 -10.638
388477.500 130575.500 -10.595
388477.500 130576.500 -10.568
388477.500 130577.500 -10.522
388477.500 130578.500 -10.485
388477.500 130579.500 -10.470
388477.500 130580.500 -10.435
388477.500 130581.500 -10.425
388477.500 130582.500 -10.395
388477.500 130583.500 -10.348
388477.500 130584.500 -10.295
388477.500 130585.500 -10.328
388477.500 130586.500 -10.350
388477.500 130587.500 -10.367
388477.500 130588.500 -10.348
388477.500 130589.500 -10.352
388477.500 130590.500 -10.345
388477.500 130591.500 -10.353
388478.500 130550.500 -11.625
388478.500 130551.500 -11.590
388478.500 130552.500 -11.550
388478.500 130553.500 -11.537
388478.500 130554.500 -11.502
388478.500 130555.500 -11.455
388478.500 130556.500 -11.395
388478.500 130557.500 -11.305
388478.500 130558.500 -11.230
388478.500 130559.500 -11.160
388478.500 130560.500 -11.112
388478.500 130561.500 -11.040
388478.500 130562.500 -10.960
388478.500 130563.500 -10.883
388478.500 130564.500 -10.855
388478.500 130565.500 -10.860
388478.500 130566.500 -10.882
388478.500 130567.500 -10.873
388478.500 130568.500 -10.848
388478.500 130569.500 -10.838
388478.500 130570.500 -10.807
388478.500 130571.500 -10.780
388478.500 130572.500 -10.748
388478.500 130573.500 -10.695
388478.500 130574.500 -10.645
388478.500 130575.500 -10.605
388478.500 130576.500 -10.575
388478.500 130577.500 -10.545
388478.500 130578.500 -10.520
388478.500 130579.500 -10.505
388478.500 130580.500 -10.457
388478.500 130581.500 -10.430
388478.500 130582.500 -10.405
388478.500 130583.500 -10.390
388478.500 130584.500 -10.335
388478.500 130585.500 -10.330
388478.500 130586.500 -10.352
388478.500 130587.500 -10.362
388478.500 130588.500 -10.360
388478.500 130589.500 -10.350
388478.500 130590.500 -10.348
388478.500 130591.500 -10.377
388479.500 130552.500 -11.533
388479.500 130553.500 -11.500
388479.500 130554.500 -11.495
388479.500 130555.500 -11.455
388479.500 130556.500 -11.412
388479.500 130557.500 -11.325
388479.500 130558.500 -11.223
388479.500 130559.500 -11.168
388479.500 130560.500 -11.107
388479.500 130561.500 -11.053
388479.500 130562.500 -10.960
388479.500 130563.500 -10.918
388479.500 130564.500 -10.877
388479.500 130565.500 -10.875
388479.500 130566.500 -10.873
388479.500 130567.500 -10.875
388479.500 130568.500 -10.860
388479.500 130569.500 -10.835
388479.500 130570.500 -10.812
388479.500 130571.500 -10.792
388479.500 130572.500 -10.765
388479.500 130573.500 -10.715
388479.500 130574.500 -10.672
388479.500 130575.500 -10.635
388479.500 130576.500 -10.582
388479.500 130577.500 -10.533
388479.500 130578.500 -10.525
388479.500 130579.500 -10.515
388479.500 130580.500 -10.462
388479.500 130581.500 -10.445
388479.500 130582.500 -10.428
388479.500 130583.500 -10.402
388479.500 130584.500 -10.375
388479.500 130585.500 -10.340
388479.500 130586.500 -10.352
388479.500 130587.500 -10.357
388479.500 130588.500 -10.355
388479.500 130589.500 -10.355
388479.500 130590.500 -10.377
388479.500 130591.500 -10.377
388480.500 130553.500 -11.530
388480.500 130554.500 -11.527
388480.500 130555.500 -11.490
388480.500 130556.500 -11.430
388480.500 130557.500 -11.345
388480.500 130558.500 -11.240
388480.500 130559.500 -11.187
388480.500 130560.500 -11.127
388480.500 130561.500 -11.062
388480.500 130562.500 -10.957
388480.500 130563.500 -10.910
388480.500 130564.500 -10.890
388480.500 130565.500 -10.867
388480.500 130566.500 -10.850
388480.500 130567.500 -10.865
388480.500 130568.500 -10.847
388480.500 130569.500 -10.830
388480.500 130570.500 -10.822
388480.500 130571.500 -10.792
388480.500 130572.500 -10.768
388480.500 130573.500 -10.715
388480.500 130574.500 -10.680
388480.500 130575.500 -10.652
388480.500 130576.500 -10.605
388480.500 130577.500 -10.542
388480.500 130578.500 -10.518
388480.500 130579.500 -10.507
388480.500 130580.500 -10.487
388480.500 130581.500 -10.465
388480.500 130582.500 -10.438
388480.500 130583.500 -10.413
388480.500 130584.500 -10.383
388480.500 130585.500 -10.355
388480.500 130586.500 -10.355
388480.500 130587.500 -10.352
388480.500 130588.500 -10.342
388480.500 130589.500 -10.373
388480.500 130590.500 -10.385
388480.500 130591.500 -10.350
388481.500 130555.500 -11.492
388481.500 130556.500 -11.445
388481.500 130557.500 -11.363
388481.500 130558.500 -11.260
388481.500 130559.500 -11.210
388481.500 130560.500 -11.158
388481.500 130561.500 -11.077
388481.500 130562.500 -10.987
388481.500 130563.500 -10.912
388481.500 130564.500 -10.885
388481.500 130565.500 -10.875
388481.500 130566.500 -10.827
388481.500 130567.500 -10.830
388481.500 130568.500 -10.842
388481.500 130569.500 -10.830
388481.500 130570.500 -10.812
388481.500 130571.500 -10.787
388481.500 130572.500 -10.765
388481.500 130573.500 -10.707
388481.500 130574.500 -10.707
388481.500 130575.500 -10.680
388481.500 130576.500 -10.627
388481.500 130577.500 -10.588
388481.500 130578.500 -10.550
388481.500 130579.500 -10.520
388481.500 130580.500 -10.510
388481.500 130581.500 -10.480
388481.500 130582.500 -10.447
388481.500 130583.500 -10.415
388481.500 130584.500 -10.400
388481.500 130585.500 -10.375
388481.500 130586.500 -10.365
388481.500 130587.500 -10.350
388481.500 130588.500 -10.355
388481.500 130589.500 -10.373
388481.500 130590.500 -10.360
388481.500 130591.500 -10.280
388482.500 130556.500 -11.455
388482.500 130557.500 -11.395
388482.500 130558.500 -11.280
388482.500 130559.500 -11.260
388482.500 130560.500 -11.173
388482.500 130561.500 -11.092
388482.500 130562.500 -10.995
388482.500 130563.500 -10.918
388482.500 130564.500 -10.887
388482.500 130565.500 -10.877
388482.500 130566.500 -10.840
388482.500 130567.500 -10.815
388482.500 130568.500 -10.845
388482.500 130569.500 -10.830
388482.500 130570.500 -10.825
388482.500 130571.500 -10.800
388482.500 130572.500 -10.765
388482.500 130573.500 -10.722
388482.500 130574.500 -10.710
388482.500 130575.500 -10.672
388482.500 130576.500 -10.658
388482.500 130577.500 -10.615
388482.500 130578.500 -10.572
388482.500 130579.500 -10.533
388482.500 130580.500 -10.498
388482.500 130581.500 -10.480
388482.500 130582.500 -10.447
388482.500 130583.500 -10.450
388482.500 130584.500 -10.450
388482.500 130585.500 -10.425
388482.500 130586.500 -10.385
388482.500 130587.500 -10.375
388482.500 130588.500 -10.367
388482.500 130589.500 -10.370
388482.500 130590.500 -10.325
388482.500 130591.500 -10.258
388483.500 130558.500 -11.357
388483.500 130559.500 -11.285
388483.500 130560.500 -11.188
388483.500 130561.500 -11.087
388483.500 130562.500 -10.998
388483.500 130563.500 -10.918
388483.500 130564.500 -10.897
388483.500 130565.500 -10.880
388483.500 130566.500 -10.842
388483.500 130567.500 -10.807
388483.500 130568.500 -10.825
388483.500 130569.500 -10.833
388483.500 130570.500 -10.825
388483.500 130571.500 -10.805
388483.500 130572.500 -10.780
388483.500 130573.500 -10.740
388483.500 130574.500 -10.693
388483.500 130575.500 -10.675
388483.500 130576.500 -10.660
388483.500 130577.500 -10.612
388483.500 130578.500 -10.580
388483.500 130579.500 -10.558
388483.500 130580.500 -10.513
388483.500 130581.500 -10.495
388483.500 130582.500 -10.465
388483.500 130583.500 -10.482
388483.500 130584.500 -10.473
388483.500 130585.500 -10.435
388483.500 130586.500 -10.410
388483.500 130587.500 -10.402
388483.500 130588.500 -10.397
388483.500 130589.500 -10.382
388483.500 130590.500 -10.318
388483.500 130591.500 -10.280
388484.500 130560.500 -11.195
388484.500 130561.500 -11.130
388484.500 130562.500 -11.035
388484.500 130563.500 -10.965
388484.500 130564.500 -10.930
388484.500 130565.500 -10.885
388484.500 130566.500 -10.835
388484.500 130567.500 -10.810
388484.500 130568.500 -10.795
388484.500 130569.500 -10.803
388484.500 130570.500 -10.818
388484.500 130571.500 -10.813
388484.500 130572.500 -10.777
388484.500 130573.500 -10.755
388484.500 130574.500 -10.700
388484.500 130575.500 -10.680
388484.500 130576.500 -10.660
388484.500 130577.500 -10.612
388484.500 130578.500 -10.595
388484.500 130579.500 -10.568
388484.500 130580.500 -10.535
388484.500 130581.500 -10.515
388484.500 130582.500 -10.495
388484.500 130583.500 -10.483
388484.500 130584.500 -10.472
388484.500 130585.500 -10.452
388484.500 130586.500 -10.435
388484.500 130587.500 -10.418
388484.500 130588.500 -10.408
388484.500 130589.500 -10.393
388484.500 130590.500 -10.325
388484.500 130591.500 -10.312
388485.500 130561.500 -11.137
388485.500 130562.500 -11.053
388485.500 130563.500 -10.995
388485.500 130564.500 -10.957
388485.500 130565.500 -10.905
388485.500 130566.500 -10.838
388485.500 130567.500 -10.802
388485.500 130568.500 -10.768
388485.500 130569.500 -10.772
388485.500 130570.500 -10.792
388485.500 130571.500 -10.792
388485.500 130572.500 -10.780
388485.500 130573.500 -10.752
388485.500 130574.500 -10.707
388485.500 130575.500 -10.697
388485.500 130576.500 -10.685
388485.500 130577.500 -10.643
388485.500 130578.500 -10.595
388485.500 130579.500 -10.560
388485.500 130580.500 -10.540
388485.500 130581.500 -10.520
388485.500 130582.500 -10.483
388485.500 130583.500 -10.490
388485.500 130584.500 -10.470
388485.500 130585.500 -10.480
388485.500 130586.500 -10.473
388485.500 130587.500 -10.460
388485.500 130588.500 -10.438
388485.500 130589.500 -10.360
388485.500 130590.500 -10.350
388485.500 130591.500 -10.338
388486.500 130563.500 -11.010
388486.500 130564.500 -10.947
388486.500 130565.500 -10.910
388486.500 130566.500 -10.853
388486.500 130567.500 -10.780
388486.500 130568.500 -10.737
388486.500 130569.500 -10.738
388486.500 130570.500 -10.755
388486.500 130571.500 -10.770
388486.500 130572.500 -10.758
388486.500 130573.500 -10.730
388486.500 130574.500 -10.702
388486.500 130575.500 -10.700
388486.500 130576.500 -10.682
388486.500 130577.500 -10.637
388486.500 130578.500 -10.602
388486.500 130579.500 -10.563
388486.500 130580.500 -10.535
388486.500 130581.500 -10.522
388486.500 130582.500 -10.492
388486.500 130583.500 -10.488
388486.500 130584.500 -10.475
388486.500 130585.500 -10.498
388486.500 130586.500 -10.492
388486.500 130587.500 -10.477
388486.500 130588.500 -10.415
388486.500 130589.500 -10.355
388486.500 130590.500 -10.357
388486.500 130591.500 -10.360
388487.500 130564.500 -10.947
388487.500 130565.500 -10.908
388487.500 130566.500 -10.865
388487.500 130567.500 -10.800
388487.500 130568.500 -10.742
388487.500 130569.500 -10.715
388487.500 130570.500 -10.738
388487.500 130571.500 -10.740
388487.500 130572.500 -10.717
388487.500 130573.500 -10.710
388487.500 130574.500 -10.710
388487.500 130575.500 -10.682
388487.500 130576.500 -10.650
388487.500 130577.500 -10.642
388487.500 130578.500 -10.617
388487.500 130579.500 -10.580
388487.500 130580.500 -10.537
388487.500 130581.500 -10.507
388487.500 130582.500 -10.485
388487.500 130583.500 -10.465
388487.500 130584.500 -10.457
388487.500 130585.500 -10.490
388487.500 130586.500 -10.498
388487.500 130587.500 -10.470
388487.500 130588.500 -10.410
388487.500 130589.500 -10.367
388487.500 130590.500 -10.355
388487.500 130591.500 -10.352
388488.500 130566.500 -10.867
388488.500 130567.500 -10.800
388488.500 130568.500 -10.780
388488.500 130569.500 -10.723
388488.500 130570.500 -10.697
388488.500 130571.500 -10.710
388488.500 130572.500 -10.710
388488.500 130573.500 -10.723
388488.500 130574.500 -10.712
388488.500 130575.500 -10.678
388488.500 130576.500 -10.640
388488.500 130577.500 -10.632
388488.500 130578.500 -10.615
388488.500 130579.500 -10.585
388488.500 130580.500 -10.547
388488.500 130581.500 -10.532
388488.500 130582.500 -10.485
388488.500 130583.500 -10.452
388488.500 130584.500 -10.445
388488.500 130585.500 -10.457
388488.500 130586.500 -10.450
388488.500 130587.500 -10.462
388488.500 130588.500 -10.390
388488.500 130589.500 -10.352
388488.500 130590.500 -10.328
388488.500 130591.500 -10.330
388489.500 130568.500 -10.780
388489.500 130569.500 -10.723
388489.500 130570.500 -10.675
388489.500 130571.500 -10.697
388489.500 130572.500 -10.685
388489.500 130573.500 -10.685
388489.500 130574.500 -10.687
388489.500 130575.500 -10.678
388489.500 130576.500 -10.645
388489.500 130577.500 -10.637
388489.500 130578.500 -10.625
388489.500 130579.500 -10.580
388489.500 130580.500 -10.572
388489.500 130581.500 -10.553
388489.500 130582.500 -10.507
388489.500 130583.500 -10.477
388489.500 130584.500 -10.467
388489.500 130585.500 -10.463
388489.500 130586.500 -10.445
388489.500 130587.500 -10.452
388489.500 130588.500 -10.375
388489.500 130589.500 -10.357
388489.500 130590.500 -10.322
388489.500 130591.500 -10.320
388490.500 130569.500 -10.725
388490.500 130570.500 -10.660
388490.500 130571.500 -10.695
388490.500 130572.500 -10.705
388490.500 130573.500 -10.702
388490.500 130574.500 -10.693
388490.500 130575.500 -10.678
388490.500 130576.500 -10.643
388490.500 130577.500 -10.630
388490.500 130578.500 -10.612
388490.500 130579.500 -10.590
388490.500 130580.500 -10.570
388490.500 130581.500 -10.565
388490.500 130582.500 -10.532
388490.500 130583.500 -10.490
388490.500 130584.500 -10.485
388490.500 130585.500 -10.475
388490.500 130586.500 -10.450
388490.500 130587.500 -10.438
388490.500 130588.500 -10.360
388490.500 130589.500 -10.340
388490.500 130590.500 -10.320
388490.500 130591.500 -10.325
388491.500 130571.500 -10.638
388491.500 130572.500 -10.680
388491.500 130573.500 -10.700
388491.500 130574.500 -10.690
388491.500 130575.500 -10.678
388491.500 130576.500 -10.645
388491.500 130577.500 -10.620
388491.500 130578.500 -10.602
388491.500 130579.500 -10.580
388491.500 130580.500 -10.580
388491.500 130581.500 -10.588
388491.500 130582.500 -10.577
388491.500 130583.500 -10.520
388491.500 130584.500 -10.485
388491.500 130585.500 -10.467
388491.500 130586.500 -10.440
388491.500 130587.500 -10.380
388491.500 130588.500 -10.357
388491.500 130589.500 -10.340
388491.500 130590.500 -10.340
388491.500 130591.500 -10.345
388492.500 130572.500 -10.678
388492.500 130573.500 -10.712
388492.500 130574.500 -10.707
388492.500 130575.500 -10.682
388492.500 130576.500 -10.670
388492.500 130577.500 -10.643
388492.500 130578.500 -10.590
388492.500 130579.500 -10.602
388492.500 130580.500 -10.595
388492.500 130581.500 -10.592
388492.500 130582.500 -10.572
388492.500 130583.500 -10.527
388492.500 130584.500 -10.468
388492.500 130585.500 -10.443
388492.500 130586.500 -10.432
388492.500 130587.500 -10.360
388492.500 130588.500 -10.350
388492.500 130589.500 -10.342
388492.500 130590.500 -10.370
388492.500 130591.500 -10.357
388493.500 130574.500 -10.725
388493.500 130575.500 -10.727
388493.500 130576.500 -10.703
388493.500 130577.500 -10.662
388493.500 130578.500 -10.610
388493.500 130579.500 -10.620
388493.500 130580.500 -10.595
388493.500 130581.500 -10.582
388493.500 130582.500 -10.557
388493.500 130583.500 -10.520
388493.500 130584.500 -10.460
388493.500 130585.500 -10.428
388493.500 130586.500 -10.397
388493.500 130587.500 -10.338
388493.500 130588.500 -10.330
388493.500 130589.500 -10.330
388493.500 130590.500 -10.338
388493.500 130591.500 -10.348
388494.500 130576.500 -10.725
388494.500 130577.500 -10.668
388494.500 130578.500 -10.640
388494.500 130579.500 -10.642
388494.500 130580.500 -10.605
388494.500 130581.500 -10.570
388494.500 130582.500 -10.545
388494.500 130583.500 -10.500
388494.500 130584.500 -10.475
388494.500 130585.500 -10.440
388494.500 130586.500 -10.377
388494.500 130587.500 -10.333
388494.500 130588.500 -10.340
388494.500 130589.500 -10.335
388494.500 130590.500 -10.320
388494.500 130591.500 -10.330
